# Blender 5.2.0 LTS
# www.blender.org
mtllib cg.mtl
o Lake
v -76.629974 3.091908 76.629974
v 76.629974 2.527405 76.629974
v -76.629974 1.565290 -76.629974
v 76.629974 1.911420 -76.629974
v -73.564774 3.243473 76.629974
v -70.499573 3.337733 76.629974
v -67.434380 3.369751 76.629974
v -64.369179 3.337733 76.629974
v -61.303978 3.243473 76.629974
v -58.238777 3.091908 76.629974
v -55.173584 2.890156 76.629974
v -52.108383 2.646629 76.629974
v -49.043186 2.370449 76.629974
v -45.977982 2.071116 76.629974
v -42.912785 1.758347 76.629974
v -39.847588 1.441974 76.629974
v -36.782387 1.131902 76.629974
v -33.717190 0.838077 76.629974
v -30.651989 0.570474 76.629974
v -27.586792 0.339674 76.629974
v -24.521593 0.156640 76.629974
v -21.456392 0.025578 76.629974
v -18.391193 -0.034485 76.629974
v -15.325994 0.168933 76.629974
v -12.260797 0.627835 76.629974
v -9.195597 1.234625 76.629974
v -6.130398 1.886146 76.629974
v -3.065199 2.479238 76.629974
v 0.000000 2.910743 76.629974
v 3.065199 3.077502 76.629974
v 6.130398 2.910743 76.629974
v 9.195597 2.479238 76.629974
v 12.260797 1.886146 76.629974
v 15.325994 1.234626 76.629974
v 18.391193 0.627835 76.629974
v 21.460428 0.193526 76.629974
v 24.534588 0.048531 76.631439
v 27.607546 0.063657 76.635162
v 30.675730 0.079528 76.638550
v 33.737873 0.139369 76.639992
v 36.795200 0.283810 76.638870
v 39.851456 0.540144 76.635628
v 42.912785 0.911538 76.631798
v 45.977982 1.371043 76.629974
v 49.043186 1.867306 76.629974
v 52.108383 2.335448 76.629974
v 55.173584 2.704937 76.629974
v 58.238777 2.909697 76.629974
v 61.303978 3.012648 76.629974
v 64.369179 3.047709 76.629974
v 67.434380 3.012648 76.629974
v 70.499573 2.909697 76.629974
v 73.564774 2.744997 76.629974
v 73.564774 2.040762 -76.629974
v 70.499573 1.911419 -76.629974
v 67.434380 1.561051 -76.629974
v 64.369179 1.079183 -76.629974
v 61.303978 0.575040 -76.629974
v 58.238777 0.163831 -76.629974
v 55.173584 -0.037298 -76.629974
v 52.108383 -0.042125 -76.629974
v 49.043186 -0.042125 -76.629974
v 45.977982 -0.042125 -76.629974
v 42.912785 -0.042125 -76.629974
v 39.847588 -0.042125 -76.629974
v 36.782387 -0.042125 -76.629974
v 33.717190 -0.042125 -76.629974
v 30.651989 -0.042125 -76.629974
v 27.586792 -0.042125 -76.629974
v 24.521593 -0.033600 -76.629974
v 21.456392 0.057128 -76.630882
v 18.391193 0.229698 -76.646576
v 15.325994 0.462453 -76.672478
v 12.260797 0.733736 -76.698235
v 9.195597 1.021891 -76.716240
v 6.130398 1.305269 -76.721916
v 3.065199 1.562233 -76.713997
v 0.000000 1.771177 -76.694504
v -3.065199 1.910671 -76.668526
v -6.130398 1.960619 -76.643822
v -9.195597 1.910671 -76.630333
v -12.260797 1.771177 -76.629974
v -15.325994 1.562233 -76.629974
v -18.391193 1.305269 -76.629974
v -21.456392 1.021891 -76.629974
v -24.521593 0.733736 -76.629974
v -27.586792 0.479996 -76.629974
v -30.651989 0.435207 -76.629974
v -33.717190 0.620259 -76.629974
v -36.782387 1.011776 -76.629974
v -39.847588 1.565291 -76.629974
v -42.912785 2.162286 -76.629974
v -45.977982 2.749386 -76.629974
v -49.043186 3.281757 -76.629974
v -52.108383 3.714643 -76.629974
v -55.173584 4.003645 -76.629974
v -58.238777 4.107126 -76.629974
v -61.303978 4.003645 -76.629974
v -64.369179 3.714643 -76.629974
v -67.434380 3.281756 -76.629974
v -70.499573 2.749386 -76.629974
v -73.564774 2.162286 -76.629974
v -76.629974 1.612441 -73.564774
v -76.629974 1.508021 -70.499573
v -76.629974 1.248403 -67.434380
v -76.629974 0.865428 -64.369179
v -76.629974 0.399744 -61.303978
v -76.629974 -0.101347 -58.238777
v -76.629974 -0.585987 -55.173584
v -76.629974 -0.999467 -52.108383
v -76.629974 -1.285535 -49.043186
v -76.629974 -1.404286 -45.978230
v -76.629974 -1.438140 -42.917297
v -76.629974 -1.404286 -39.858440
v -76.629974 -1.307891 -36.798386
v -76.629974 -1.161241 -33.735115
v -76.629974 -0.900959 -30.667942
v -76.629974 -0.488569 -27.597521
v -76.629974 0.025208 -24.525902
v -76.629974 0.589420 -21.456553
v -76.629974 1.152992 -18.391193
v -76.629974 1.665040 -15.325994
v -76.629974 2.075442 -12.260797
v -76.629974 2.361941 -9.195597
v -76.629974 2.546866 -6.130398
v -76.629974 2.611190 -3.065199
v -76.629974 2.546866 0.000000
v -76.629974 2.361941 3.065199
v -76.629974 2.077499 6.130398
v -76.629974 1.726119 9.195597
v -76.629974 1.616274 12.260797
v -76.629974 1.858060 15.325994
v -76.629974 2.397488 18.391193
v -76.629974 3.126402 21.456392
v -76.629974 3.930277 24.521593
v -76.629974 4.694145 27.586792
v -76.629974 5.209116 30.651989
v -76.629974 5.288658 33.717190
v -76.629974 5.017782 36.782387
v -76.629974 4.530190 39.847588
v -76.629974 3.960086 42.912785
v -76.629974 3.441695 45.977982
v -76.629974 3.108790 49.043186
v -76.629974 3.094278 52.108383
v -76.629974 3.306020 55.173584
v -76.629974 3.467728 58.238777
v -76.629974 3.568849 61.303978
v -76.629974 3.603327 64.369179
v -76.629974 3.568849 67.434380
v -76.629974 3.467729 70.499573
v -76.629974 3.306020 73.564774
v 76.629974 2.744997 73.564774
v 76.629974 2.909697 70.499573
v 76.629974 3.012648 67.434380
v 76.629974 3.047709 64.369179
v 76.629974 3.012648 61.303978
v 76.629974 2.909697 58.238777
v 76.629974 2.744997 55.173584
v 76.629974 2.527405 52.108383
v 76.629974 2.267387 49.043186
v 76.629974 1.976291 45.977982
v 76.629974 1.665941 42.912785
v 76.629974 1.348422 39.847588
v 76.629974 1.012727 36.782387
v 76.629974 0.540044 33.717190
v 76.629974 -0.005022 30.651989
v 76.629974 -0.537494 27.586792
v 76.629974 -0.987145 24.521593
v 76.629974 -1.283165 21.456392
v 76.629974 -1.321574 18.391193
v 76.629974 -0.928491 15.325994
v 76.629974 -0.234078 12.260797
v 76.629974 0.586847 9.195597
v 76.629974 1.371637 6.130398
v 76.629974 1.960381 3.065199
v 76.629974 2.197605 0.000000
v 76.629974 1.998378 -3.065199
v 76.629974 1.564320 -6.130398
v 76.629974 1.020380 -9.195597
v 76.629974 0.472345 -12.260797
v 76.629974 0.026647 -15.325994
v 76.629974 -0.225214 -18.391193
v 76.629974 -0.245786 -21.456392
v 76.629974 -0.223272 -24.521593
v 76.629974 -0.194203 -27.586792
v 76.629974 -0.160897 -30.651989
v 76.629974 -0.126174 -33.717190
v 76.629974 -0.093266 -36.782387
v 76.629974 -0.065741 -39.847588
v 76.629974 -0.047432 -42.912785
v 76.629974 -0.042125 -45.977982
v 76.629974 -0.042125 -49.043186
v 76.629974 -0.012411 -52.108383
v 76.629974 0.274170 -55.173584
v 76.629974 0.769261 -58.238777
v 76.629974 1.354423 -61.303978
v 76.629974 1.911421 -64.369179
v 76.629974 2.322944 -67.434380
v 76.629974 2.478998 -70.499573
v 76.629974 2.322943 -73.564774
v -73.564774 3.467728 73.564774
v -73.564774 3.638222 70.499573
v -73.564774 3.745704 67.434380
v -73.564774 3.782595 64.369179
v -73.564774 3.745705 61.303978
v -73.564774 3.638222 58.238777
v -73.564774 3.467728 55.173584
v -73.564774 3.243590 52.108383
v -73.564774 3.209838 49.043186
v -73.564774 3.494971 45.977982
v -73.564774 3.966238 42.912785
v -73.564774 4.489963 39.847588
v -73.564774 4.932168 36.782387
v -73.564774 5.159959 33.717190
v -73.564774 5.049660 30.651989
v -73.564774 4.548285 27.586792
v -73.564774 3.846951 24.521593
v -73.564774 3.106519 21.456392
v -73.564774 2.440452 18.391193
v -73.564774 1.963225 15.325994
v -73.564774 1.788003 12.260797
v -73.564774 1.971882 9.195597
v -73.564774 2.361941 6.130398
v -73.564774 2.676970 3.065199
v -73.564774 2.884044 0.000000
v -73.564774 2.956770 -3.065199
v -73.564774 2.884044 -6.130398
v -73.564774 2.676970 -9.195597
v -73.564774 2.356482 -12.260797
v -73.564774 1.899017 -15.328249
v -73.564774 1.336969 -18.408506
v -73.564774 0.721643 -21.496883
v -73.564774 0.104653 -24.587002
v -73.564774 -0.462432 -27.673677
v -73.564774 -0.928304 -30.753191
v -73.564774 -1.241931 -33.823399
v -73.564774 -1.404286 -36.883690
v -73.564774 -1.509074 -39.934856
v -73.564774 -1.546595 -42.979073
v -73.564774 -1.506550 -46.019882
v -73.564774 -1.292621 -49.062057
v -73.564774 -0.896607 -52.111477
v -73.564774 -0.377425 -55.173584
v -73.564774 0.206482 -58.238777
v -73.564774 0.797837 -61.303978
v -73.564774 1.341703 -64.369179
v -73.564774 1.787314 -67.434380
v -73.564774 2.090616 -70.499573
v -73.564774 2.217231 -73.564774
v -70.499573 3.568849 73.564774
v -70.499573 3.745705 70.499573
v -70.499573 3.858366 67.434380
v -70.499573 3.897520 64.369179
v -70.499573 3.858366 61.303978
v -70.499573 3.745705 58.238777
v -70.499573 3.568849 55.173584
v -70.499573 3.337733 52.108383
v -70.499573 3.201224 49.043186
v -70.499573 3.375825 45.977982
v -70.499573 3.738784 42.912785
v -70.499573 4.157930 39.847588
v -70.499573 4.502827 36.782387
v -70.499573 4.650139 33.717190
v -70.499573 4.500683 30.651989
v -70.499573 4.032697 27.586792
v -70.499573 3.423210 24.521593
v -70.499573 2.790523 21.456392
v -70.499573 2.238681 18.391193
v -70.499573 1.879004 15.325994
v -70.499573 1.825580 12.260797
v -70.499573 2.132199 9.195597
v -70.499573 2.546866 6.130398
v -70.499573 2.884045 3.065199
v -70.499573 3.109150 0.000000
v -70.499573 3.189752 -3.065199
v -70.499573 3.109150 -6.130398
v -70.499573 2.884045 -9.195666
v -70.499573 2.539995 -12.275509
v -70.499573 2.054808 -15.375011
v -70.499573 1.464004 -18.485868
v -70.499573 0.819331 -21.600220
v -70.499573 0.172664 -24.711098
v -70.499573 -0.424257 -27.812853
v -70.499573 -0.920013 -30.901484
v -70.499573 -1.263512 -33.974739
v -70.499573 -1.438141 -37.032043
v -70.499573 -1.546596 -40.074322
v -70.499573 -1.586363 -43.103954
v -70.499573 -1.506785 -46.124775
v -70.499573 -1.199922 -49.141880
v -70.499573 -0.713088 -52.161480
v -70.499573 -0.106327 -55.191032
v -70.499573 0.560377 -58.239162
v -70.499573 1.227596 -61.303978
v -70.499573 1.837495 -64.369179
v -70.499573 2.335633 -67.434380
v -70.499573 2.673859 -70.499573
v -70.499573 2.814363 -73.564774
v -67.434380 3.603327 73.564774
v -67.434380 3.782596 70.499573
v -67.434380 3.897520 67.434380
v -67.434380 3.938058 64.369179
v -67.434380 3.897519 61.303978
v -67.434380 3.782595 58.238777
v -67.434380 3.603326 55.173584
v -67.434380 3.369750 52.108383
v -67.434380 3.128443 49.043186
v -67.434380 3.138828 45.977982
v -67.434380 3.344148 42.912785
v -67.434380 3.616612 39.847588
v -67.434380 3.834036 36.782387
v -67.434380 3.888236 33.717190
v -67.434380 3.701802 30.651989
v -67.434380 3.269176 27.586792
v -67.434380 2.755792 24.521593
v -67.434380 2.252957 21.456392
v -67.434380 1.849965 18.391193
v -67.434380 1.650345 15.325994
v -67.434380 1.764713 12.260797
v -67.434380 2.187959 9.195597
v -67.434380 2.611190 6.130398
v -67.434380 2.956770 3.065199
v -67.434380 3.189751 0.000000
v -67.434380 3.275178 -3.065199
v -67.434380 3.189751 -6.131921
v -67.434380 2.956771 -9.223408
v -67.434380 2.605927 -12.340385
v -67.434380 2.116356 -15.473826
v -67.434380 1.521032 -18.614822
v -67.434380 0.871748 -21.754845
v -67.434380 0.220413 -24.886320
v -67.434380 -0.381207 -28.003103
v -67.434380 -0.879056 -31.100853
v -67.434380 -1.223204 -34.177177
v -67.434380 -1.395804 -37.231525
v -67.434380 -1.502384 -40.264946
v -67.434380 -1.543979 -43.280052
v -67.434380 -1.408439 -46.281044
v -67.434380 -1.032486 -49.273315
v -67.434380 -0.477981 -52.263443
v -67.434380 0.194547 -55.259369
v -67.434380 0.924083 -58.270271
v -67.434380 1.649595 -61.306301
v -67.434380 2.310839 -64.369179
v -67.434380 2.849834 -67.434380
v -67.434380 3.213678 -70.499573
v -67.434380 3.359754 -73.564774
v -64.369179 3.568849 73.564774
v -64.369179 3.745705 70.499573
v -64.369179 3.858366 67.434380
v -64.369179 3.897520 64.369179
v -64.369179 3.858366 61.303978
v -64.369179 3.745705 58.238777
v -64.369179 3.568849 55.173584
v -64.369179 3.337733 52.108383
v -64.369179 3.062369 49.043186
v -64.369179 2.869001 45.977982
v -64.369179 2.880571 42.912785
v -64.369179 2.979551 39.847588
v -64.369179 3.054722 36.782387
v -64.369179 3.013230 33.717190
v -64.369179 2.793804 30.651989
v -64.369179 2.394624 27.586792
v -64.369179 1.971817 24.521593
v -64.369179 1.605637 21.456392
v -64.369179 1.370615 18.391193
v -64.369179 1.359842 15.325994
v -64.369179 1.674904 12.260797
v -64.369179 2.132199 9.195597
v -64.369179 2.546866 6.130398
v -64.369179 2.884045 3.065199
v -64.369179 3.109150 0.000000
v -64.369179 3.189752 -3.066999
v -64.369179 3.109150 -6.164305
v -64.369179 2.884045 -9.294333
v -64.369179 2.545015 -12.447279
v -64.369179 2.076047 -15.613648
v -64.369179 1.501428 -18.783985
v -64.369179 0.873570 -21.949112
v -64.369179 0.256791 -25.100782
v -64.369179 -0.300975 -28.232386
v -64.369179 -0.757727 -31.339237
v -64.369179 -1.069354 -34.418697
v -64.369179 -1.223740 -37.470146
v -64.369179 -1.326190 -40.494778
v -64.369179 -1.369814 -43.495464
v -64.369179 -1.204276 -46.476753
v -64.369179 -0.805883 -49.444454
v -64.369179 -0.222330 -52.405590
v -64.369179 0.490966 -55.368607
v -64.369179 1.260428 -58.343292
v -64.369179 2.023361 -61.340446
v -64.369179 2.718067 -64.371262
v -64.369179 3.283906 -67.434380
v -64.369179 3.663241 -70.499573
v -64.369179 3.806826 -73.564774
v -61.303978 3.467728 73.564774
v -61.303978 3.638222 70.499573
v -61.303978 3.745704 67.434380
v -61.303978 3.782595 64.369179
v -61.303978 3.745705 61.303978
v -61.303978 3.638222 58.238777
v -61.303978 3.467728 55.173584
v -61.303978 3.243473 52.108383
v -61.303978 2.975213 49.043186
v -61.303978 2.673248 45.977982
v -61.303978 2.466138 42.912785
v -61.303978 2.375784 39.847588
v -61.303978 2.302436 36.782387
v -61.303978 2.166594 33.717190
v -61.303978 1.918743 30.651989
v -61.303978 1.553473 27.586792
v -61.303978 1.212449 24.521593
v -61.303978 0.981797 21.456392
v -61.303978 0.923330 18.391193
v -61.303978 1.119278 15.325994
v -61.303978 1.538597 12.260797
v -61.303978 1.969380 9.195597
v -61.303978 2.355007 6.130398
v -61.303978 2.665317 3.065199
v -61.303978 2.870546 -0.000347
v -61.303978 2.945117 -3.095396
v -61.303978 2.877111 -6.231397
v -61.303978 2.675188 -9.398196
v -61.303978 2.361941 -12.585561
v -61.303978 1.936344 -15.783456
v -61.303978 1.413223 -18.981941
v -61.303978 0.862709 -22.171133
v -61.303978 0.325154 -25.342382
v -61.312263 -0.160317 -28.487848
v -61.326069 -0.552849 -31.602512
v -61.332222 -0.809483 -34.684574
v -61.326347 -0.936985 -37.733730
v -61.312756 -1.033356 -40.750908
v -61.303978 -1.074902 -43.738087
v -61.303978 -0.900494 -46.699856
v -61.303978 -0.506933 -49.643345
v -61.303978 0.061241 -52.576199
v -61.303978 0.757899 -55.507431
v -61.303978 1.534378 -58.447323
v -61.303978 2.310600 -61.407307
v -61.303978 3.016813 -64.399208
v -61.303978 3.591346 -67.434563
v -61.303978 3.973622 -70.499573
v -61.303978 4.107125 -73.564774
v -58.238777 3.306020 73.564774
v -58.238777 3.467729 70.499573
v -58.238777 3.568849 67.434380
v -58.238777 3.603326 64.369179
v -58.238777 3.568849 61.303978
v -58.238777 3.467728 58.238777
v -58.238777 3.306019 55.173584
v -58.238777 3.091908 52.108383
v -58.238777 2.834567 49.043186
v -58.238777 2.543606 45.977982
v -58.238777 2.228841 42.912785
v -58.238777 1.942367 39.847588
v -58.238777 1.718711 36.782387
v -58.238777 1.491532 33.717190
v -58.238777 1.220038 30.651989
v -58.238777 0.896724 27.586792
v -58.238777 0.627964 24.521593
v -58.238777 0.527085 21.456392
v -58.238777 0.627538 18.391193
v -58.238777 0.885496 15.325994
v -58.238777 1.233518 12.260797
v -58.238777 1.588892 9.195597
v -58.238777 1.912093 6.130398
v -58.238777 2.175441 3.065199
v -58.238777 2.353036 -0.018552
v -58.238777 2.424669 -3.151521
v -58.238777 2.381431 -6.324049
v -58.238777 2.228777 -9.525502
v -58.238777 1.983524 -12.745206
v -58.238777 1.665412 -15.972511
v -58.240616 1.280810 -19.196989
v -58.285099 0.853059 -22.405409
v -58.362259 0.415939 -25.588667
v -58.441025 0.023293 -28.741407
v -58.498055 -0.284531 -31.860367
v -58.518951 -0.466303 -34.943886
v -58.499172 -0.567664 -37.991760
v -58.443657 -0.657117 -41.004829
v -58.366184 -0.702493 -43.984749
v -58.288826 -0.541184 -46.934250
v -58.241684 -0.174896 -49.857914
v -58.238777 0.354505 -52.763737
v -58.238777 1.003533 -55.664734
v -58.238777 1.727931 -58.571934
v -58.238777 2.480155 -61.497086
v -58.238777 3.171912 -64.452576
v -58.238777 3.731049 -67.450401
v -58.238777 4.096776 -70.499573
v -58.238777 4.216801 -73.564774
v -55.173584 3.091908 73.564774
v -55.173584 3.243474 70.499573
v -55.173584 3.337733 67.434380
v -55.173584 3.369750 64.369179
v -55.173584 3.337733 61.303978
v -55.173584 3.243473 58.238777
v -55.173584 3.091908 55.173584
v -55.173584 2.890155 52.108383
v -55.173584 2.646629 49.043186
v -55.173584 2.370447 45.977982
v -55.173584 2.071115 42.912785
v -55.173584 1.758347 39.847588
v -55.173584 1.441974 36.782387
v -55.173584 1.132848 33.717190
v -55.173584 0.842466 30.651989
v -55.173584 0.565767 27.586792
v -55.173584 0.323766 24.521593
v -55.173584 0.223852 21.456392
v -55.173584 0.262512 18.391193
v -55.173584 0.426194 15.325994
v -55.173584 0.682320 12.260797
v -55.173584 0.951755 9.195597
v -55.173584 1.204553 6.130398
v -55.173584 1.415993 3.060262
v -55.173584 1.564099 -0.058252
v -55.173584 1.632656 -3.226276
v -55.173584 1.614502 -6.432657
v -55.173584 1.513089 -9.666307
v -55.173584 1.348295 -12.916075
v -55.197865 1.174568 -16.169048
v -55.307442 0.967659 -19.409803
v -55.466660 0.725744 -22.629225
v -55.636513 0.472067 -25.820532
v -55.783890 0.230074 -28.978930
v -55.883358 0.030138 -32.101315
v -55.918610 -0.069417 -35.185886
v -55.885040 -0.148766 -38.232647
v -55.788063 -0.230884 -41.242207
v -55.642860 -0.289345 -44.215996
v -55.473248 -0.163277 -47.156239
v -55.312141 0.153598 -50.067284
v -55.199440 0.621756 -52.955475
v -55.173584 1.200222 -55.829971
v -55.173584 1.846974 -58.707092
v -55.173584 2.519193 -61.600529
v -55.173584 3.163372 -64.522758
v -55.173584 3.680093 -67.486282
v -55.173584 4.003475 -70.502457
v -55.173584 4.107126 -73.564774
v -52.108383 2.834567 73.564774
v -52.108383 2.975213 70.499573
v -52.108383 3.062369 67.434380
v -52.108383 3.091908 64.369179
v -52.108383 3.062369 61.303978
v -52.108383 2.975213 58.238777
v -52.108383 2.834567 55.173584
v -52.108383 2.646629 52.108383
v -52.108383 2.419025 49.043186
v -52.108383 2.160283 45.977982
v -52.108383 1.879486 42.912785
v -52.108383 1.586055 39.847588
v -52.108383 1.289618 36.782387
v -52.108383 0.998780 33.717190
v -52.108383 0.684021 30.651989
v -52.108383 0.347201 27.586792
v -52.108383 0.014894 24.521593
v -52.108383 -0.208323 21.456392
v -52.108383 -0.282138 18.391193
v -52.108383 -0.219024 15.325994
v -52.108383 -0.067562 12.260797
v -52.108383 0.108190 9.195597
v -52.108383 0.285102 6.130398
v -52.108383 0.441602 3.039932
v -52.108383 0.559195 -0.110483
v -52.108383 0.624611 -3.309853
v -52.108383 0.631794 -6.546648
v -52.108383 0.583553 -9.809380
v -52.148014 0.528149 -13.084282
v -52.307846 0.490389 -16.353987
v -52.544987 0.464043 -19.607637
v -52.813721 0.418694 -22.836956
v -53.072399 0.368352 -26.035461
v -53.285191 0.333420 -29.198551
v -53.424202 0.334684 -32.323292
v -53.472416 0.341913 -35.408440
v -53.425022 0.286461 -38.454037
v -53.287090 0.211906 -41.460182
v -53.075623 0.134503 -44.428207
v -52.816311 0.203851 -47.359978
v -52.545128 0.450339 -50.259720
v -52.305286 0.836659 -53.133907
v -52.145164 1.324185 -55.991287
v -52.108383 1.873092 -58.843430
v -52.108383 2.442527 -61.708740
v -52.108383 2.990796 -64.601631
v -52.108383 3.442852 -67.534622
v -52.108383 3.714643 -70.519470
v -52.108383 3.808013 -73.564774
v -49.043186 2.543607 73.564774
v -49.043186 2.672869 70.499573
v -49.043186 2.752789 67.434380
v -49.043186 2.779838 64.369179
v -49.043186 2.752789 61.303978
v -49.043186 2.672868 58.238777
v -49.043186 2.543606 55.173584
v -49.043186 2.370448 52.108383
v -49.043186 2.160283 49.043186
v -49.043186 1.921023 45.977982
v -49.043186 1.661265 42.912785
v -49.043186 1.390065 39.847588
v -49.043186 1.103282 36.782387
v -49.043186 0.757029 33.717190
v -49.043186 0.370040 30.651989
v -49.043186 -0.031765 27.586792
v -49.043186 -0.423257 24.521593
v -49.043186 -0.763124 21.456392
v -49.043186 -0.954996 18.391193
v -49.043186 -0.999933 15.325994
v -49.043186 -0.964724 12.260797
v -49.043186 -0.888362 9.195597
v -49.043186 -0.791120 6.128281
v -49.043186 -0.691536 3.011270
v -49.043186 -0.605121 -0.166204
v -49.043186 -0.542913 -3.392297
v -49.043186 -0.510222 -6.655210
v -49.071125 -0.491087 -9.942027
v -49.247391 -0.433519 -13.234547
v -49.540195 -0.337772 -16.519537
v -49.897755 -0.205555 -19.786270
v -50.270969 -0.048339 -23.026030
v -50.614964 0.113603 -26.232296
v -50.890343 0.295748 -29.400366
v -51.066109 0.502323 -32.527351
v -51.124825 0.644696 -35.612583
v -51.061237 0.691303 -38.656075
v -50.882561 0.637880 -41.658360
v -50.606712 0.545609 -44.620277
v -50.261753 0.538235 -47.543613
v -49.886242 0.695443 -50.432404
v -49.527092 0.982176 -53.293541
v -49.235416 1.362065 -56.136097
v -49.065311 1.797496 -58.971317
v -49.043186 2.249876 -61.813442
v -49.043186 2.680137 -64.681343
v -49.043186 3.044341 -67.588188
v -49.043186 3.281756 -70.545921
v -49.043186 3.364338 -73.565605
v -45.977982 2.228842 73.564774
v -45.977982 2.346421 70.499573
v -45.977982 2.419025 67.434380
v -45.977982 2.443579 64.369179
v -45.977982 2.419024 61.303978
v -45.977982 2.346522 58.238777
v -45.977982 2.230388 55.173584
v -45.977982 2.071295 52.108383
v -45.977982 1.879486 49.043186
v -45.977982 1.661265 45.977982
v -45.977982 1.424544 42.912785
v -45.977982 1.150532 39.847588
v -45.977982 0.791339 36.782387
v -45.977982 0.371171 33.717190
v -45.977982 -0.083045 30.651989
v -45.977982 -0.544929 27.586792
v -45.977982 -0.988819 24.521593
v -45.977982 -1.389963 21.456392
v -45.977982 -1.700105 18.391193
v -45.977982 -1.867840 15.325994
v -45.977982 -1.954580 12.260797
v -45.977982 -1.981689 9.195597
v -45.977982 -1.966703 6.120166
v -45.977982 -1.925333 2.981773
v -45.977982 -1.870560 -0.217036
v -45.977982 -1.811660 -3.464341
v -45.981163 -1.753427 -6.748146
v -46.119926 -1.657688 -10.052119
v -46.423840 -1.493098 -13.360667
v -46.837879 -1.267795 -16.661098
v -47.307812 -0.986686 -19.942146
v -47.780987 -0.652336 -23.194305
v -48.207722 -0.273622 -26.410158
v -48.543919 0.129648 -29.584549
v -48.755936 0.490289 -32.714855
v -48.823471 0.764399 -35.800224
v -48.741081 0.934502 -38.840778
v -48.518791 0.986526 -41.837444
v -48.179859 0.914005 -44.791954
v -47.754822 0.824847 -47.706158
v -47.282959 0.876753 -50.583595
v -46.814781 1.049709 -53.431782
v -46.404137 1.309538 -56.260414
v -46.106735 1.620888 -59.081089
v -45.979214 1.947739 -61.906982
v -45.977982 2.256189 -64.754570
v -45.977982 2.542637 -67.639984
v -45.977982 2.749385 -70.575432
v -45.977982 2.820973 -73.572456
v -42.912785 1.900181 73.564774
v -42.912785 2.005879 70.499573
v -42.912785 2.071116 67.434380
v -42.912785 2.116597 64.369179
v -42.912785 2.158589 61.303978
v -42.912785 2.152829 58.238777
v -42.912785 2.071339 55.173584
v -42.912785 1.907343 52.108383
v -42.912785 1.676504 49.043186
v -42.912785 1.415076 45.977982
v -42.912785 1.142114 42.912785
v -42.912785 0.788661 39.847588
v -42.912785 0.354968 36.782387
v -42.912785 -0.131975 33.717190
v -42.912785 -0.647309 30.651989
v -42.912785 -1.164440 27.586792
v -42.912785 -1.655948 24.521593
v -42.912785 -2.096492 21.456392
v -42.912785 -2.463534 18.391193
v -42.912785 -2.767184 15.325994
v -42.912785 -2.979783 12.260797
v -42.912785 -3.113094 9.195597
v -42.912785 -3.182000 6.110955
v -42.912785 -3.199640 2.957623
v -42.912785 -3.176815 -0.256105
v -42.912785 -3.121381 -3.518399
v -42.960953 -3.035493 -6.816441
v -43.210602 -2.866886 -10.134195
v -43.624031 -2.602895 -13.457882
v -44.145161 -2.254093 -16.774405
v -44.717567 -1.828198 -20.071596
v -45.285023 -1.330694 -23.338764
v -45.792652 -0.769262 -26.567162
v -46.190632 -0.210923 -29.750637
v -46.439800 0.284471 -32.885956
v -46.515865 0.688589 -35.971981
v -46.413345 0.980113 -39.009048
v -46.146023 1.142560 -41.998569
v -45.742912 1.167226 -44.942997
v -45.242710 1.055110 -47.846066
v -44.685089 0.989199 -50.711281
v -44.120899 1.038112 -53.546124
v -43.606552 1.169765 -56.361202
v -43.199181 1.351090 -59.168671
v -42.956047 1.555182 -61.981766
v -42.912785 1.773151 -64.814621
v -42.912785 1.988930 -67.683815
v -42.912785 2.162286 -70.602371
v -42.912785 2.222792 -73.582161
v -39.847588 1.567587 73.564774
v -39.847588 1.661574 70.499573
v -39.847588 1.792432 67.434380
v -39.847588 1.963490 64.369179
v -39.847588 2.108130 61.303978
v -39.847588 2.173573 58.238777
v -39.847588 2.126319 55.173584
v -39.847588 1.953354 52.108383
v -39.847588 1.667175 49.043186
v -39.847588 1.288132 45.977982
v -39.847588 0.798972 42.912785
v -39.847588 0.288941 39.847588
v -39.847588 -0.213630 36.782387
v -39.847588 -0.756793 33.717190
v -39.847588 -1.316211 30.651989
v -39.847588 -1.869383 27.586792
v -39.847588 -2.396176 24.521593
v -39.847588 -2.871286 21.456392
v -39.847588 -3.284135 18.391193
v -39.847588 -3.657783 15.325994
v -39.847588 -3.980677 12.260797
v -39.847588 -4.221739 9.195597
v -39.847588 -4.375370 6.104573
v -39.847588 -4.452377 2.943075
v -39.847588 -4.461670 -0.278786
v -39.847588 -4.409923 -3.549419
v -39.963448 -4.296187 -6.855876
v -40.299397 -4.064383 -10.184480
v -40.800957 -3.709992 -13.522035
v -41.411709 -3.245599 -16.854982
v -42.073502 -2.681391 -20.170076
v -42.726578 -2.041651 -23.454987
v -43.311241 -1.379627 -26.699259
v -43.771854 -0.728793 -29.895254
v -44.061218 -0.122894 -33.038223
v -44.148129 0.403690 -36.126125
v -44.025993 0.814743 -39.159336
v -43.714123 1.085164 -42.140133
v -43.249298 1.208549 -45.072189
v -42.677059 1.183018 -47.960693
v -42.045555 1.034599 -50.812134
v -41.401432 0.953128 -53.633217
v -40.801460 0.957003 -56.435066
v -40.303867 1.025736 -59.230476
v -39.966698 1.138415 -62.032959
v -39.847588 1.277113 -64.856171
v -39.847588 1.428203 -67.714760
v -39.847588 1.565291 -70.622253
v -39.847588 1.614670 -73.590652
v -36.782387 1.241049 73.564774
v -36.782387 1.397749 70.499573
v -36.782387 1.661108 67.434380
v -36.782387 1.951122 64.369179
v -36.782387 2.194235 61.303978
v -36.782387 2.329306 58.238777
v -36.782387 2.303672 55.173584
v -36.782387 2.103596 52.108383
v -36.782387 1.743219 49.043186
v -36.782387 1.179163 45.977982
v -36.782387 0.481620 42.912785
v -36.782387 -0.243827 39.847588
v -36.782387 -0.886371 36.782387
v -36.782387 -1.480344 33.717190
v -36.782387 -2.078509 30.651989
v -36.782387 -2.658578 27.586792
v -36.782387 -3.200682 24.521593
v -36.782387 -3.694954 21.456392
v -36.782387 -4.167704 18.391193
v -36.782387 -4.596239 15.325994
v -36.782387 -4.965710 12.260797
v -36.782387 -5.265131 9.195597
v -36.782387 -5.485602 6.103062
v -36.782387 -5.619931 2.940108
v -36.782387 -5.661373 -0.283116
v -36.785767 -5.613601 -3.555387
v -36.958012 -5.475358 -6.865057
v -37.353302 -5.190591 -10.200726
v -37.918385 -4.757109 -13.549735
v -38.596714 -4.202616 -16.898056
v -39.328663 -3.556144 -20.231276
v -40.052338 -2.847965 -23.535564
v -40.705063 -2.110236 -26.798677
v -41.225632 -1.376626 -30.010736
v -41.558212 -0.681924 -33.164673
v -41.661144 -0.061680 -36.256500
v -41.523251 0.448128 -39.285934
v -41.170898 0.817192 -42.256550
v -40.651253 1.038344 -45.174141
v -40.017094 1.109681 -48.046017
v -39.321671 1.028607 -50.880848
v -38.616257 0.848541 -53.688026
v -37.951714 0.745736 -56.477539
v -37.386791 0.716525 -59.262833
v -36.980038 0.742133 -62.057716
v -36.789536 0.807194 -64.875633
v -36.782387 0.904299 -67.729515
v -36.782387 1.011776 -70.631973
v -36.782387 1.052268 -73.595123
v -33.717190 0.957005 73.564774
v -33.717190 1.230178 70.499573
v -33.717190 1.607616 67.434380
v -33.717190 2.003842 64.369179
v -33.717190 2.338366 61.303978
v -33.717190 2.525215 58.238777
v -33.717190 2.509881 55.173584
v -33.717190 2.282399 52.108383
v -33.717190 1.784571 49.043186
v -33.717190 1.038565 45.977982
v -33.717190 0.149083 42.912785
v -33.717190 -0.769118 39.847588
v -33.717190 -1.597501 36.782387
v -33.717190 -2.261287 33.717190
v -33.717190 -2.892568 30.651989
v -33.717190 -3.494373 27.586792
v -33.717190 -4.050147 24.521593
v -33.717190 -4.582039 21.456392
v -33.717190 -5.094548 18.391193
v -33.717190 -5.575355 15.325994
v -33.717190 -5.990511 12.260797
v -33.717190 -6.326430 9.195597
v -33.717190 -6.573532 6.106912
v -33.717190 -6.724714 2.948984
v -33.717190 -6.775601 -0.269156
v -33.725800 -6.724714 -3.536660
v -33.924999 -6.571012 -6.843852
v -34.349972 -6.264101 -10.181164
v -34.949062 -5.800830 -13.536779
v -35.666668 -5.207207 -16.896803
v -36.443253 -4.511949 -20.246201
v -37.216030 -3.746154 -23.569765
v -37.920322 -2.942912 -26.853237
v -38.491364 -2.136890 -30.084208
v -38.866653 -1.363865 -33.252605
v -38.991268 -0.660221 -36.350903
v -38.843464 -0.061680 -39.376774
v -38.460018 0.403690 -42.336170
v -37.899803 0.724763 -45.238289
v -37.221336 0.898290 -48.093060
v -36.480766 0.921543 -50.911240
v -35.732475 0.791226 -53.704445
v -35.028297 0.588363 -56.484241
v -34.421925 0.465561 -59.262802
v -33.972198 0.427007 -62.054073
v -33.737740 0.454365 -64.871300
v -33.717190 0.528254 -67.726357
v -33.717190 0.620259 -70.629997
v -33.717190 0.654976 -73.594223
v -30.651989 0.740008 73.564774
v -30.651989 1.101037 70.499573
v -30.651989 1.567112 67.434380
v -30.651989 2.050064 64.369179
v -30.651989 2.452332 61.303978
v -30.651989 2.679585 58.238777
v -30.651989 2.676179 55.173584
v -30.651989 2.382536 52.108383
v -30.651989 1.733551 49.043186
v -30.651989 0.821946 45.977982
v -30.651989 -0.235444 42.912785
v -30.651989 -1.315538 39.847588
v -30.651989 -2.294565 36.782387
v -30.651989 -3.058117 33.717190
v -30.651989 -3.716564 30.651989
v -30.651989 -4.336623 27.586792
v -30.651989 -4.932902 24.521593
v -30.651989 -5.508235 21.456392
v -30.651989 -6.056630 18.391193
v -30.651989 -6.573533 15.325994
v -30.651989 -7.033772 12.260797
v -30.651989 -7.405881 9.195597
v -30.651989 -7.679490 6.114963
v -30.651989 -7.846852 2.968652
v -30.651989 -7.903183 -0.237817
v -30.659227 -7.846852 -3.493978
v -30.853537 -7.679459 -6.791986
v -31.276030 -7.364064 -10.123992
v -31.877186 -6.881614 -13.479600
v -32.602806 -6.258608 -16.845430
v -33.393978 -5.524458 -20.206207
v -34.187691 -4.711092 -23.545666
v -34.918194 -3.852492 -26.847691
v -35.518902 -2.984175 -30.097359
v -35.924473 -2.142541 -33.281559
v -36.072758 -1.363865 -36.388824
v -35.926498 -0.681924 -39.412540
v -35.532738 -0.122894 -42.362297
v -34.956577 0.298641 -45.250942
v -34.259438 0.576107 -48.091145
v -33.499500 0.705586 -50.895802
v -32.732578 0.683436 -53.678169
v -32.012650 0.522791 -56.451508
v -31.392132 0.367687 -59.228119
v -30.927921 0.295627 -62.021187
v -30.678612 0.298000 -64.843468
v -30.651989 0.356519 -67.705704
v -30.651989 0.435207 -70.616722
v -30.651989 0.464128 -73.588249
v -27.586792 0.552996 73.564774
v -27.586792 0.965371 70.499573
v -27.586792 1.486519 67.434380
v -27.586792 2.023614 64.369179
v -27.586792 2.463518 61.303978
v -27.586792 2.723647 58.238777
v -27.586792 2.727585 55.173584
v -27.586792 2.326874 52.108383
v -27.586792 1.543232 49.043186
v -27.586792 0.493266 45.977982
v -27.586792 -0.696725 42.912785
v -27.586792 -1.897847 39.847588
v -27.586792 -2.982904 36.782387
v -27.586792 -3.829646 33.717190
v -27.586792 -4.512038 30.651989
v -27.586792 -5.177515 27.586792
v -27.586792 -5.823218 24.521593
v -27.586792 -6.441852 21.456392
v -27.586792 -7.027335 18.391193
v -27.586792 -7.574679 15.325994
v -27.586792 -8.073812 12.260797
v -27.586792 -8.481709 9.195597
v -27.586792 -8.781661 6.124214
v -27.586792 -8.965168 2.995761
v -27.586792 -9.026938 -0.192784
v -27.588041 -8.965168 -3.431263
v -27.745836 -8.781661 -6.712884
v -28.133789 -8.463081 -10.031585
v -28.704393 -7.970621 -13.378707
v -29.405304 -7.327539 -16.741861
v -30.178648 -6.563939 -20.105972
v -30.961636 -5.712514 -23.454092
v -31.687943 -4.807977 -26.768526
v -32.289764 -3.886371 -30.031927
v -32.700424 -2.984175 -33.228149
v -32.859402 -2.136890 -36.343090
v -32.736252 -1.376626 -39.369808
v -32.363384 -0.728793 -42.316467
v -31.802725 -0.210118 -45.198086
v -31.117292 0.169762 -48.030083
v -30.367237 0.404951 -50.827656
v -29.609600 0.506919 -53.605576
v -28.899599 0.500750 -56.378136
v -28.292166 0.416432 -59.158966
v -27.842224 0.369097 -61.960392
v -27.607521 0.365579 -64.794258
v -27.586792 0.416249 -67.669739
v -27.586792 0.479996 -70.594116
v -27.586792 0.503113 -73.579010
v -24.521593 0.374869 73.564774
v -24.521593 0.796855 70.499573
v -24.521593 1.332424 67.434380
v -24.521593 1.876809 64.369179
v -24.521593 2.322791 61.303978
v -24.521593 2.593231 58.238777
v -24.521593 2.563975 55.173584
v -24.521593 2.065758 52.108383
v -24.521593 1.181415 49.043186
v -24.521593 0.036473 45.977982
v -24.521593 -1.238415 42.912785
v -24.521593 -2.510550 39.847588
v -24.521593 -3.650384 36.782387
v -24.521593 -4.543626 33.717190
v -24.521593 -5.278417 30.651989
v -24.521593 -5.996812 27.586792
v -24.521593 -6.690622 24.521593
v -24.521593 -7.352755 21.456392
v -24.521593 -7.976897 18.391193
v -24.521593 -8.557473 15.325994
v -24.521593 -9.089010 12.260797
v -24.521593 -9.532167 9.195597
v -24.521593 -9.858245 6.130108
v -24.521593 -10.057843 3.025231
v -24.521593 -10.125048 -0.139672
v -24.521593 -10.057843 -3.354834
v -24.615730 -9.858245 -6.612968
v -24.939146 -9.529978 -9.910259
v -25.448139 -9.035982 -13.239412
v -26.092882 -8.381472 -16.589691
v -26.817045 -7.597217 -19.946665
v -27.558731 -6.716564 -23.293219
v -28.252014 -5.774734 -26.610577
v -28.829527 -4.807977 -29.879541
v -29.226645 -3.852492 -33.081951
v -29.390186 -2.942912 -36.203011
v -29.296272 -2.110236 -39.236179
v -28.964834 -1.379627 -42.187347
v -28.445808 -0.769262 -45.073715
v -27.799393 -0.291152 -47.910851
v -27.086960 0.057418 -50.711964
v -26.366709 0.316253 -53.492046
v -25.695618 0.467899 -56.268238
v -25.128862 0.495680 -59.058739
v -24.720890 0.515404 -61.875820
v -24.529068 0.572947 -64.727859
v -24.521593 0.664880 -67.622261
v -24.521593 0.733735 -70.565643
v -24.521593 0.757570 -73.569687
v -21.456392 0.204960 73.564774
v -21.456392 0.592895 70.499573
v -21.456392 1.098740 67.434380
v -21.456392 1.605577 64.369179
v -21.456392 2.019053 61.303978
v -21.456392 2.262228 58.238777
v -21.456392 2.150225 55.173584
v -21.456392 1.589772 52.108383
v -21.456392 0.656092 49.043186
v -21.456392 -0.529620 45.977982
v -21.456392 -1.834766 42.912785
v -21.456392 -3.125350 39.847588
v -21.456392 -4.286666 36.782387
v -21.456392 -5.208112 33.717190
v -21.456392 -5.996995 30.651989
v -21.456392 -6.765787 27.586792
v -21.456392 -7.506833 24.521593
v -21.456392 -8.213050 21.456392
v -21.456392 -8.877733 18.391193
v -21.456392 -9.494575 15.325994
v -21.456392 -10.057862 12.260797
v -21.456392 -10.535538 9.195597
v -21.456392 -10.887444 6.130398
v -21.456392 -11.103052 3.050604
v -21.456392 -11.175690 -0.085597
v -21.456392 -11.103052 -3.272448
v -21.487080 -10.887444 -6.501452
v -21.719048 -10.535538 -9.770038
v -22.139006 -10.043733 -13.072118
v -22.699629 -9.385760 -16.399040
v -23.346952 -8.589056 -19.737581
v -24.020979 -7.687484 -23.071093
v -24.657675 -6.716564 -26.380568
v -25.192257 -5.712514 -29.646057
v -25.564638 -4.711092 -32.848740
v -25.728374 -3.746154 -35.974735
v -25.661558 -2.847965 -39.031918
v -25.374378 -2.041651 -42.018917
v -24.907568 -1.346447 -44.937675
v -24.317871 -0.775108 -47.798340
v -23.665524 -0.287202 -50.614994
v -23.009541 0.121342 -53.403988
v -22.406963 0.423097 -56.183475
v -21.912136 0.592195 -58.972244
v -21.577162 0.683712 -61.788593
v -21.456392 0.807314 -64.651115
v -21.456392 0.937424 -67.568756
v -21.456392 1.021891 -70.536316
v -21.456392 1.051096 -73.564812
v -18.391193 0.064846 73.564774
v -18.391193 0.376534 70.499573
v -18.391193 0.810570 67.434380
v -18.391193 1.245723 64.369179
v -18.391193 1.596529 61.303978
v -18.391193 1.773195 58.238777
v -18.391193 1.575716 55.173584
v -18.391193 0.974508 52.108383
v -18.391193 0.031684 49.043186
v -18.391193 -1.148983 45.977982
v -18.391193 -2.448692 42.912785
v -18.391193 -3.736878 39.847588
v -18.391193 -4.886054 36.782387
v -18.391193 -5.801920 33.717190
v -18.391193 -6.641350 30.651989
v -18.391193 -7.458763 27.586792
v -18.391193 -8.246670 24.521593
v -18.391193 -8.997802 21.456392
v -18.391193 -9.704967 18.391193
v -18.391193 -10.361075 15.325994
v -18.391193 -10.959289 12.260797
v -18.391193 -11.470175 9.195597
v -18.391193 -11.847469 6.130398
v -18.391193 -12.078982 3.064458
v -18.391193 -12.157043 -0.038694
v -18.391193 -12.078982 -3.192940
v -18.391237 -11.847469 -6.389341
v -18.507626 -11.470175 -9.623143
v -18.816362 -10.958931 -12.891199
v -19.269718 -10.304790 -16.185562
v -19.817495 -9.503451 -19.495287
v -20.402666 -8.589056 -22.804895
v -20.964462 -7.597217 -26.096100
v -21.442167 -6.563939 -29.349380
v -21.781235 -5.524458 -32.553196
v -21.939270 -4.511949 -35.718117
v -21.892200 -3.556144 -38.822716
v -21.646955 -2.682187 -41.853928
v -21.238420 -1.910107 -44.811516
v -20.718529 -1.236821 -47.704449
v -20.144787 -0.614686 -50.546425
v -19.574905 -0.068338 -53.354015
v -19.064817 0.373181 -56.145710
v -18.667355 0.682607 -58.940598
v -18.432789 0.865172 -61.757278
v -18.391193 1.051096 -64.612724
v -18.391193 1.205477 -67.523491
v -18.391193 1.305269 -70.512093
v -18.391193 1.339823 -73.564774
v -15.325994 0.167781 73.564774
v -15.325994 0.301162 70.499573
v -15.325994 0.553567 67.434380
v -15.325994 0.862773 64.369179
v -15.325994 1.134456 61.303978
v -15.325994 1.222073 58.238777
v -15.325994 0.948174 55.173584
v -15.325994 0.313582 52.108383
v -15.325994 -0.629709 49.043186
v -15.325994 -1.791446 45.977982
v -15.325994 -3.056967 42.912785
v -15.325994 -4.298923 39.847588
v -15.325994 -5.389625 36.782387
v -15.325994 -6.301723 33.717190
v -15.325994 -7.189465 30.651989
v -15.325994 -8.054390 27.586792
v -15.325994 -8.888956 24.521593
v -15.325994 -9.685662 21.456392
v -15.325994 -10.436878 18.391193
v -15.325994 -11.134769 15.325994
v -15.325994 -11.771416 12.260797
v -15.325994 -12.314530 9.195597
v -15.325994 -12.716574 6.130398
v -15.325994 -12.963813 3.065199
v -15.325994 -13.047283 -0.007634
v -15.325994 -12.954480 -3.125782
v -15.325994 -12.698521 -6.287172
v -15.344477 -12.307629 -9.483269
v -15.522684 -11.771168 -12.712179
v -15.851767 -11.103019 -15.967954
v -16.282454 -10.304790 -19.240820
v -16.762465 -9.385760 -22.517715
v -17.235275 -8.381472 -25.781940
v -17.645565 -7.327539 -29.022633
v -17.944433 -6.258608 -32.260719
v -18.088175 -5.207207 -35.468704
v -18.054522 -4.202616 -38.618896
v -17.848923 -3.269987 -41.696159
v -17.501968 -2.429936 -44.697720
v -17.061165 -1.652174 -47.630455
v -16.580120 -0.911651 -50.506302
v -16.113914 -0.241964 -53.340839
v -15.716280 0.326342 -56.152229
v -15.437809 0.764669 -58.959564
v -15.326347 1.051096 -61.781731
v -15.325994 1.271373 -64.633659
v -15.325994 1.447637 -67.534729
v -15.325994 1.562232 -70.511932
v -15.325994 1.602093 -73.564774
v -12.260797 0.574112 73.564774
v -12.260797 0.505303 70.499573
v -12.260797 0.521266 67.434380
v -12.260797 0.573078 64.369179
v -12.260797 0.667084 61.303978
v -12.260797 0.654440 58.238777
v -12.260797 0.311990 55.173584
v -12.260797 -0.346699 52.108383
v -12.260797 -1.273121 49.043186
v -12.260797 -2.386174 45.977982
v -12.260797 -3.580245 42.912785
v -12.260797 -4.735349 39.847588
v -12.260797 -5.742052 36.782387
v -12.260797 -6.691435 33.717190
v -12.260797 -7.625617 30.651989
v -12.260797 -8.536736 27.586792
v -12.260797 -9.417194 24.521593
v -12.260797 -10.259336 21.456392
v -12.260797 -11.055192 18.391193
v -12.260797 -11.796342 15.325994
v -12.260797 -12.473893 12.260797
v -12.260797 -13.047283 9.195597
v -12.260797 -13.473057 6.130398
v -12.260797 -13.713137 3.065199
v -12.260797 -13.688828 0.000000
v -12.260797 -13.483945 -3.081361
v -12.260797 -13.177247 -6.206423
v -12.260797 -12.805786 -9.366137
v -12.304457 -12.354476 -12.552654
v -12.493670 -11.758806 -15.764487
v -12.795121 -10.958931 -18.996017
v -13.158057 -10.043733 -22.234388
v -13.531371 -9.035982 -25.466755
v -13.867267 -7.970621 -28.722935
v -14.116537 -6.881614 -31.992105
v -14.238727 -5.800830 -35.237606
v -14.213744 -4.757109 -38.430984
v -14.046165 -3.775558 -41.555080
v -13.763255 -2.875036 -44.604187
v -13.408416 -2.004398 -47.582298
v -13.030897 -1.163434 -50.498253
v -12.682402 -0.387225 -53.365692
v -12.413548 0.292331 -56.201801
v -12.271939 0.843473 -59.025475
v -12.260797 1.205477 -61.855087
v -12.260797 1.447637 -64.706436
v -12.260797 1.642855 -67.603157
v -12.260797 1.771177 -70.564102
v -12.260797 1.816243 -73.572105
v -9.195597 1.155427 73.564774
v -9.195597 0.936842 70.499573
v -9.195597 0.704370 67.434380
v -9.195597 0.502047 64.369179
v -9.195597 0.341553 61.303978
v -9.195597 0.145243 58.238777
v -9.195597 -0.249281 55.173584
v -9.195597 -0.914961 52.108383
v -9.195597 -1.805270 49.043186
v -9.195597 -2.845972 45.977982
v -9.195597 -3.940367 42.912785
v -9.195597 -4.978991 39.847588
v -9.195597 -5.973009 36.782387
v -9.195597 -6.964025 33.717190
v -9.195597 -7.941086 30.651989
v -9.195597 -8.895634 27.586792
v -9.195597 -9.819814 24.521593
v -9.195597 -10.705776 21.456392
v -9.195597 -11.545307 18.391193
v -9.195597 -12.317710 15.325994
v -9.195597 -13.022583 12.260797
v -9.195597 -13.634314 9.195597
v -9.195597 -14.071730 6.130398
v -9.195597 -14.159389 3.065199
v -9.195597 -13.987072 0.000000
v -9.195597 -13.673127 -3.065201
v -9.195597 -13.314330 -6.152516
v -9.195597 -12.959580 -9.275887
v -9.195597 -12.590514 -12.424902
v -9.243457 -12.129207 -15.593195
v -9.404059 -11.459746 -18.779465
v -9.642732 -10.535538 -21.977444
v -9.910531 -9.529978 -25.194983
v -10.163715 -8.463081 -28.467340
v -10.356095 -7.364064 -31.760105
v -10.451558 -6.264101 -35.037663
v -10.432217 -5.191570 -38.271214
v -10.302112 -4.171464 -41.441620
v -10.085735 -3.218826 -44.539959
v -9.822390 -2.275552 -47.566410
v -9.557096 -1.353826 -50.525841
v -9.337609 -0.489930 -53.429043
v -9.210697 0.276297 -56.291862
v -9.195597 0.888785 -59.132618
v -9.195597 1.303488 -61.969124
v -9.195597 1.562233 -64.824173
v -9.195597 1.771176 -67.718689
v -9.195597 1.910671 -70.643250
v -9.195597 1.960618 -73.607704
v -6.130398 1.781674 73.564774
v -6.130398 1.492001 70.499573
v -6.130398 1.079357 67.434380
v -6.130398 0.636249 64.369179
v -6.130398 0.242324 61.303978
v -6.130398 -0.183289 58.238777
v -6.130398 -0.645632 55.173584
v -6.130398 -1.302054 52.108383
v -6.126073 -2.139469 49.043186
v -6.117550 -3.089208 45.977982
v -6.111087 -4.067512 42.912785
v -6.110158 -5.070748 39.847588
v -6.115239 -6.094070 36.782387
v -6.123712 -7.119125 33.717190
v -6.130050 -8.133101 30.651989
v -6.130398 -9.126230 27.586792
v -6.130398 -10.090031 24.521593
v -6.130398 -11.000226 21.456392
v -6.130398 -11.764899 18.391193
v -6.130398 -12.463014 15.325994
v -6.130398 -13.161903 12.260797
v -6.130398 -13.835208 9.195597
v -6.130398 -14.283914 6.130398
v -6.130398 -14.348220 3.065199
v -6.130398 -14.073835 0.000000
v -6.130398 -13.658680 -3.065199
v -6.130398 -13.248061 -6.130563
v -6.130398 -12.909346 -9.216567
v -6.130398 -12.615631 -12.329900
v -6.130398 -12.269019 -15.461620
v -6.156032 -11.739107 -18.606438
v -6.263252 -10.887444 -21.764467
v -6.421389 -9.858245 -24.983145
v -6.586566 -8.781661 -28.265348
v -6.717684 -7.679459 -31.575403
v -6.783486 -6.571012 -34.879631
v -6.768555 -5.480436 -38.149502
v -6.676642 -4.432570 -41.364086
v -6.529685 -3.440963 -44.511021
v -6.362901 -2.446359 -47.585991
v -6.217169 -1.469658 -50.589062
v -6.135859 -0.558994 -53.527664
v -6.130398 0.240756 -56.415470
v -6.130398 0.885761 -59.270325
v -6.130398 1.332889 -62.117001
v -6.130398 1.602093 -64.977646
v -6.130398 1.816243 -67.845917
v -6.130398 1.960618 -70.733826
v -6.130398 2.013556 -73.660240
v -3.065199 2.349966 73.564774
v -3.065199 1.994920 70.499573
v -3.065199 1.492001 67.434380
v -3.065199 0.931181 64.369179
v -3.065199 0.371715 61.303978
v -3.064574 -0.230151 58.238777
v -3.046715 -0.792275 55.173584
v -3.013534 -1.424481 52.108383
v -2.976379 -2.199279 49.044319
v -2.944774 -3.085225 45.982376
v -2.925746 -4.050962 42.919830
v -2.923251 -5.067484 39.855011
v -2.937830 -6.110301 36.787693
v -2.966575 -7.160357 33.719151
v -3.003324 -8.203369 30.651989
v -3.039040 -9.228259 27.586792
v -3.062270 -10.214762 24.521593
v -3.065199 -10.995261 21.456392
v -3.065199 -11.631207 18.391193
v -3.065199 -12.255347 15.325994
v -3.065199 -12.939196 12.260797
v -3.065199 -13.656096 9.195597
v -3.065199 -14.116144 6.130398
v -3.065199 -14.240681 3.065199
v -3.065199 -14.042326 0.000000
v -3.065199 -13.568896 -3.065199
v -3.065199 -13.110922 -6.130398
v -3.065199 -12.790107 -9.195597
v -3.065199 -12.558920 -12.272879
v -3.065199 -12.295127 -15.370812
v -3.065199 -11.858852 -18.482683
v -3.066566 -11.100765 -21.614990
v -3.108936 -10.057843 -24.832977
v -3.182420 -8.965168 -28.119827
v -3.250851 -7.846852 -31.442287
v -3.286793 -6.724714 -34.768272
v -3.277092 -5.620571 -38.069721
v -3.225482 -4.556245 -41.324436
v -3.151540 -3.547595 -44.516724
v -3.086426 -2.540372 -47.637493
v -3.065199 -1.552871 -50.681496
v -3.065199 -0.631258 -53.650539
v -3.065199 0.179498 -56.559036
v -3.065199 0.835505 -59.430546
v -3.065199 1.293617 -62.286102
v -3.065199 1.562233 -65.125946
v -3.065199 1.771176 -67.964844
v -3.065199 1.910671 -70.822113
v -3.065199 1.960618 -73.717049
v 0.000000 2.758227 73.564774
v 0.000000 2.349965 70.499573
v 0.000000 1.781674 67.434380
v 0.000000 1.155428 64.369179
v 0.010435 0.544227 61.303978
v 0.055510 -0.116141 58.238815
v 0.122169 -0.736487 55.180237
v 0.196549 -1.353685 52.129272
v 0.266422 -2.116949 49.080807
v 0.321216 -2.995130 46.030247
v 0.353032 -3.957798 42.974030
v 0.357345 -4.977138 39.910076
v 0.333432 -6.029168 36.838062
v 0.284456 -7.094351 33.759506
v 0.217221 -8.157263 30.677559
v 0.141706 -9.205568 27.596703
v 0.071526 -10.124913 24.522331
v 0.020589 -10.769287 21.456392
v 0.000009 -11.292163 18.391193
v 0.000000 -11.840355 15.325994
v 0.000000 -12.494517 12.260797
v 0.000000 -13.245402 9.195597
v 0.000000 -13.769891 6.130398
v 0.000000 -13.993342 3.065199
v 0.000000 -13.913501 0.000000
v 0.000000 -13.519441 -3.065199
v 0.000000 -13.034735 -6.130398
v 0.000000 -12.728309 -9.195597
v 0.000000 -12.525288 -12.260797
v 0.000000 -12.293005 -15.327933
v 0.000000 -11.890193 -18.408695
v 0.000000 -11.167136 -21.526577
v 0.000000 -10.125048 -24.741867
v 0.000000 -9.026938 -28.029308
v -0.005081 -7.903183 -31.358593
v -0.011877 -6.775601 -34.700260
v -0.009476 -5.666012 -38.026955
v -0.001380 -4.596239 -41.315544
v 0.000000 -3.586299 -44.547268
v 0.000000 -2.590146 -47.707527
v 0.000000 -1.613468 -50.785618
v 0.000000 -0.702458 -53.782032
v 0.000000 0.097903 -56.713135
v 0.000000 0.743739 -59.590225
v 0.000000 1.191979 -62.427708
v 0.000000 1.447637 -65.245926
v 0.000000 1.642855 -68.062187
v 0.000000 1.771177 -70.896111
v 0.000000 1.816243 -73.767197
v 3.065199 2.910743 73.564774
v 3.065199 2.479238 70.499573
v 3.065199 1.886147 67.434380
v 3.084483 1.234626 64.369179
v 3.151721 0.615312 61.307411
v 3.250785 -0.040030 58.261166
v 3.365169 -0.657448 55.225925
v 3.480136 -1.250838 52.195408
v 3.582583 -1.990847 49.163700
v 3.660797 -2.849841 46.125336
v 3.705872 -3.798523 43.076027
v 3.712573 -4.810002 40.013222
v 3.679899 -5.860664 36.936436
v 3.611212 -6.930617 33.847408
v 3.513971 -8.003525 30.749844
v 3.399159 -9.065381 27.649008
v 3.284172 -9.899958 24.552099
v 3.183090 -10.439844 21.464705
v 3.106014 -10.868728 18.391193
v 3.066927 -11.349849 15.325994
v 3.065199 -11.973485 12.260797
v 3.065199 -12.765827 9.195597
v 3.065199 -13.401255 6.130398
v 3.065199 -13.751407 3.065199
v 3.065199 -13.806457 0.000000
v 3.065199 -13.555647 -3.065199
v 3.065199 -13.110922 -6.130398
v 3.065199 -12.790107 -9.195597
v 3.065199 -12.558920 -12.260797
v 3.065199 -12.295127 -15.325994
v 3.065199 -11.858852 -18.391193
v 3.065199 -11.100765 -21.495056
v 3.065199 -10.057843 -24.700804
v 3.065199 -8.965168 -27.983982
v 3.065199 -7.846852 -31.315144
v 3.065199 -6.724714 -34.665634
v 3.065199 -5.620571 -38.008904
v 3.065199 -4.556245 -41.321369
v 3.065199 -3.553557 -44.582737
v 3.065199 -2.589402 -47.776333
v 3.065199 -1.644596 -50.887493
v 3.065199 -0.765014 -53.903049
v 3.065199 0.004490 -56.831734
v 3.065199 0.620227 -59.696625
v 3.065199 1.039444 -62.520912
v 3.065199 1.271373 -65.325211
v 3.065199 1.447637 -68.127037
v 3.065199 1.562232 -70.946114
v 3.065199 1.602093 -73.802025
v 6.130398 2.758227 73.564774
v 6.130398 2.349965 70.499573
v 6.148740 1.781674 67.434380
v 6.227690 1.155428 64.376259
v 6.351554 0.567178 61.339977
v 6.502348 -0.025698 58.319695
v 6.662836 -0.575955 55.308266
v 6.817533 -1.128422 52.298691
v 6.952310 -1.833509 49.284283
v 7.054198 -2.662122 46.258671
v 7.113140 -3.585939 43.216793
v 7.123039 -4.578813 40.155544
v 7.082498 -5.617417 37.074238
v 6.995043 -6.681589 33.974770
v 6.868811 -7.754254 30.861393
v 6.716629 -8.790171 27.740454
v 6.561015 -9.464657 24.621603
v 6.413220 -9.856428 21.509893
v 6.281933 -10.203880 18.409544
v 6.181553 -10.676878 15.326762
v 6.132062 -11.386906 12.260797
v 6.130398 -12.321938 9.195597
v 6.130398 -13.102991 6.130398
v 6.130398 -13.582484 3.065199
v 6.130398 -13.764654 0.000000
v 6.130398 -13.633769 -3.065199
v 6.130398 -13.248061 -6.130398
v 6.130398 -12.909346 -9.195597
v 6.130398 -12.615631 -12.260797
v 6.130398 -12.269050 -15.325994
v 6.130398 -11.739164 -18.391193
v 6.130398 -10.887458 -21.500603
v 6.130398 -9.858245 -24.704239
v 6.130398 -8.781661 -27.980352
v 6.130398 -7.679490 -31.305433
v 6.130398 -6.573532 -34.655228
v 6.130398 -5.485602 -38.005154
v 6.130398 -4.437512 -41.331066
v 6.130398 -3.451080 -44.609486
v 6.130398 -2.530997 -47.818310
v 6.130398 -1.638073 -50.936245
v 6.130398 -0.809541 -53.949257
v 6.130398 -0.089933 -56.874241
v 6.130398 0.477479 -59.735336
v 6.130398 0.850551 -62.555561
v 6.130398 1.051096 -65.355179
v 6.130398 1.205477 -68.151901
v 6.130398 1.305269 -70.965546
v 6.130398 1.339823 -73.815765
v 9.195597 2.349966 73.564774
v 9.204400 1.994920 70.499573
v 9.279356 1.492001 67.441284
v 9.415072 0.936257 64.410019
v 9.591960 0.426150 61.400700
v 9.791515 -0.064128 58.405899
v 9.995911 -0.499042 55.417854
v 10.189133 -1.000707 52.429058
v 10.355765 -1.659615 49.431957
v 10.481493 -2.446921 46.419327
v 10.554934 -3.335152 43.385281
v 10.568958 -4.298784 40.326069
v 10.521657 -5.314737 37.240730
v 10.416698 -6.362647 34.131321
v 10.263597 -7.403258 31.002861
v 10.081098 -8.244074 27.864380
v 9.887145 -8.786875 24.724281
v 9.694133 -9.090924 21.588425
v 9.510535 -9.410670 18.461176
v 9.351150 -9.934938 15.349276
v 9.237325 -10.757673 12.261539
v 9.195597 -11.825400 9.195597
v 9.195597 -12.854137 6.130398
v 9.195597 -13.452509 3.065199
v 9.195597 -13.726308 0.000000
v 9.195597 -13.660802 -3.065199
v 9.195597 -13.318913 -6.130398
v 9.195597 -12.968862 -9.195597
v 9.195597 -12.603897 -12.260797
v 9.195597 -12.145247 -15.325994
v 9.195597 -11.476781 -18.391193
v 9.195597 -10.551696 -21.499098
v 9.195597 -9.544943 -24.699862
v 9.195597 -8.489309 -27.971943
v 9.195597 -7.408292 -31.292017
v 9.195597 -6.326430 -34.636009
v 9.195597 -5.265131 -37.979652
v 9.195597 -4.243766 -41.298992
v 9.195597 -3.284135 -44.570885
v 9.195597 -2.407249 -47.773464
v 9.195597 -1.584876 -50.887478
v 9.195597 -0.825541 -53.903538
v 9.195597 -0.173250 -56.834122
v 9.195597 0.329367 -59.701328
v 9.195597 0.641010 -62.527454
v 9.195597 0.806599 -65.332169
v 9.195597 0.937424 -68.133614
v 9.195597 1.021891 -70.951675
v 9.195597 1.051096 -73.806053
v 12.261041 1.781674 73.564774
v 12.312899 1.492001 70.502800
v 12.442250 1.079357 67.469452
v 12.629629 0.627836 64.464668
v 12.855112 0.231700 61.480831
v 13.099679 -0.104214 58.510025
v 13.345365 -0.422404 55.544155
v 13.575503 -0.879614 52.575245
v 13.773163 -1.485879 49.594894
v 13.922661 -2.221316 46.595062
v 14.011131 -3.063537 43.569008
v 14.030190 -3.987567 40.512287
v 13.977302 -4.970566 37.423603
v 13.856286 -5.992047 34.305126
v 13.681431 -6.896123 31.164089
v 13.472186 -7.535530 28.010077
v 13.241264 -7.992143 24.849604
v 13.004402 -8.255869 21.690260
v 12.770715 -8.593290 18.536816
v 12.555731 -9.201632 15.396571
v 12.382261 -10.136142 12.279268
v 12.278213 -11.295675 9.195597
v 12.260797 -12.434262 6.130398
v 12.260797 -13.215136 3.065199
v 12.260797 -13.551812 0.000000
v 12.260797 -13.504029 -3.065199
v 12.260797 -13.209982 -6.130398
v 12.260797 -12.850067 -9.195597
v 12.260797 -12.407990 -12.260797
v 12.260797 -11.818458 -15.325994
v 12.260797 -11.021214 -18.391193
v 12.260797 -10.118058 -21.489815
v 12.260797 -9.142020 -24.678150
v 12.260797 -8.115100 -27.936333
v 12.260797 -7.060611 -31.241295
v 12.260797 -6.003098 -34.569328
v 12.260797 -4.968095 -37.896587
v 12.260797 -3.981092 -41.199692
v 12.260797 -3.058403 -44.456337
v 12.260797 -2.219405 -47.646370
v 12.260797 -1.475615 -50.754421
v 12.260797 -0.802061 -53.775196
v 12.260797 -0.232903 -56.717308
v 12.260797 0.190043 -59.598602
v 12.260797 0.426695 -62.439430
v 12.260797 0.558618 -65.258347
v 12.260797 0.664880 -68.073921
v 12.260797 0.733735 -70.905983
v 12.260797 0.757570 -73.774223
v 15.342704 1.155428 73.564819
v 15.444285 0.936256 70.521103
v 15.621513 0.627835 67.512466
v 15.854617 0.303316 64.531738
v 16.123514 0.049134 61.570961
v 16.408628 -0.095850 58.621754
v 16.692530 -0.334515 55.676102
v 16.957361 -0.744194 52.725437
v 17.184834 -1.303112 49.760681
v 17.357746 -1.989509 46.773014
v 17.461569 -2.781642 43.754845
v 17.486462 -3.657783 40.700977
v 17.429171 -4.596239 37.609734
v 17.293917 -5.573013 34.483482
v 17.100178 -6.313907 31.331892
v 16.865795 -6.764191 28.163942
v 16.601065 -7.109376 24.985209
v 16.321934 -7.387113 21.803621
v 16.041630 -7.775749 18.625782
v 15.775972 -8.483343 15.459249
v 15.549215 -9.511673 12.314579
v 15.390065 -10.720182 9.203172
v 15.326312 -11.875167 6.130398
v 15.325994 -12.679674 3.065199
v 15.325994 -13.003281 0.000000
v 15.325994 -12.980612 -3.065199
v 15.325994 -12.767261 -6.130398
v 15.335316 -12.409330 -9.195597
v 15.362584 -11.890858 -12.260797
v 15.388682 -11.233131 -15.325994
v 15.399334 -10.462409 -18.391193
v 15.388668 -9.597534 -21.475142
v 15.361070 -8.658609 -24.641768
v 15.332491 -7.667543 -27.877253
v 15.325994 -6.647870 -31.158159
v 15.325994 -5.623653 -34.461403
v 15.325994 -4.620338 -37.764061
v 15.325994 -3.664188 -41.043808
v 15.325994 -2.781642 -44.279957
v 15.325994 -1.989509 -47.454945
v 15.325994 -1.303112 -50.556885
v 15.325994 -0.728216 -53.582626
v 15.325994 -0.256528 -56.538582
v 15.325994 0.073244 -59.438763
v 15.325994 0.229698 -62.300674
v 15.325994 0.328323 -65.141335
v 15.325994 0.409381 -67.979324
v 15.325994 0.462453 -70.834137
v 15.325994 0.480904 -73.725327
v 18.440914 0.574112 73.571381
v 18.584379 0.429089 70.549629
v 18.802135 0.234800 67.562576
v 19.074253 0.053092 64.602684
v 19.380531 -0.038323 61.661697
v 19.701435 -0.060807 58.731117
v 20.019497 -0.243141 55.802891
v 20.315865 -0.595594 52.868011
v 20.571243 -1.097607 49.917019
v 20.766916 -1.727479 46.940456
v 20.886410 -2.463534 43.929863
v 20.918039 -3.284135 40.879181
v 20.857662 -4.167694 37.786293
v 20.710114 -5.069550 34.653828
v 20.497156 -5.693295 31.492516
v 20.237705 -6.022676 28.311813
v 19.943180 -6.245331 25.117746
v 19.626209 -6.543536 21.916824
v 19.304085 -7.012240 18.717466
v 18.994471 -7.808366 15.528023
v 18.722574 -8.887033 12.359557
v 18.517181 -10.086850 9.223771
v 18.405519 -11.178185 6.130595
v 18.391193 -11.887912 3.065199
v 18.391682 -12.076990 0.000000
v 18.437559 -12.074590 -3.065199
v 18.533976 -11.919003 -6.130398
v 18.648878 -11.611714 -9.195597
v 18.753752 -11.156502 -12.260797
v 18.825136 -10.558508 -15.325994
v 18.846779 -9.831617 -18.391193
v 18.812037 -9.009262 -21.460049
v 18.725893 -8.111858 -24.593081
v 18.606192 -7.160997 -27.796303
v 18.483742 -6.180530 -31.047520
v 18.401379 -5.195889 -34.322124
v 18.391193 -4.232869 -37.594677
v 18.391193 -3.316220 -40.846519
v 18.391193 -2.472304 -44.059532
v 18.391193 -1.727479 -47.218765
v 18.391193 -1.097607 -50.314808
v 18.391193 -0.595594 -53.345543
v 18.391193 -0.232362 -56.316238
v 18.391193 -0.008100 -59.237858
v 18.391193 0.072757 -62.125011
v 18.391193 0.137097 -64.993179
v 18.391193 0.192522 -67.860382
v 18.391193 0.229698 -70.745506
v 18.391193 0.242758 -73.667778
v 21.543928 0.181926 73.585228
v 21.720631 0.114219 70.581802
v 21.970753 0.039640 67.612541
v 22.274172 0.018552 64.669510
v 22.611132 0.026931 61.744476
v 22.962280 0.016454 58.828960
v 23.309124 -0.114373 55.914509
v 23.632797 -0.418993 52.992226
v 23.913198 -0.871300 50.052452
v 24.130220 -1.443989 47.085335
v 24.265327 -2.115488 44.081654
v 24.304430 -2.872229 41.034332
v 24.242119 -3.675087 37.940662
v 24.083887 -4.484196 34.803524
v 23.851191 -5.078659 31.633392
v 23.567005 -5.375413 28.441416
v 23.244640 -5.560186 25.234297
v 22.897739 -5.816552 22.018826
v 22.542118 -6.313443 18.802675
v 22.197575 -7.140271 15.595050
v 21.890411 -8.194879 12.407515
v 21.648848 -9.302509 9.251726
v 21.498659 -10.245578 6.137446
v 21.484163 -10.821947 3.065199
v 21.612717 -11.000487 0.000000
v 21.809164 -11.032071 -3.065199
v 22.033922 -10.926147 -6.130398
v 22.250608 -10.682108 -9.195597
v 22.426952 -10.299841 -12.260797
v 22.537746 -9.769567 -15.325994
v 22.561615 -9.124805 -18.391193
v 22.492643 -8.367352 -21.456392
v 22.339701 -7.515394 -24.544868
v 22.122187 -6.609351 -27.703646
v 21.874741 -5.673161 -30.915277
v 21.644348 -4.732690 -34.156643
v 21.488035 -3.814739 -37.402050
v 21.456392 -2.945731 -40.625446
v 21.456392 -2.149656 -43.814228
v 21.456392 -1.452318 -46.957726
v 21.456392 -0.879614 -50.048264
v 21.456392 -0.443557 -53.084183
v 21.456392 -0.157561 -56.069775
v 21.456392 -0.042063 -59.014141
v 21.456392 -0.022913 -61.929134
v 21.456392 0.006430 -64.829025
v 21.456392 0.035922 -67.730789
v 21.456392 0.057128 -70.652504
v 21.456392 0.064792 -73.612846
v 24.642534 0.017524 73.601250
v 24.843403 -0.009955 70.612152
v 25.117252 -0.012141 67.656502
v 25.444120 0.017496 64.726212
v 25.804140 0.068979 61.812855
v 26.177668 0.116720 58.907822
v 26.545946 0.076980 56.002613
v 26.890970 -0.173225 53.088890
v 27.192003 -0.577788 50.157028
v 27.427917 -1.108928 47.197083
v 27.577948 -1.738097 44.199200
v 27.624874 -2.427376 41.155128
v 27.561525 -3.125639 38.061420
v 27.394840 -3.832200 34.921494
v 27.144320 -4.455653 31.744646
v 26.837618 -4.800247 28.543783
v 26.491199 -5.020881 25.326719
v 26.120045 -5.289085 22.100580
v 25.740812 -5.750759 18.873163
v 25.373442 -6.477997 15.653572
v 25.042635 -7.402555 12.452668
v 24.775249 -8.366222 9.281733
v 24.653498 -9.176683 6.150696
v 24.771845 -9.639926 3.065199
v 25.062763 -9.823086 0.000000
v 25.405081 -9.888825 -3.065199
v 25.758320 -9.791241 -6.130398
v 26.097916 -9.413631 -9.195597
v 26.370512 -8.887846 -12.260797
v 26.526033 -8.332420 -15.325994
v 26.535679 -7.807389 -18.391193
v 26.399288 -7.302198 -21.456392
v 26.142775 -6.739635 -24.521595
v 25.808393 -6.020959 -27.622913
v 25.433340 -5.135545 -30.783792
v 25.056202 -4.245299 -33.983112
v 24.738173 -3.378461 -37.196476
v 24.547142 -2.562222 -40.397690
v 24.521593 -1.822291 -43.563831
v 24.521593 -1.175506 -46.691910
v 24.521593 -0.623407 -49.777168
v 24.521593 -0.237141 -52.818333
v 24.521593 -0.045265 -55.819122
v 24.521593 -0.035110 -58.786919
v 24.521593 -0.042125 -61.731358
v 24.521593 -0.042125 -64.665947
v 24.521593 -0.038782 -67.606392
v 24.521593 -0.033600 -70.569786
v 24.521593 -0.031336 -73.574120
v 27.730305 -0.013911 73.615532
v 27.946022 -0.071057 70.636559
v 28.234644 -0.079961 67.690247
v 28.576082 -0.031413 64.768219
v 28.950327 0.062433 61.861908
v 29.337601 0.170875 58.962624
v 29.718603 0.245138 56.061775
v 30.076160 0.119013 53.151588
v 30.390968 -0.229150 50.223412
v 30.640884 -0.710494 47.267326
v 30.803860 -1.295869 44.273476
v 30.858809 -1.922683 41.232384
v 30.794949 -2.543703 38.139175
v 30.622726 -3.148256 34.998592
v 30.361797 -3.753099 31.819498
v 30.038170 -4.206280 28.613499
v 29.674170 -4.510612 25.390570
v 29.286377 -4.819649 22.158224
v 28.891985 -5.264799 18.924248
v 28.511223 -5.894311 15.697683
v 28.167446 -6.660002 12.488766
v 27.934816 -7.435062 9.308334
v 27.959005 -8.047474 6.165785
v 28.225006 -8.376473 3.066508
v 28.665535 -8.577194 0.000000
v 29.163616 -8.542095 -3.065199
v 29.692638 -8.102148 -6.130398
v 30.180883 -7.456222 -9.195597
v 30.549261 -6.786494 -12.260797
v 30.735479 -6.228271 -15.325994
v 30.711048 -5.846521 -18.391193
v 30.485590 -5.618788 -21.456392
v 30.099815 -5.436613 -24.521593
v 29.612894 -5.142403 -27.586811
v 29.088045 -4.572586 -30.684553
v 28.568710 -3.742173 -33.831280
v 28.098089 -2.933745 -37.004265
v 27.746937 -2.176749 -40.178291
v 27.589294 -1.394087 -43.328175
v 27.586792 -0.628974 -46.440601
v 27.586792 -0.016493 -49.519924
v 27.586792 0.344997 -52.566029
v 27.586792 0.411944 -55.582352
v 27.586792 0.257212 -58.574554
v 27.586792 0.069114 -61.550629
v 27.586792 -0.040298 -64.522423
v 27.586792 -0.042125 -67.504608
v 27.586792 -0.042125 -70.513710
v 27.586792 -0.042125 -73.564774
v 30.803520 -0.042451 73.625328
v 31.024324 -0.128537 70.652161
v 31.317993 -0.144056 67.710716
v 31.664341 -0.076688 64.792404
v 32.043240 0.058056 61.888485
v 32.434788 0.222393 58.990292
v 32.819572 0.366524 56.089302
v 33.179520 0.393095 53.177605
v 33.498104 0.147915 50.248077
v 33.753601 -0.275987 47.291466
v 33.923420 -0.803180 44.298306
v 33.985058 -1.358769 41.259228
v 33.923027 -1.914471 38.167740
v 33.750805 -2.452890 35.029484
v 33.489868 -2.961683 31.853374
v 33.161411 -3.464224 28.648298
v 32.789200 -3.880442 25.424353
v 32.393925 -4.250994 22.190470
v 31.993811 -4.687155 18.954636
v 31.609161 -5.223619 15.725764
v 31.273375 -5.824324 12.513585
v 31.176445 -6.381076 9.328403
v 31.353090 -6.778906 6.178360
v 31.761908 -7.080509 3.069569
v 32.353729 -7.197213 0.000000
v 33.040859 -6.782491 -3.065199
v 33.743809 -6.018932 -6.130398
v 34.363857 -5.137082 -9.195597
v 34.801952 -4.365243 -12.260797
v 34.988422 -3.901486 -15.325994
v 34.913212 -3.723781 -18.391193
v 34.599602 -3.751170 -21.456392
v 34.095039 -3.871955 -24.521593
v 33.462570 -3.958324 -27.586792
v 32.779121 -3.825783 -30.651989
v 32.115574 -3.231008 -33.734863
v 31.506353 -2.488716 -36.856945
v 31.015343 -1.635249 -39.995010
v 30.712620 -0.679545 -43.123951
v 30.651989 0.201928 -46.223591
v 30.651989 0.861513 -49.297226
v 30.651989 1.189342 -52.348648
v 30.651989 1.137137 -55.380787
v 30.651989 0.854860 -58.397621
v 30.651989 0.479376 -61.406239
v 30.651989 0.132866 -64.417137
v 30.651989 -0.040298 -67.443726
v 30.651989 -0.042125 -70.499573
v 30.651989 -0.042125 -73.564774
v 33.860714 -0.018535 73.628929
v 34.076633 -0.130398 70.657265
v 34.365398 -0.152186 67.716347
v 34.706711 -0.066234 64.797371
v 35.080341 0.106266 61.891518
v 35.466312 0.317876 58.990124
v 35.845192 0.512205 56.084827
v 36.198341 0.630088 53.167736
v 36.509594 0.523483 50.232204
v 36.760231 0.166371 47.270706
v 36.927006 -0.289523 44.274071
v 36.989063 -0.771856 41.234272
v 36.934330 -1.260043 38.146675
v 36.771313 -1.736394 35.014481
v 36.519421 -2.184107 31.845091
v 36.200066 -2.593538 28.646866
v 35.834209 -2.996945 25.428217
v 35.442837 -3.411056 22.197803
v 35.047092 -3.840008 18.964584
v 34.667881 -4.290840 15.737579
v 34.406536 -4.729783 12.526011
v 34.448769 -5.131166 9.338779
v 34.761986 -5.488459 6.184414
v 35.305447 -5.787810 3.071191
v 36.061481 -5.625616 0.000000
v 36.913498 -4.907335 -3.065199
v 37.753937 -3.888145 -6.130398
v 38.454590 -2.909006 -9.195597
v 38.912067 -2.263361 -12.260797
v 39.084923 -1.968717 -15.325994
v 38.965343 -1.996618 -18.391193
v 38.580418 -2.243597 -21.456392
v 37.983585 -2.569161 -24.521593
v 37.243000 -2.841393 -27.586792
v 36.433445 -2.956478 -30.651989
v 35.635250 -2.711896 -33.717190
v 34.909805 -1.950951 -36.785278
v 34.301598 -0.931453 -39.876911
v 33.877522 0.159533 -42.976524
v 33.717194 1.134097 -46.063290
v 33.717190 1.827075 -49.132332
v 33.717190 2.111654 -52.189625
v 33.717190 1.986794 -55.237183
v 33.717190 1.587576 -58.278374
v 33.717190 1.038013 -61.319485
v 33.717190 0.479375 -64.369987
v 33.717190 0.069114 -67.434380
v 33.717190 -0.042125 -70.499573
v 33.717190 -0.042125 -73.564774
v 36.903130 0.105403 73.625740
v 37.104252 -0.024597 70.651459
v 37.378242 -0.051558 67.707016
v 37.704685 0.052088 64.783424
v 38.063278 0.254775 61.871796
v 38.434086 0.498078 58.963570
v 38.797791 0.721560 56.050594
v 39.135986 0.866043 53.125351
v 39.431450 0.860258 50.181068
v 39.668354 0.587626 47.211803
v 39.825245 0.210869 44.209568
v 39.884636 -0.196650 41.168068
v 39.837727 -0.615772 38.084156
v 39.689205 -1.028434 34.959404
v 39.454113 -1.417446 31.799093
v 39.152225 -1.740872 28.610435
v 38.804424 -2.008992 25.401367
v 38.430454 -2.309477 22.179653
v 38.050671 -2.660653 18.953644
v 37.686943 -3.059565 15.732111
v 37.532852 -3.480290 12.523203
v 37.691280 -3.886932 9.336580
v 38.123222 -4.241546 6.182364
v 38.794140 -4.486991 3.070164
v 39.684853 -4.111104 0.000000
v 40.651772 -3.203910 -3.065199
v 41.569889 -2.084171 -6.130398
v 42.301903 -1.210922 -9.195597
v 42.774864 -0.664067 -12.260797
v 42.942604 -0.494993 -15.325994
v 42.792236 -0.710917 -18.391193
v 42.353924 -1.153025 -21.456392
v 41.687973 -1.634032 -24.521593
v 40.867737 -2.024159 -27.586792
v 39.970764 -2.227346 -30.651989
v 39.074795 -2.163055 -33.717190
v 38.258873 -1.349053 -36.782387
v 37.558475 -0.225329 -39.847588
v 37.042126 0.951682 -42.913528
v 36.793098 1.986659 -45.983021
v 36.782387 2.696239 -49.049057
v 36.782387 2.951665 -52.112408
v 36.782387 2.793008 -55.174637
v 36.782387 2.287921 -58.238777
v 36.782387 1.587576 -61.303978
v 36.782387 0.854859 -64.369179
v 36.782387 0.257212 -67.434380
v 36.782387 -0.035110 -70.499573
v 36.782387 -0.042125 -73.564774
v 39.934727 0.366542 73.616341
v 40.111374 0.237253 70.635490
v 40.361073 0.210912 67.683815
v 40.663254 0.326724 64.752121
v 40.997700 0.540784 61.831528
v 41.344673 0.790249 58.913639
v 41.685204 1.014507 55.990616
v 42.001385 1.154847 53.055363
v 42.276451 1.154087 50.101574
v 42.494488 0.959166 47.123539
v 42.638111 0.664898 44.115158
v 42.693188 0.333503 41.071621
v 42.652885 -0.015373 37.990582
v 42.519958 -0.362806 34.872856
v 42.305740 -0.646490 31.722147
v 42.027447 -0.851214 28.544395
v 41.704277 -1.008940 25.346525
v 41.355587 -1.194504 22.135849
v 41.000862 -1.459281 18.920101
v 40.674480 -1.804188 15.707423
v 40.614128 -2.205820 12.504652
v 40.867138 -2.631252 9.322720
v 41.394871 -3.039103 6.173212
v 42.169868 -3.282523 3.067329
v 43.139812 -2.837802 0.000000
v 44.163567 -1.877501 -3.065199
v 45.105797 -0.848167 -6.130398
v 45.853676 -0.085994 -9.195597
v 46.340073 0.369688 -12.260797
v 46.511078 0.435733 -15.325994
v 46.342499 0.061871 -18.391193
v 45.869118 -0.504107 -21.456392
v 45.159264 -1.059449 -24.521593
v 44.290054 -1.492041 -27.586792
v 43.340256 -1.717459 -30.651989
v 42.388611 -1.644461 -33.717190
v 41.512196 -0.811631 -36.782387
v 40.751202 0.341342 -39.847588
v 40.176880 1.539970 -42.912785
v 39.874142 2.585956 -45.977982
v 39.847588 3.292216 -49.043186
v 39.847588 3.579050 -52.108383
v 39.847588 3.387458 -55.173584
v 39.847588 2.797144 -58.238777
v 39.847588 1.987608 -61.303978
v 39.847588 1.137137 -64.369179
v 39.847588 0.417576 -67.434380
v 39.847588 0.001062 -70.499573
v 39.847588 -0.042125 -73.564774
v 42.962101 0.773661 73.602325
v 43.105026 0.674286 70.611168
v 43.321362 0.666511 67.648842
v 43.590691 0.776659 64.706062
v 43.892937 0.972837 61.773987
v 44.208759 1.197230 58.844391
v 44.519753 1.390559 55.909832
v 44.808773 1.495081 52.963676
v 45.060059 1.454466 50.000187
v 45.258213 1.253912 47.014004
v 45.386852 1.040449 43.999531
v 45.436371 0.786466 40.953739
v 45.401340 0.508915 37.874817
v 45.283257 0.256547 34.763119
v 45.090961 0.097478 31.621382
v 44.839333 0.005575 28.454542
v 44.545628 -0.058801 25.268593
v 44.228230 -0.144005 22.070267
v 43.905956 -0.322698 18.866850
v 43.623302 -0.612477 15.665734
v 43.629276 -0.993415 12.472679
v 43.951576 -1.432754 9.299685
v 44.552010 -1.886934 6.159665
v 45.392693 -2.230233 3.065246
v 46.381107 -1.887352 0.000000
v 47.408688 -1.018041 -3.065199
v 48.342831 -0.146294 -6.130398
v 49.087391 0.473884 -9.195597
v 49.577221 0.792407 -12.260797
v 49.753994 0.732493 -15.325994
v 49.576790 0.304765 -18.391193
v 49.090092 -0.256973 -21.456392
v 48.366192 -0.789934 -24.521593
v 47.482182 -1.192389 -27.586792
v 46.516190 -1.381992 -30.651989
v 45.546360 -1.250461 -33.717190
v 44.645359 -0.430728 -36.782387
v 43.860790 0.663998 -39.847588
v 43.266369 1.801381 -42.912785
v 42.946037 2.786835 -45.977982
v 42.912785 3.508444 -49.043186
v 42.912785 3.822967 -52.108383
v 42.912785 3.611338 -55.173584
v 42.912785 2.985130 -58.238777
v 42.912785 2.134172 -61.303978
v 42.912785 1.241486 -64.369179
v 42.912785 0.479375 -67.434380
v 42.912785 0.020139 -70.499573
v 42.912785 -0.042125 -73.564774
v 45.994492 1.293796 73.586395
v 46.095116 1.242836 70.581390
v 46.269859 1.259107 67.605316
v 46.498650 1.357954 64.648849
v 46.761818 1.517523 61.703243
v 47.040558 1.691479 58.760517
v 47.317207 1.825751 55.813576
v 47.575542 1.865215 52.856216
v 47.800816 1.755177 49.883198
v 47.978142 1.515825 46.889366
v 48.092529 1.309390 43.869652
v 48.135677 1.131202 40.821507
v 48.104786 0.927837 37.744106
v 48.000282 0.790281 34.637409
v 47.829926 0.742475 31.503788
v 47.606476 0.752844 28.347387
v 47.345444 0.776926 25.173487
v 47.063881 0.768805 21.988226
v 46.779793 0.672680 18.798471
v 46.534485 0.435448 15.611213
v 46.576469 0.075231 12.431336
v 46.939091 -0.371874 9.271357
v 47.584602 -0.859879 6.145339
v 48.443966 -1.313694 3.065199
v 49.401752 -1.231741 0.000000
v 50.390324 -0.573271 -3.065199
v 51.288746 0.122535 -6.130398
v 52.005619 0.583563 -9.195597
v 52.476025 0.762577 -12.260797
v 52.642784 0.626985 -15.325994
v 52.474937 0.229920 -18.391193
v 52.004944 -0.265855 -21.456392
v 51.300671 -0.722716 -24.521593
v 50.437614 -1.047004 -27.586792
v 49.492344 -1.158375 -30.651989
v 48.540619 -0.964349 -33.717190
v 47.651676 -0.252742 -36.782387
v 46.882561 0.692593 -39.847588
v 46.306656 1.681330 -42.912785
v 46.004471 2.592353 -45.977982
v 45.977982 3.276613 -49.043186
v 45.977982 3.569060 -52.108383
v 45.977982 3.383031 -55.173584
v 45.977982 2.797143 -58.238777
v 45.977982 1.987608 -61.303978
v 45.977982 1.137136 -64.369179
v 45.977982 0.417576 -67.434380
v 45.977982 0.001062 -70.499573
v 45.977982 -0.042125 -73.564774
v 49.043415 1.865220 73.572327
v 49.094139 1.869635 70.550095
v 49.220093 1.910635 67.557411
v 49.401760 1.997166 64.584961
v 49.620121 2.112664 61.624142
v 49.857067 2.220907 58.667198
v 50.095787 2.275585 55.707344
v 50.320938 2.226444 52.738735
v 50.518593 2.027181 49.756393
v 50.673660 1.760557 46.755016
v 50.773968 1.526185 43.730576
v 50.811874 1.345482 40.680676
v 50.784382 1.217475 37.604385
v 50.692886 1.180405 34.502064
v 50.544399 1.226264 31.375887
v 50.350029 1.323104 28.229446
v 50.123753 1.425599 25.067490
v 49.881386 1.483506 21.895700
v 49.639832 1.456482 18.720528
v 49.426331 1.267712 15.548967
v 49.472790 0.929601 12.385472
v 49.844818 0.484265 9.242224
v 50.503948 -0.015962 6.134265
v 51.330173 -0.502814 3.065199
v 52.223499 -0.747161 0.000000
v 53.138130 -0.406891 -3.065199
v 53.974644 0.103605 -6.130398
v 54.641075 0.419680 -9.195597
v 55.074253 0.498381 -12.260797
v 55.225025 0.339441 -15.325994
v 55.072601 0.002505 -18.391193
v 54.640057 -0.399455 -21.456392
v 53.983696 -0.755135 -24.521593
v 53.173382 -0.974796 -27.586792
v 52.282391 -0.979478 -30.651989
v 51.382084 -0.752285 -33.717190
v 50.540211 -0.274180 -36.782387
v 49.823570 0.445863 -39.847588
v 49.302574 1.285693 -42.912785
v 49.053764 2.085381 -45.977982
v 49.043186 2.679791 -49.043186
v 49.043186 2.932863 -52.108383
v 49.043186 2.785314 -55.173584
v 49.043186 2.287920 -58.238777
v 49.043186 1.587575 -61.303978
v 49.043186 0.854858 -64.369179
v 49.043186 0.257211 -67.434380
v 49.043186 -0.035110 -70.499573
v 49.043186 -0.042125 -73.564774
v 52.108383 2.415588 73.564964
v 52.116493 2.477590 70.522224
v 52.187641 2.543201 67.510208
v 52.316776 2.617047 64.519646
v 52.485687 2.685445 61.542080
v 52.677120 2.719758 58.569962
v 52.875095 2.681586 55.596725
v 53.065094 2.526823 52.616741
v 53.232929 2.267387 49.624786
v 53.364799 1.977673 46.615963
v 53.450539 1.714163 43.586899
v 53.483410 1.502879 40.535454
v 53.460476 1.361151 37.460667
v 53.382298 1.380894 34.362568
v 53.255886 1.499858 31.243477
v 53.091404 1.662769 28.106747
v 52.901485 1.826661 24.956730
v 52.700771 1.938437 21.798763
v 52.505096 1.963917 18.638973
v 52.331390 1.822994 15.484346
v 52.351154 1.518971 12.340074
v 52.701664 1.095870 9.216842
v 53.321022 0.610321 6.130398
v 54.073288 0.131224 3.065199
v 54.884827 -0.272240 0.000000
v 55.700855 -0.317872 -3.065199
v 56.451420 -0.054178 -6.130398
v 57.051189 0.140185 -9.195597
v 57.438454 0.155658 -12.260797
v 57.572124 0.002771 -15.325994
v 57.437260 -0.265463 -18.391193
v 57.051788 -0.565272 -21.456392
v 56.461384 -0.806661 -24.521593
v 55.727531 -0.903467 -27.586792
v 54.917938 -0.779267 -30.651989
v 54.096523 -0.634048 -33.717190
v 53.334263 -0.422700 -36.782387
v 52.702919 0.090611 -39.847588
v 52.269920 0.751379 -42.912785
v 52.108383 1.396412 -45.977982
v 52.108383 1.878321 -49.043186
v 52.108383 2.087011 -52.108383
v 52.108383 1.978123 -55.173584
v 52.108383 1.587575 -58.238777
v 52.108383 1.038012 -61.303978
v 52.108383 0.479375 -64.369179
v 52.108383 0.069114 -67.434380
v 52.108383 -0.042125 -70.499573
v 52.108383 -0.042125 -73.564774
v 55.173584 2.869909 73.564774
v 55.173584 2.989618 70.503616
v 55.189144 3.079366 67.469582
v 55.261459 3.140310 64.458824
v 55.377254 3.160261 61.462963
v 55.520164 3.116371 58.474621
v 55.675056 2.977503 55.487350
v 55.827499 2.744995 52.495358
v 55.963520 2.467791 49.493286
v 56.071468 2.158402 46.476963
v 56.142204 1.865259 43.443268
v 56.169701 1.623339 40.390209
v 56.151398 1.444968 37.316936
v 56.087753 1.421608 34.223454
v 55.984493 1.536991 31.111662
v 55.850800 1.738116 27.984713
v 55.698605 1.942828 24.846867
v 55.541523 2.089887 21.703247
v 55.394356 2.149184 18.559738
v 55.273083 2.065274 15.423123
v 55.256477 1.816946 12.300145
v 55.552116 1.442321 9.199822
v 56.068752 1.001375 6.130398
v 56.716496 0.560198 3.065199
v 57.427952 0.186264 0.000000
v 58.137852 -0.081105 -3.065199
v 58.784176 -0.181778 -6.130398
v 59.305649 -0.130741 -9.195597
v 59.642513 -0.159406 -12.260797
v 59.758774 -0.293903 -15.325994
v 59.642742 -0.492205 -18.391193
v 59.308868 -0.688842 -21.456392
v 58.794575 -0.807065 -24.521593
v 58.152790 -0.763151 -27.586792
v 57.440968 -0.673063 -30.651989
v 56.724209 -0.589704 -33.717190
v 56.071156 -0.495281 -36.782387
v 55.552624 -0.224997 -39.847588
v 55.236923 0.218048 -42.912785
v 55.173584 0.683738 -45.977982
v 55.173584 1.042261 -49.043186
v 55.173584 1.203334 -52.108383
v 55.173584 1.131369 -55.173584
v 55.173584 0.854859 -58.238777
v 55.173584 0.479375 -61.303978
v 55.173584 0.137677 -64.369179
v 55.173584 -0.010583 -67.434380
v 55.173584 0.000715 -70.499573
v 55.173584 -0.012411 -73.564774
v 58.238777 3.153246 73.564774
v 58.238777 3.329350 70.499573
v 58.238777 3.442381 67.442108
v 58.253326 3.490237 64.408920
v 58.313141 3.461135 61.393070
v 58.405045 3.343535 58.387180
v 58.514168 3.155284 55.384617
v 58.626637 2.909696 52.379513
v 58.729923 2.618907 49.366951
v 58.813381 2.295259 46.342918
v 58.868713 1.973594 43.304455
v 58.890518 1.701639 40.249683
v 58.876579 1.483637 37.177830
v 58.827492 1.394946 34.088982
v 58.748062 1.445328 30.984795
v 58.646515 1.587912 27.868217
v 58.533497 1.771799 24.743208
v 58.421719 1.923175 21.614754
v 58.325180 2.006290 18.488665
v 58.259060 1.987738 15.371638
v 58.242691 1.821690 12.271258
v 58.416386 1.523202 9.195597
v 58.796764 1.156926 6.130398
v 59.315189 0.800546 3.065199
v 59.905315 0.494298 0.000000
v 60.502846 0.240204 -3.065199
v 61.045837 -0.008665 -6.130398
v 61.480328 -0.215015 -9.195597
v 61.762432 -0.351347 -12.260797
v 61.860798 -0.470910 -15.325994
v 61.763966 -0.601887 -18.391193
v 61.483521 -0.693885 -21.456392
v 61.049606 -0.716244 -24.521593
v 60.506165 -0.681195 -27.586792
v 59.907986 -0.615461 -30.651989
v 59.316235 -0.537742 -33.717190
v 58.796070 -0.451180 -36.782387
v 58.415100 -0.358173 -39.847588
v 58.242481 -0.158188 -42.912785
v 58.238777 0.113063 -45.977982
v 58.238777 0.341934 -49.043186
v 58.238777 0.452734 -52.108383
v 58.238777 0.415591 -55.173584
v 58.238777 0.258446 -58.238777
v 58.238777 0.145625 -61.303978
v 58.238777 0.165659 -64.369179
v 58.238777 0.274169 -67.434380
v 58.238777 0.316690 -70.499573
v 58.238777 0.274169 -73.564774
v 61.303978 3.266772 73.564774
v 61.303978 3.462938 70.499573
v 61.303978 3.588783 67.434380
v 61.303978 3.632722 64.376877
v 61.310307 3.588784 61.338852
v 61.348778 3.462937 58.313503
v 61.410213 3.266772 55.294174
v 61.481659 3.012647 52.275101
v 61.551514 2.713020 49.251434
v 61.610023 2.380369 46.219299
v 61.649647 2.036149 43.175808
v 61.665489 1.735276 40.119167
v 61.655586 1.486625 37.048626
v 61.620861 1.319712 33.964489
v 61.565269 1.288299 30.868134
v 61.496368 1.311531 27.762486
v 61.423683 1.356954 24.651281
v 61.358692 1.412379 21.539238
v 61.314617 1.467328 18.432121
v 61.303978 1.499892 15.336742
v 61.303978 1.449733 12.260797
v 61.339153 1.370116 9.195597
v 61.561630 1.236440 6.130398
v 61.931648 1.036612 3.065199
v 62.384533 0.830723 0.000000
v 62.858009 0.572324 -3.065199
v 63.294811 0.260892 -6.130398
v 63.645798 -0.052946 -9.195597
v 63.873093 -0.302426 -12.260797
v 63.952141 -0.460547 -15.325994
v 63.873070 -0.576558 -18.391193
v 63.644646 -0.644279 -21.456392
v 63.292141 -0.656184 -24.521593
v 62.854607 -0.612612 -27.586792
v 62.381432 -0.550874 -30.651989
v 61.929367 -0.478074 -33.717190
v 61.560093 -0.397180 -36.782387
v 61.338581 -0.312262 -39.847588
v 61.303978 -0.228810 -42.912785
v 61.303978 -0.147965 -45.977982
v 61.303978 -0.052914 -49.043186
v 61.303978 0.005369 -52.108383
v 61.303978 0.002304 -55.173584
v 61.303978 0.085292 -58.238777
v 61.303978 0.316690 -61.303978
v 61.303978 0.575041 -64.369179
v 61.303978 0.769260 -67.434380
v 61.303978 0.841057 -70.499573
v 61.303978 0.769260 -73.564774
v 64.369179 3.304893 73.564774
v 64.369179 3.504062 70.499573
v 64.369179 3.632721 67.434380
v 64.369179 3.678384 64.369179
v 64.369179 3.632722 61.307926
v 64.369179 3.504062 58.260963
v 64.381836 3.304893 55.223293
v 64.411491 3.047708 52.189053
v 64.447441 2.744997 49.153431
v 64.480698 2.409248 46.112583
v 64.504402 2.053562 43.063694
v 64.514114 1.725155 40.004993
v 64.508072 1.448807 36.935764
v 64.487297 1.225512 33.856403
v 64.455612 1.036048 30.768414
v 64.419327 0.882171 27.674341
v 64.387131 0.780416 24.577805
v 64.369789 0.739801 21.483555
v 64.369179 0.754358 18.397518
v 64.369179 0.811271 15.325994
v 64.369179 0.936680 12.260797
v 64.369179 1.118359 9.195597
v 64.422256 1.263053 6.130398
v 64.628120 1.289452 3.065199
v 64.930946 1.164463 0.000000
v 65.272232 0.906595 -3.065199
v 65.599030 0.547886 -6.130398
v 65.866272 0.148403 -9.195597
v 66.039902 -0.212756 -12.260797
v 66.099602 -0.445693 -15.325994
v 66.038399 -0.543077 -18.391193
v 65.862389 -0.591540 -21.456392
v 65.593628 -0.584148 -24.521593
v 65.266747 -0.537831 -27.586792
v 64.926476 -0.479587 -30.651989
v 64.625298 -0.411364 -33.717190
v 64.421265 -0.336133 -36.782387
v 64.369179 -0.258124 -39.847588
v 64.369179 -0.184913 -42.912785
v 64.369179 -0.122237 -45.977982
v 64.369179 -0.074755 -49.043186
v 64.369179 -0.047167 -52.108383
v 64.369179 0.034412 -55.173584
v 64.369179 0.316691 -58.238777
v 64.369179 0.701058 -61.303978
v 64.369179 1.079183 -64.369179
v 64.369179 1.354423 -67.434380
v 64.369179 1.455266 -70.499573
v 64.369179 1.354423 -73.564774
v 67.434380 3.266772 73.564774
v 67.434380 3.462939 70.499573
v 67.434380 3.588784 67.434380
v 67.434380 3.632721 64.369179
v 67.434380 3.588783 61.303978
v 67.434380 3.462937 58.238949
v 67.434380 3.266772 55.180973
v 67.434380 3.012648 52.129910
v 67.436699 2.713020 49.081165
v 67.444550 2.380369 46.030807
v 67.452255 2.027180 42.976017
v 67.455772 1.676382 39.915051
v 67.453545 1.374043 36.847202
v 67.446571 1.083262 33.772945
v 67.438293 0.730873 30.693790
v 67.434380 0.404982 27.612123
v 67.434380 0.160842 24.531698
v 67.434380 0.025523 21.457245
v 67.434380 0.009588 18.391193
v 67.434380 0.155342 15.325994
v 67.434380 0.495521 12.260797
v 67.434380 0.922777 9.195597
v 67.434380 1.327919 6.130398
v 67.470268 1.583073 3.065199
v 67.613678 1.551450 0.000000
v 67.816666 1.298976 -3.065199
v 68.030418 0.902596 -6.130398
v 68.213547 0.432446 -9.195597
v 68.334854 -0.022278 -12.260797
v 68.375916 -0.364042 -15.325994
v 68.331940 -0.499842 -18.391193
v 68.208755 -0.525750 -21.456392
v 68.025192 -0.500588 -24.521593
v 67.812263 -0.456596 -27.586792
v 67.610687 -0.401830 -30.651989
v 67.468979 -0.338389 -33.717190
v 67.434380 -0.269583 -36.782387
v 67.434380 -0.202044 -39.847588
v 67.434380 -0.141021 -42.912785
v 67.434380 -0.090994 -45.977982
v 67.434380 -0.056531 -49.043186
v 67.434380 -0.037435 -52.108383
v 67.434380 0.163832 -55.173584
v 67.434380 0.575041 -58.238777
v 67.434380 1.079183 -61.303978
v 67.434380 1.561052 -64.369179
v 67.434380 1.911420 -67.434380
v 67.434380 2.040762 -70.499573
v 67.434380 1.911419 -73.564774
v 70.499573 3.155285 73.564774
v 70.499573 3.343536 70.499573
v 70.499573 3.462939 67.434380
v 70.499573 3.504062 64.369179
v 70.499573 3.462938 61.303978
v 70.499573 3.343535 58.238777
v 70.499573 3.155285 55.173584
v 70.499573 2.909696 52.108383
v 70.499573 2.618907 49.045250
v 70.499573 2.295259 45.984337
v 70.499573 1.951172 42.922993
v 70.499573 1.599099 39.859512
v 70.499573 1.270068 36.793209
v 70.499573 0.885750 33.724567
v 70.499573 0.437654 30.654985
v 70.499573 -0.005781 27.586901
v 70.499573 -0.375354 24.521593
v 70.499573 -0.600605 21.456392
v 70.499573 -0.638111 18.391193
v 70.499573 -0.360988 15.325994
v 70.499573 0.166060 12.260797
v 70.499573 0.809888 9.195597
v 70.499573 1.411945 6.130398
v 70.499573 1.822115 3.065199
v 70.503578 1.910772 0.000000
v 70.563377 1.668620 -3.065199
v 70.661163 1.241882 -6.130398
v 70.759048 0.716704 -9.195597
v 70.828423 0.192504 -12.260797
v 70.852188 -0.227150 -15.325994
v 70.825806 -0.437624 -18.391193
v 70.755692 -0.440756 -21.456392
v 70.658340 -0.410462 -24.521593
v 70.561760 -0.369201 -27.586792
v 70.503204 -0.318504 -30.651989
v 70.499573 -0.261485 -33.717190
v 70.499573 -0.203462 -36.782387
v 70.499573 -0.148510 -39.847588
v 70.499573 -0.100816 -42.912785
v 70.499573 -0.064727 -45.977982
v 70.499573 -0.044701 -49.043186
v 70.499573 -0.012411 -52.108383
v 70.499573 0.274170 -55.173584
v 70.499573 0.769261 -58.238777
v 70.499573 1.354423 -61.303978
v 70.499573 1.911420 -64.369179
v 70.499573 2.322943 -67.434380
v 70.499573 2.478997 -70.499573
v 70.499573 2.322942 -73.564774
v 73.564774 2.977966 73.564774
v 73.564774 3.155285 70.499573
v 73.564774 3.266772 67.434380
v 73.564774 3.304893 64.369179
v 73.564774 3.266772 61.303978
v 73.564774 3.155285 58.238777
v 73.564774 2.977966 55.173584
v 73.564774 2.744997 52.108383
v 73.564774 2.467791 49.043186
v 73.564774 2.158308 45.977982
v 73.564774 1.828756 42.912785
v 73.564774 1.491466 39.847588
v 73.564774 1.143347 36.782387
v 73.564774 0.689927 33.717190
v 73.564774 0.175951 30.651989
v 73.564774 -0.328903 27.586792
v 73.564774 -0.755045 24.521593
v 73.564774 -1.032860 21.456392
v 73.564774 -1.071758 18.391193
v 73.564774 -0.702750 15.325994
v 73.564774 -0.055429 12.260797
v 73.564774 0.711865 9.195597
v 73.564774 1.438389 6.130398
v 73.564774 1.966396 3.065199
v 73.564774 2.148385 0.000000
v 73.564774 1.927005 -3.065199
v 73.564774 1.483099 -6.130398
v 73.575897 0.928882 -9.195597
v 73.592888 0.369991 -12.260797
v 73.599861 -0.087030 -15.325994
v 73.592033 -0.335743 -18.391193
v 73.575180 -0.342968 -21.456392
v 73.564774 -0.315006 -24.521593
v 73.564774 -0.278069 -27.586792
v 73.564774 -0.235030 -30.651989
v 73.564774 -0.188927 -33.717190
v 73.564774 -0.143210 -36.782387
v 73.564774 -0.101643 -39.847588
v 73.564774 -0.068240 -42.912785
v 73.564774 -0.047196 -45.977982
v 73.564774 -0.042125 -49.043186
v 73.564774 0.000715 -52.108383
v 73.564774 0.316691 -55.173584
v 73.564774 0.841058 -58.238777
v 73.564774 1.455266 -61.303978
v 73.564774 2.040764 -64.369179
v 73.564774 2.478998 -67.434380
v 73.564774 2.651422 -70.499573
v 73.564774 2.478997 -73.564774
vn -0.0000 0.9954 -0.0954
vn 0.0498 0.9942 -0.0955
vn 0.0461 0.9895 -0.1372
vn -0.0000 0.9905 -0.1373
vn -0.1913 0.9815 0.0104
vn -0.1903 0.9817 0.0111
vn -0.1910 0.9814 -0.0178
vn -0.1924 0.9812 -0.0163
vn -0.1815 0.9833 0.0116
vn -0.1814 0.9832 -0.0211
vn -0.1585 0.9873 0.0106
vn -0.1576 0.9872 -0.0252
vn -0.1204 0.9927 0.0081
vn -0.1189 0.9925 -0.0296
vn -0.0669 0.9978 0.0049
vn -0.0653 0.9973 -0.0333
vn -0.0012 1.0000 0.0021
vn -0.0000 0.9994 -0.0347
vn 0.0647 0.9979 0.0005
vn 0.0652 0.9973 -0.0334
vn 0.1185 0.9929 0.0001
vn 0.1186 0.9925 -0.0302
vn 0.1572 0.9876 0.0002
vn 0.1572 0.9872 -0.0266
vn 0.1814 0.9834 0.0002
vn 0.1813 0.9832 -0.0230
vn 0.1914 0.9815 0.0002
vn 0.1913 0.9813 -0.0195
vn 0.1860 0.9825 0.0002
vn 0.1859 0.9824 -0.0161
vn 0.1534 0.9882 0.0002
vn 0.1534 0.9881 -0.0134
vn 0.0945 0.9955 0.0001
vn 0.0944 0.9955 -0.0114
vn 0.0238 0.9997 0.0001
vn 0.0238 0.9997 -0.0095
vn -0.0482 0.9988 0.0001
vn -0.0481 0.9988 -0.0081
vn -0.0886 0.9961 0.0001
vn -0.0885 0.9960 -0.0081
vn -0.0937 0.9956 0.0001
vn -0.0937 0.9956 -0.0095
vn -0.0887 0.9961 -0.0000
vn -0.0887 0.9960 -0.0112
vn -0.0766 0.9971 0.0001
vn -0.0766 0.9970 -0.0130
vn -0.0575 0.9983 0.0002
vn -0.0576 0.9982 -0.0147
vn -0.0314 0.9995 0.0002
vn -0.0316 0.9994 -0.0164
vn 0.0001 1.0000 0.0002
vn -0.0001 0.9999 -0.0172
vn 0.0316 0.9995 0.0001
vn 0.0314 0.9994 -0.0167
vn 0.0576 0.9983 0.0001
vn 0.0574 0.9982 -0.0153
vn 0.0766 0.9971 0.0001
vn 0.0766 0.9970 -0.0136
vn 0.0887 0.9961 0.0001
vn 0.0886 0.9960 -0.0118
vn 0.0937 0.9956 0.0001
vn 0.0937 0.9955 -0.0100
vn 0.0917 0.9958 0.0001
vn 0.0918 0.9957 -0.0081
vn 0.0828 0.9966 0.0001
vn 0.0829 0.9965 -0.0062
vn 0.0668 0.9978 0.0001
vn 0.0669 0.9977 -0.0044
vn 0.0438 0.9990 -0.0000
vn 0.0438 0.9990 -0.0025
vn 0.0168 0.9999 -0.0000
vn 0.0168 0.9999 -0.0010
vn 0.0016 1.0000 -0.0000
vn 0.0016 1.0000 -0.0002
vn -0.0000 1.0000 -0.0000
vn -0.0003 1.0000 -0.0003
vn -0.0018 1.0000 -0.0023
vn -0.0023 1.0000 -0.0063
vn -0.0000 1.0000 -0.0086
vn 0.0023 1.0000 -0.0063
vn 0.0018 1.0000 -0.0023
vn -0.0041 1.0000 -0.0018
vn -0.0028 1.0000 -0.0020
vn -0.0487 0.9988 -0.0093
vn -0.0425 0.9990 -0.0130
vn -0.1219 0.9922 -0.0247
vn -0.1127 0.9930 -0.0355
vn -0.1692 0.9847 -0.0426
vn -0.1602 0.9851 -0.0621
vn -0.1790 0.9820 -0.0600
vn -0.1704 0.9815 -0.0875
vn -0.1523 0.9854 -0.0765
vn -0.1446 0.9832 -0.1112
vn -0.0898 0.9919 -0.0898
vn -0.0845 0.9879 -0.1298
vn 0.0452 0.9958 0.0795
vn 0.0643 0.9951 0.0754
vn 0.0664 0.9956 0.0664
vn 0.0468 0.9964 0.0702
vn 0.0702 0.9964 0.0468
vn 0.0499 0.9975 0.0499
vn 0.0728 0.9971 0.0243
vn 0.0521 0.9983 0.0261
vn 0.0737 0.9973 -0.0000
vn 0.0529 0.9986 -0.0000
vn 0.0728 0.9971 -0.0243
vn 0.0521 0.9983 -0.0261
vn 0.0702 0.9964 -0.0468
vn 0.0498 0.9975 -0.0499
vn 0.0664 0.9956 -0.0664
vn 0.0467 0.9964 -0.0703
vn 0.0619 0.9947 -0.0825
vn 0.0431 0.9953 -0.0869
vn 0.0569 0.9939 -0.0948
vn 0.0391 0.9943 -0.0994
vn 0.0515 0.9933 -0.1032
vn 0.0351 0.9935 -0.1080
vn 0.0460 0.9931 -0.1077
vn 0.0315 0.9932 -0.1120
vn 0.0421 0.9931 -0.1096
vn 0.0313 0.9935 -0.1094
vn 0.0447 0.9910 -0.1262
vn 0.0411 0.9926 -0.1141
vn 0.0559 0.9868 -0.1522
vn 0.0625 0.9893 -0.1320
vn 0.0707 0.9844 -0.1608
vn 0.0893 0.9862 -0.1397
vn 0.0851 0.9855 -0.1469
vn 0.1177 0.9851 -0.1254
vn 0.0983 0.9890 -0.1108
vn 0.1454 0.9852 -0.0913
vn 0.1076 0.9929 -0.0498
vn 0.1651 0.9855 -0.0399
vn 0.1058 0.9931 0.0506
vn 0.1637 0.9858 0.0378
vn 0.0891 0.9836 0.1571
vn 0.1343 0.9831 0.1247
vn 0.0633 0.9737 0.2189
vn 0.0869 0.9797 0.1806
vn 0.0351 0.9722 0.2314
vn 0.0345 0.9807 0.1925
vn 0.0065 0.9807 0.1955
vn -0.0161 0.9873 0.1583
vn -0.0213 0.9936 0.1108
vn -0.0608 0.9951 0.0775
vn -0.0426 0.9991 -0.0080
vn -0.0932 0.9953 -0.0276
vn -0.0523 0.9929 -0.1069
vn -0.1056 0.9883 -0.1103
vn -0.0535 0.9859 -0.1585
vn -0.1022 0.9827 -0.1546
vn -0.0514 0.9831 -0.1757
vn -0.0904 0.9816 -0.1683
vn -0.0480 0.9860 -0.1599
vn -0.0732 0.9860 -0.1500
vn -0.0432 0.9929 -0.1108
vn -0.0527 0.9937 -0.0990
vn -0.0376 0.9985 -0.0403
vn -0.0372 0.9987 -0.0338
vn -0.0336 0.9994 0.0032
vn -0.0331 0.9994 0.0039
vn -0.0312 0.9995 0.0106
vn -0.0330 0.9994 0.0124
vn -0.0287 0.9995 0.0130
vn -0.0309 0.9994 0.0157
vn -0.0256 0.9996 0.0145
vn -0.0279 0.9995 0.0178
vn -0.0220 0.9996 0.0149
vn -0.0244 0.9995 0.0187
vn -0.0179 0.9997 0.0142
vn -0.0205 0.9996 0.0184
vn -0.0134 0.9998 0.0122
vn -0.0163 0.9997 0.0167
vn -0.0087 0.9999 0.0088
vn -0.0118 0.9998 0.0136
vn -0.0041 1.0000 0.0046
vn -0.0071 0.9999 0.0091
vn -0.0011 1.0000 0.0073
vn -0.0045 1.0000 0.0084
vn -0.0001 0.9985 0.0550
vn -0.0099 0.9987 0.0495
vn -0.0000 0.9914 0.1310
vn -0.0247 0.9922 0.1219
vn -0.0000 0.9840 0.1781
vn -0.0426 0.9847 0.1692
vn -0.0000 0.9822 0.1876
vn -0.0600 0.9820 0.1790
vn -0.0000 0.9871 0.1602
vn -0.0765 0.9854 0.1523
vn -0.0000 0.9954 0.0954
vn -0.0898 0.9919 0.0898
vn -0.0954 0.9954 -0.0000
vn 0.0234 0.9963 0.0822
vn 0.0243 0.9971 0.0728
vn 0.0261 0.9983 0.0521
vn 0.0275 0.9992 0.0275
vn 0.0280 0.9996 -0.0000
vn 0.0274 0.9992 -0.0275
vn 0.0258 0.9983 -0.0522
vn 0.0237 0.9970 -0.0731
vn 0.0213 0.9957 -0.0899
vn 0.0188 0.9945 -0.1026
vn 0.0163 0.9937 -0.1111
vn 0.0157 0.9935 -0.1132
vn 0.0196 0.9943 -0.1051
vn 0.0318 0.9948 -0.0971
vn 0.0580 0.9931 -0.1023
vn 0.0975 0.9897 -0.1044
vn 0.1421 0.9859 -0.0888
vn 0.1819 0.9815 -0.0601
vn 0.2085 0.9777 -0.0237
vn 0.2110 0.9772 0.0228
vn 0.1801 0.9805 0.0785
vn 0.1214 0.9852 0.1211
vn 0.0501 0.9902 0.1306
vn -0.0220 0.9947 0.1007
vn -0.0844 0.9960 0.0308
vn -0.1245 0.9909 -0.0517
vn -0.1378 0.9840 -0.1130
vn -0.1314 0.9805 -0.1462
vn -0.1117 0.9820 -0.1523
vn -0.0818 0.9883 -0.1286
vn -0.0492 0.9957 -0.0779
vn -0.0300 0.9992 -0.0270
vn -0.0294 0.9996 0.0008
vn -0.0327 0.9994 0.0128
vn -0.0317 0.9993 0.0182
vn -0.0287 0.9994 0.0208
vn -0.0254 0.9994 0.0222
vn -0.0217 0.9995 0.0223
vn -0.0178 0.9996 0.0209
vn -0.0137 0.9997 0.0180
vn -0.0093 0.9999 0.0137
vn -0.0062 0.9999 0.0096
vn -0.0138 0.9993 0.0354
vn -0.0392 0.9946 0.0960
vn -0.0724 0.9869 0.1439
vn -0.1039 0.9824 0.1553
vn -0.1317 0.9825 0.1317
vn -0.1523 0.9854 0.0765
vn -0.1602 0.9871 -0.0000
vn -0.0000 0.9965 0.0831
vn -0.0000 0.9973 0.0737
vn -0.0000 0.9986 0.0529
vn -0.0000 0.9996 0.0281
vn -0.0002 0.9996 -0.0283
vn -0.0008 0.9986 -0.0534
vn -0.0016 0.9972 -0.0746
vn -0.0024 0.9958 -0.0915
vn -0.0032 0.9946 -0.1041
vn -0.0033 0.9937 -0.1121
vn -0.0006 0.9939 -0.1105
vn 0.0068 0.9952 -0.0979
vn 0.0195 0.9965 -0.0814
vn 0.0466 0.9966 -0.0676
vn 0.0937 0.9940 -0.0562
vn 0.1471 0.9882 -0.0421
vn 0.1907 0.9813 -0.0242
vn 0.2180 0.9759 -0.0049
vn 0.2251 0.9742 0.0138
vn 0.2036 0.9785 0.0332
vn 0.1490 0.9875 0.0507
vn 0.0719 0.9961 0.0520
vn -0.0129 0.9996 0.0253
vn -0.0862 0.9960 -0.0225
vn -0.1282 0.9890 -0.0739
vn -0.1391 0.9838 -0.1131
vn -0.1285 0.9828 -0.1328
vn -0.1011 0.9866 -0.1284
vn -0.0627 0.9931 -0.0996
vn -0.0306 0.9979 -0.0577
vn -0.0204 0.9995 -0.0251
vn -0.0255 0.9997 -0.0047
vn -0.0307 0.9995 0.0114
vn -0.0310 0.9993 0.0202
vn -0.0283 0.9993 0.0236
vn -0.0251 0.9994 0.0254
vn -0.0216 0.9994 0.0259
vn -0.0180 0.9995 0.0247
vn -0.0140 0.9997 0.0223
vn -0.0081 0.9998 0.0196
vn -0.0003 0.9999 0.0146
vn -0.0029 0.9998 0.0201
vn -0.0312 0.9978 0.0576
vn -0.0769 0.9917 0.1035
vn -0.1206 0.9854 0.1206
vn -0.1553 0.9824 0.1039
vn -0.1790 0.9820 0.0600
vn -0.1876 0.9822 -0.0000
vn -0.0236 0.9964 0.0820
vn -0.0250 0.9971 0.0722
vn -0.0281 0.9983 0.0513
vn -0.0303 0.9992 0.0275
vn -0.0303 0.9995 0.0005
vn -0.0292 0.9992 -0.0276
vn -0.0282 0.9982 -0.0534
vn -0.0276 0.9968 -0.0746
vn -0.0269 0.9954 -0.0915
vn -0.0259 0.9942 -0.1039
vn -0.0235 0.9936 -0.1104
vn -0.0176 0.9943 -0.1048
vn -0.0080 0.9960 -0.0892
vn 0.0067 0.9978 -0.0664
vn 0.0330 0.9989 -0.0347
vn 0.0733 0.9973 -0.0082
vn 0.1206 0.9927 0.0057
vn 0.1629 0.9866 0.0123
vn 0.1900 0.9817 0.0138
vn 0.1971 0.9803 0.0103
vn 0.1807 0.9835 -0.0024
vn 0.1359 0.9906 -0.0162
vn 0.0656 0.9974 -0.0303
vn -0.0142 0.9985 -0.0524
vn -0.0825 0.9938 -0.0747
vn -0.1228 0.9880 -0.0933
vn -0.1317 0.9852 -0.1099
vn -0.1153 0.9868 -0.1139
vn -0.0796 0.9920 -0.0981
vn -0.0385 0.9968 -0.0703
vn -0.0145 0.9988 -0.0462
vn -0.0142 0.9995 -0.0291
vn -0.0225 0.9997 -0.0106
vn -0.0279 0.9996 0.0088
vn -0.0290 0.9994 0.0211
vn -0.0269 0.9993 0.0260
vn -0.0237 0.9993 0.0282
vn -0.0203 0.9994 0.0290
vn -0.0123 0.9994 0.0325
vn 0.0077 0.9992 0.0381
vn 0.0371 0.9985 0.0391
vn 0.0636 0.9975 0.0293
vn 0.0728 0.9973 0.0119
vn 0.0488 0.9987 0.0135
vn -0.0116 0.9991 0.0416
vn -0.0841 0.9942 0.0667
vn -0.1394 0.9879 0.0680
vn -0.1691 0.9847 0.0426
vn -0.1781 0.9840 -0.0000
vn -0.0573 0.9956 0.0736
vn -0.0639 0.9959 0.0639
vn -0.0752 0.9961 0.0451
vn -0.0810 0.9964 0.0257
vn -0.0797 0.9968 0.0035
vn -0.0719 0.9972 -0.0222
vn -0.0617 0.9969 -0.0485
vn -0.0542 0.9959 -0.0722
vn -0.0506 0.9946 -0.0901
vn -0.0480 0.9936 -0.1022
vn -0.0435 0.9934 -0.1063
vn -0.0352 0.9947 -0.0971
vn -0.0237 0.9966 -0.0794
vn -0.0067 0.9987 -0.0498
vn 0.0181 0.9998 -0.0079
vn 0.0468 0.9986 0.0264
vn 0.0758 0.9962 0.0425
vn 0.0996 0.9942 0.0414
vn 0.1117 0.9933 0.0279
vn 0.1082 0.9941 0.0053
vn 0.0885 0.9956 -0.0299
vn 0.0547 0.9962 -0.0680
vn 0.0107 0.9952 -0.0968
vn -0.0395 0.9926 -0.1145
vn -0.0868 0.9892 -0.1184
vn -0.1204 0.9864 -0.1120
vn -0.1244 0.9872 -0.1003
vn -0.0870 0.9932 -0.0777
vn -0.0255 0.9982 -0.0540
vn 0.0209 0.9988 -0.0435
vn 0.0321 0.9985 -0.0449
vn 0.0168 0.9990 -0.0423
vn -0.0083 0.9997 -0.0241
vn -0.0270 0.9996 0.0033
vn -0.0307 0.9993 0.0235
vn -0.0258 0.9992 0.0293
vn -0.0213 0.9993 0.0307
vn -0.0108 0.9992 0.0373
vn 0.0221 0.9981 0.0578
vn 0.0750 0.9940 0.0797
vn 0.1291 0.9884 0.0801
vn 0.1690 0.9841 0.0543
vn 0.1848 0.9827 0.0117
vn 0.1693 0.9852 -0.0264
vn 0.1138 0.9929 -0.0352
vn 0.0264 0.9995 -0.0166
vn -0.0604 0.9981 0.0088
vn -0.1147 0.9932 0.0174
vn -0.1310 0.9914 -0.0001
vn -0.1063 0.9929 0.0529
vn -0.1173 0.9920 0.0458
vn -0.1353 0.9902 0.0332
vn -0.1443 0.9893 0.0220
vn -0.1426 0.9897 0.0087
vn -0.1299 0.9915 -0.0095
vn -0.1092 0.9934 -0.0337
vn -0.0882 0.9942 -0.0617
vn -0.0745 0.9936 -0.0854
vn -0.0679 0.9928 -0.0991
vn -0.0617 0.9930 -0.1005
vn -0.0520 0.9947 -0.0883
vn -0.0395 0.9969 -0.0686
vn -0.0229 0.9992 -0.0335
vn -0.0040 0.9999 0.0114
vn 0.0096 0.9990 0.0440
vn 0.0139 0.9982 0.0579
vn 0.0105 0.9986 0.0520
vn 0.0025 0.9995 0.0314
vn -0.0105 0.9999 -0.0031
vn -0.0303 0.9982 -0.0511
vn -0.0537 0.9935 -0.1009
vn -0.0754 0.9874 -0.1392
vn -0.0984 0.9826 -0.1578
vn -0.1234 0.9802 -0.1548
vn -0.1331 0.9836 -0.1213
vn -0.0959 0.9935 -0.0607
vn -0.0155 0.9998 -0.0081
vn 0.0637 0.9980 0.0034
vn 0.1041 0.9943 -0.0221
vn 0.1021 0.9933 -0.0537
vn 0.0720 0.9951 -0.0683
vn 0.0277 0.9981 -0.0552
vn -0.0139 0.9998 -0.0167
vn -0.0354 0.9991 0.0229
vn -0.0328 0.9987 0.0386
vn -0.0170 0.9991 0.0392
vn 0.0174 0.9979 0.0621
vn 0.0789 0.9911 0.1072
vn 0.1462 0.9799 0.1359
vn 0.1997 0.9715 0.1277
vn 0.2365 0.9682 0.0818
vn 0.2513 0.9678 0.0139
vn 0.2406 0.9691 -0.0551
vn 0.2029 0.9741 -0.0999
vn 0.1371 0.9849 -0.1055
vn 0.0527 0.9959 -0.0734
vn -0.0186 0.9995 -0.0262
vn -0.0504 0.9987 -0.0047
vn -0.1485 0.9886 0.0261
vn -0.1600 0.9869 0.0226
vn -0.1790 0.9837 0.0179
vn -0.1891 0.9818 0.0164
vn -0.1884 0.9820 0.0140
vn -0.1764 0.9843 0.0061
vn -0.1547 0.9879 -0.0113
vn -0.1265 0.9912 -0.0397
vn -0.1011 0.9922 -0.0723
vn -0.0862 0.9919 -0.0933
vn -0.0771 0.9926 -0.0937
vn -0.0668 0.9946 -0.0791
vn -0.0553 0.9967 -0.0586
vn -0.0467 0.9986 -0.0241
vn -0.0464 0.9988 0.0168
vn -0.0563 0.9975 0.0436
vn -0.0724 0.9959 0.0543
vn -0.0896 0.9948 0.0478
vn -0.1052 0.9941 0.0271
vn -0.1204 0.9927 -0.0111
vn -0.1371 0.9884 -0.0654
vn -0.1527 0.9808 -0.1214
vn -0.1648 0.9723 -0.1660
vn -0.1762 0.9662 -0.1885
vn -0.1814 0.9675 -0.1760
vn -0.1506 0.9841 -0.0938
vn -0.0638 0.9977 0.0208
vn 0.0402 0.9964 0.0742
vn 0.1086 0.9928 0.0496
vn 0.1351 0.9908 -0.0101
vn 0.1312 0.9891 -0.0669
vn 0.1029 0.9897 -0.0990
vn 0.0594 0.9937 -0.0954
vn 0.0090 0.9984 -0.0549
vn -0.0328 0.9994 0.0059
vn -0.0465 0.9977 0.0488
vn -0.0207 0.9974 0.0692
vn 0.0411 0.9927 0.1131
vn 0.1120 0.9796 0.1670
vn 0.1712 0.9669 0.1891
vn 0.2176 0.9610 0.1705
vn 0.2514 0.9619 0.1078
vn 0.2653 0.9640 0.0155
vn 0.2543 0.9639 -0.0784
vn 0.2213 0.9641 -0.1468
vn 0.1726 0.9697 -0.1726
vn 0.1123 0.9823 -0.1501
vn 0.0491 0.9953 -0.0836
vn 0.0068 0.9997 -0.0213
vn -0.1680 0.9858 -0.0004
vn -0.1794 0.9838 -0.0011
vn -0.1986 0.9801 0.0015
vn -0.2090 0.9779 0.0103
vn -0.2083 0.9779 0.0194
vn -0.1972 0.9801 0.0217
vn -0.1776 0.9840 0.0120
vn -0.1516 0.9884 -0.0122
vn -0.1235 0.9911 -0.0498
vn -0.1017 0.9914 -0.0821
vn -0.0890 0.9923 -0.0862
vn -0.0799 0.9943 -0.0711
vn -0.0765 0.9955 -0.0552
vn -0.0864 0.9958 -0.0303
vn -0.1089 0.9940 0.0033
vn -0.1357 0.9903 0.0286
vn -0.1606 0.9862 0.0408
vn -0.1826 0.9825 0.0376
vn -0.2019 0.9792 0.0194
vn -0.2190 0.9756 -0.0179
vn -0.2333 0.9696 -0.0739
vn -0.2414 0.9612 -0.1338
vn -0.2436 0.9527 -0.1818
vn -0.2427 0.9479 -0.2065
vn -0.2254 0.9601 -0.1656
vn -0.1611 0.9866 -0.0246
vn -0.0604 0.9919 0.1121
vn 0.0273 0.9903 0.1360
vn 0.0842 0.9933 0.0796
vn 0.1156 0.9933 -0.0003
vn 0.1189 0.9898 -0.0781
vn 0.0959 0.9874 -0.1261
vn 0.0582 0.9897 -0.1304
vn 0.0157 0.9954 -0.0949
vn -0.0277 0.9993 -0.0268
vn -0.0558 0.9974 0.0464
vn -0.0377 0.9925 0.1161
vn 0.0262 0.9821 0.1865
vn 0.0954 0.9687 0.2293
vn 0.1468 0.9601 0.2380
vn 0.1858 0.9600 0.2094
vn 0.2159 0.9674 0.1321
vn 0.2284 0.9734 0.0165
vn 0.2174 0.9708 -0.1013
vn 0.1877 0.9644 -0.1860
vn 0.1482 0.9638 -0.2215
vn 0.1037 0.9730 -0.2061
vn 0.0562 0.9888 -0.1381
vn 0.0177 0.9987 -0.0475
vn -0.1653 0.9859 -0.0250
vn -0.1757 0.9842 -0.0237
vn -0.1936 0.9810 -0.0142
vn -0.2033 0.9791 0.0055
vn -0.2025 0.9789 0.0260
vn -0.1926 0.9806 0.0372
vn -0.1763 0.9838 0.0336
vn -0.1557 0.9877 0.0132
vn -0.1323 0.9909 -0.0244
vn -0.1111 0.9916 -0.0662
vn -0.0986 0.9920 -0.0795
vn -0.0973 0.9928 -0.0703
vn -0.1096 0.9918 -0.0650
vn -0.1353 0.9895 -0.0518
vn -0.1683 0.9855 -0.0228
vn -0.2011 0.9796 0.0058
vn -0.2300 0.9729 0.0222
vn -0.2547 0.9667 0.0236
vn -0.2761 0.9611 0.0082
vn -0.2945 0.9553 -0.0259
vn -0.3070 0.9484 -0.0788
vn -0.3097 0.9407 -0.1382
vn -0.3040 0.9344 -0.1855
vn -0.2910 0.9341 -0.2069
vn -0.2609 0.9568 -0.1284
vn -0.1942 0.9797 0.0505
vn -0.1101 0.9783 0.1753
vn -0.0427 0.9841 0.1725
vn 0.0109 0.9943 0.1059
vn 0.0509 0.9986 0.0145
vn 0.0659 0.9944 -0.0829
vn 0.0536 0.9878 -0.1459
vn 0.0260 0.9875 -0.1553
vn -0.0057 0.9925 -0.1222
vn -0.0382 0.9976 -0.0571
vn -0.0655 0.9973 0.0327
vn -0.0644 0.9858 0.1550
vn -0.0226 0.9654 0.2598
vn 0.0325 0.9554 0.2935
vn 0.0767 0.9552 0.2859
vn 0.1075 0.9641 0.2426
vn 0.1293 0.9799 0.1522
vn 0.1378 0.9903 0.0169
vn 0.1294 0.9842 -0.1209
vn 0.1094 0.9703 -0.2159
vn 0.0856 0.9631 -0.2551
vn 0.0610 0.9684 -0.2418
vn 0.0355 0.9838 -0.1755
vn 0.0135 0.9974 -0.0705
vn -0.1426 0.9887 -0.0453
vn -0.1504 0.9877 -0.0420
vn -0.1642 0.9861 -0.0264
vn -0.1720 0.9851 0.0034
vn -0.1717 0.9846 0.0340
vn -0.1650 0.9849 0.0518
vn -0.1543 0.9867 0.0518
vn -0.1413 0.9894 0.0334
vn -0.1264 0.9920 -0.0032
vn -0.1131 0.9922 -0.0515
vn -0.1100 0.9908 -0.0790
vn -0.1232 0.9889 -0.0828
vn -0.1473 0.9854 -0.0854
vn -0.1756 0.9813 -0.0784
vn -0.2083 0.9766 -0.0534
vn -0.2432 0.9697 -0.0222
vn -0.2745 0.9616 -0.0005
vn -0.3010 0.9536 0.0056
vn -0.3245 0.9459 -0.0074
vn -0.3439 0.9383 -0.0363
vn -0.3545 0.9315 -0.0820
vn -0.3534 0.9255 -0.1361
vn -0.3424 0.9224 -0.1786
vn -0.3228 0.9270 -0.1908
vn -0.2950 0.9513 -0.0892
vn -0.2508 0.9631 0.0973
vn -0.1976 0.9589 0.2038
vn -0.1489 0.9700 0.1922
vn -0.1026 0.9865 0.1277
vn -0.0604 0.9975 0.0356
vn -0.0325 0.9967 -0.0743
vn -0.0269 0.9883 -0.1503
vn -0.0370 0.9858 -0.1638
vn -0.0535 0.9897 -0.1327
vn -0.0719 0.9949 -0.0707
vn -0.0906 0.9957 0.0208
vn -0.0978 0.9798 0.1746
vn -0.0814 0.9471 0.3105
vn -0.0522 0.9366 0.3466
vn -0.0245 0.9445 0.3275
vn -0.0066 0.9640 0.2659
vn 0.0012 0.9869 0.1615
vn 0.0016 0.9999 0.0164
vn 0.0008 0.9916 -0.1296
vn 0.0002 0.9737 -0.2277
vn -0.0000 0.9636 -0.2674
vn -0.0000 0.9671 -0.2544
vn -0.0000 0.9821 -0.1885
vn -0.0000 0.9968 -0.0795
vn -0.1055 0.9928 -0.0573
vn -0.1089 0.9927 -0.0522
vn -0.1150 0.9929 -0.0320
vn -0.1191 0.9929 0.0042
vn -0.1210 0.9918 0.0410
vn -0.1207 0.9907 0.0622
vn -0.1185 0.9909 0.0640
vn -0.1149 0.9923 0.0464
vn -0.1106 0.9938 0.0094
vn -0.1114 0.9926 -0.0473
vn -0.1249 0.9879 -0.0916
vn -0.1496 0.9830 -0.1061
vn -0.1763 0.9783 -0.1086
vn -0.2011 0.9742 -0.1023
vn -0.2284 0.9700 -0.0828
vn -0.2605 0.9640 -0.0535
vn -0.2927 0.9558 -0.0276
vn -0.3220 0.9466 -0.0180
vn -0.3484 0.9369 -0.0282
vn -0.3683 0.9284 -0.0493
vn -0.3772 0.9223 -0.0844
vn -0.3732 0.9187 -0.1289
vn -0.3588 0.9190 -0.1634
vn -0.3399 0.9252 -0.1689
vn -0.3273 0.9423 -0.0696
vn -0.3149 0.9435 0.1028
vn -0.2939 0.9339 0.2035
vn -0.2654 0.9436 0.1981
vn -0.2336 0.9623 0.1397
vn -0.2016 0.9778 0.0570
vn -0.1702 0.9842 -0.0481
vn -0.1450 0.9812 -0.1272
vn -0.1301 0.9807 -0.1461
vn -0.1246 0.9849 -0.1203
vn -0.1250 0.9901 -0.0642
vn -0.1301 0.9913 0.0199
vn -0.1350 0.9740 0.1816
vn -0.1323 0.9339 0.3322
vn -0.1285 0.9187 0.3735
vn -0.1263 0.9279 0.3508
vn -0.1269 0.9530 0.2753
vn -0.1309 0.9786 0.1585
vn -0.1354 0.9907 0.0157
vn -0.1280 0.9842 -0.1224
vn -0.1091 0.9702 -0.2165
vn -0.0856 0.9631 -0.2551
vn -0.0610 0.9684 -0.2418
vn -0.0355 0.9838 -0.1755
vn -0.0135 0.9974 -0.0705
vn -0.0639 0.9962 -0.0590
vn -0.0629 0.9966 -0.0525
vn -0.0612 0.9977 -0.0301
vn -0.0617 0.9981 0.0068
vn -0.0660 0.9969 0.0436
vn -0.0725 0.9952 0.0654
vn -0.0791 0.9946 0.0676
vn -0.0849 0.9951 0.0502
vn -0.0940 0.9955 0.0080
vn -0.1124 0.9918 -0.0605
vn -0.1386 0.9836 -0.1156
vn -0.1661 0.9772 -0.1321
vn -0.1912 0.9727 -0.1312
vn -0.2135 0.9692 -0.1228
vn -0.2348 0.9662 -0.1069
vn -0.2592 0.9623 -0.0830
vn -0.2883 0.9557 -0.0588
vn -0.3201 0.9461 -0.0487
vn -0.3487 0.9357 -0.0538
vn -0.3687 0.9272 -0.0656
vn -0.3771 0.9220 -0.0877
vn -0.3722 0.9205 -0.1191
vn -0.3586 0.9221 -0.1455
vn -0.3460 0.9257 -0.1528
vn -0.3498 0.9338 -0.0759
vn -0.3657 0.9278 0.0738
vn -0.3743 0.9101 0.1776
vn -0.3672 0.9101 0.1922
vn -0.3489 0.9259 0.1448
vn -0.3271 0.9420 0.0753
vn -0.2997 0.9540 -0.0089
vn -0.2648 0.9613 -0.0767
vn -0.2311 0.9678 -0.0999
vn -0.2059 0.9750 -0.0835
vn -0.1890 0.9813 -0.0371
vn -0.1752 0.9838 0.0380
vn -0.1626 0.9684 0.1891
vn -0.1627 0.9304 0.3286
vn -0.1805 0.9112 0.3704
vn -0.2028 0.9151 0.3485
vn -0.2215 0.9367 0.2713
vn -0.2304 0.9610 0.1528
vn -0.2299 0.9731 0.0181
vn -0.2157 0.9709 -0.1041
vn -0.1866 0.9644 -0.1874
vn -0.1476 0.9639 -0.2218
vn -0.1036 0.9730 -0.2062
vn -0.0562 0.9888 -0.1381
vn -0.0177 0.9987 -0.0475
vn -0.0284 0.9982 -0.0520
vn -0.0245 0.9987 -0.0452
vn -0.0183 0.9996 -0.0237
vn -0.0172 0.9998 0.0090
vn -0.0226 0.9989 0.0411
vn -0.0330 0.9976 0.0606
vn -0.0458 0.9970 0.0622
vn -0.0609 0.9972 0.0422
vn -0.0845 0.9963 -0.0119
vn -0.1158 0.9893 -0.0884
vn -0.1446 0.9792 -0.1420
vn -0.1692 0.9730 -0.1568
vn -0.1925 0.9692 -0.1533
vn -0.2136 0.9665 -0.1422
vn -0.2325 0.9644 -0.1262
vn -0.2522 0.9617 -0.1071
vn -0.2751 0.9574 -0.0879
vn -0.2946 0.9525 -0.0764
vn -0.3065 0.9486 -0.0784
vn -0.3175 0.9440 -0.0894
vn -0.3315 0.9376 -0.1044
vn -0.3446 0.9307 -0.1227
vn -0.3506 0.9264 -0.1373
vn -0.3476 0.9266 -0.1436
vn -0.3564 0.9292 -0.0978
vn -0.3882 0.9213 0.0233
vn -0.4197 0.8981 0.1313
vn -0.4358 0.8837 0.1707
vn -0.4323 0.8893 0.1491
vn -0.4145 0.9048 0.0970
vn -0.3883 0.9209 0.0360
vn -0.3540 0.9351 -0.0145
vn -0.3168 0.9478 -0.0375
vn -0.2828 0.9587 -0.0290
vn -0.2516 0.9678 0.0098
vn -0.2109 0.9736 0.0870
vn -0.1702 0.9629 0.2095
vn -0.1683 0.9375 0.3046
vn -0.2032 0.9180 0.3406
vn -0.2434 0.9144 0.3236
vn -0.2734 0.9273 0.2558
vn -0.2843 0.9468 0.1507
vn -0.2760 0.9608 0.0272
vn -0.2536 0.9639 -0.0809
vn -0.2182 0.9645 -0.1490
vn -0.1704 0.9699 -0.1741
vn -0.1129 0.9819 -0.1521
vn -0.0533 0.9949 -0.0853
vn -0.0127 0.9997 -0.0213
vn -0.0055 0.9992 -0.0398
vn -0.0001 0.9994 -0.0341
vn 0.0081 0.9998 -0.0163
vn 0.0097 0.9999 0.0098
vn 0.0038 0.9994 0.0348
vn -0.0084 0.9987 0.0497
vn -0.0249 0.9985 0.0485
vn -0.0488 0.9986 0.0194
vn -0.0827 0.9955 -0.0471
vn -0.1160 0.9859 -0.1204
vn -0.1399 0.9764 -0.1645
vn -0.1601 0.9707 -0.1793
vn -0.1812 0.9677 -0.1750
vn -0.2017 0.9659 -0.1621
vn -0.2220 0.9640 -0.1461
vn -0.2407 0.9623 -0.1268
vn -0.2473 0.9636 -0.1016
vn -0.2377 0.9677 -0.0845
vn -0.2261 0.9697 -0.0922
vn -0.2291 0.9663 -0.1176
vn -0.2527 0.9571 -0.1419
vn -0.2889 0.9445 -0.1567
vn -0.3234 0.9334 -0.1552
vn -0.3414 0.9290 -0.1430
vn -0.3496 0.9299 -0.1146
vn -0.3772 0.9256 -0.0325
vn -0.4210 0.9041 0.0729
vn -0.4553 0.8803 0.1335
vn -0.4716 0.8700 0.1442
vn -0.4681 0.8756 0.1190
vn -0.4489 0.8900 0.0803
vn -0.4192 0.9067 0.0469
vn -0.3826 0.9234 0.0306
vn -0.3398 0.9397 0.0397
vn -0.2851 0.9550 0.0814
vn -0.2160 0.9626 0.1637
vn -0.1617 0.9573 0.2399
vn -0.1566 0.9484 0.2757
vn -0.1921 0.9362 0.2945
vn -0.2396 0.9283 0.2845
vn -0.2755 0.9323 0.2343
vn -0.2878 0.9457 0.1512
vn -0.2753 0.9603 0.0446
vn -0.2443 0.9683 -0.0513
vn -0.2019 0.9737 -0.1053
vn -0.1475 0.9822 -0.1159
vn -0.0836 0.9927 -0.0867
vn -0.0298 0.9989 -0.0358
vn -0.0045 1.0000 -0.0047
vn 0.0024 0.9997 -0.0252
vn 0.0085 0.9997 -0.0217
vn 0.0174 0.9998 -0.0096
vn 0.0191 0.9998 0.0087
vn 0.0131 0.9996 0.0258
vn -0.0000 0.9994 0.0344
vn -0.0199 0.9994 0.0266
vn -0.0493 0.9987 -0.0157
vn -0.0831 0.9928 -0.0859
vn -0.1089 0.9833 -0.1461
vn -0.1256 0.9752 -0.1821
vn -0.1412 0.9699 -0.1986
vn -0.1600 0.9674 -0.1964
vn -0.1819 0.9658 -0.1846
vn -0.2046 0.9641 -0.1691
vn -0.2157 0.9669 -0.1365
vn -0.2033 0.9748 -0.0923
vn -0.1801 0.9809 -0.0739
vn -0.1661 0.9815 -0.0950
vn -0.1705 0.9751 -0.1416
vn -0.1964 0.9626 -0.1864
vn -0.2392 0.9485 -0.2078
vn -0.2869 0.9373 -0.1978
vn -0.3236 0.9325 -0.1603
vn -0.3381 0.9336 -0.1190
vn -0.3477 0.9352 -0.0666
vn -0.3788 0.9254 0.0143
vn -0.4210 0.9028 0.0873
vn -0.4512 0.8836 0.1251
vn -0.4635 0.8764 0.1305
vn -0.4569 0.8816 0.1180
vn -0.4327 0.8955 0.1045
vn -0.3922 0.9141 0.1027
vn -0.3334 0.9346 0.1240
vn -0.2581 0.9506 0.1726
vn -0.1883 0.9536 0.2352
vn -0.1510 0.9525 0.2646
vn -0.1444 0.9547 0.2603
vn -0.1588 0.9536 0.2559
vn -0.1906 0.9506 0.2448
vn -0.2236 0.9514 0.2116
vn -0.2374 0.9595 0.1514
vn -0.2241 0.9722 0.0681
vn -0.1868 0.9823 -0.0127
vn -0.1369 0.9890 -0.0554
vn -0.0823 0.9951 -0.0550
vn -0.0339 0.9990 -0.0307
vn -0.0064 1.0000 -0.0070
vn 0.0012 1.0000 0.0002
vn 0.0269 0.9996 -0.0115
vn 0.0286 0.9995 -0.0124
vn 0.0274 0.9996 -0.0093
vn 0.0187 0.9998 0.0018
vn 0.0071 0.9999 0.0132
vn -0.0071 0.9998 0.0161
vn -0.0273 0.9996 -0.0011
vn -0.0532 0.9972 -0.0517
vn -0.0768 0.9903 -0.1154
vn -0.0927 0.9822 -0.1633
vn -0.1044 0.9751 -0.1959
vn -0.1171 0.9695 -0.2152
vn -0.1355 0.9663 -0.2189
vn -0.1610 0.9639 -0.2120
vn -0.1839 0.9644 -0.1899
vn -0.1890 0.9730 -0.1323
vn -0.1765 0.9816 -0.0727
vn -0.1616 0.9851 -0.0596
vn -0.1552 0.9834 -0.0946
vn -0.1630 0.9735 -0.1607
vn -0.1884 0.9562 -0.2242
vn -0.2277 0.9397 -0.2552
vn -0.2724 0.9307 -0.2441
vn -0.3114 0.9311 -0.1900
vn -0.3297 0.9365 -0.1197
vn -0.3267 0.9427 -0.0674
vn -0.3264 0.9451 -0.0157
vn -0.3439 0.9377 0.0492
vn -0.3693 0.9236 0.1025
vn -0.3860 0.9128 0.1332
vn -0.3847 0.9109 0.1492
vn -0.3612 0.9185 0.1610
vn -0.3153 0.9320 0.1790
vn -0.2544 0.9443 0.2088
vn -0.1964 0.9489 0.2471
vn -0.1610 0.9480 0.2744
vn -0.1486 0.9496 0.2758
vn -0.1426 0.9547 0.2614
vn -0.1375 0.9601 0.2435
vn -0.1391 0.9646 0.2239
vn -0.1456 0.9696 0.1968
vn -0.1461 0.9773 0.1536
vn -0.1289 0.9872 0.0938
vn -0.0926 0.9953 0.0298
vn -0.0503 0.9987 -0.0083
vn -0.0168 0.9998 -0.0110
vn 0.0034 1.0000 -0.0018
vn 0.0122 0.9999 0.0028
vn 0.0156 0.9999 0.0019
vn 0.0922 0.9957 -0.0066
vn 0.0859 0.9962 -0.0139
vn 0.0673 0.9975 -0.0230
vn 0.0384 0.9991 -0.0195
vn 0.0081 0.9999 -0.0083
vn -0.0138 0.9999 -0.0023
vn -0.0292 0.9993 -0.0241
vn -0.0448 0.9960 -0.0771
vn -0.0589 0.9893 -0.1333
vn -0.0708 0.9817 -0.1767
vn -0.0829 0.9744 -0.2091
vn -0.0967 0.9680 -0.2316
vn -0.1153 0.9632 -0.2427
vn -0.1400 0.9602 -0.2418
vn -0.1634 0.9646 -0.2069
vn -0.1759 0.9761 -0.1278
vn -0.1796 0.9817 -0.0629
vn -0.1822 0.9818 -0.0533
vn -0.1852 0.9782 -0.0941
vn -0.1883 0.9671 -0.1710
vn -0.1969 0.9481 -0.2498
vn -0.2180 0.9310 -0.2929
vn -0.2525 0.9242 -0.2864
vn -0.2930 0.9293 -0.2247
vn -0.3194 0.9393 -0.1251
vn -0.3172 0.9470 -0.0500
vn -0.2999 0.9539 -0.0073
vn -0.2856 0.9574 0.0426
vn -0.2802 0.9553 0.0945
vn -0.2772 0.9506 0.1396
vn -0.2667 0.9472 0.1778
vn -0.2442 0.9467 0.2102
vn -0.2126 0.9474 0.2392
vn -0.1811 0.9477 0.2629
vn -0.1609 0.9463 0.2803
vn -0.1531 0.9459 0.2862
vn -0.1495 0.9482 0.2804
vn -0.1440 0.9527 0.2677
vn -0.1345 0.9589 0.2498
vn -0.1207 0.9663 0.2274
vn -0.1055 0.9742 0.1996
vn -0.0888 0.9825 0.1635
vn -0.0658 0.9908 0.1184
vn -0.0341 0.9972 0.0666
vn -0.0027 0.9997 0.0248
vn 0.0171 0.9998 0.0102
vn 0.0282 0.9995 0.0104
vn 0.0365 0.9993 0.0087
vn 0.0419 0.9991 0.0049
vn 0.1614 0.9868 -0.0136
vn 0.1521 0.9880 -0.0272
vn 0.1272 0.9907 -0.0486
vn 0.0904 0.9944 -0.0550
vn 0.0467 0.9980 -0.0437
vn 0.0087 0.9996 -0.0257
vn -0.0149 0.9990 -0.0414
vn -0.0296 0.9951 -0.0942
vn -0.0423 0.9881 -0.1478
vn -0.0549 0.9800 -0.1912
vn -0.0682 0.9721 -0.2246
vn -0.0826 0.9650 -0.2489
vn -0.0985 0.9595 -0.2640
vn -0.1178 0.9561 -0.2683
vn -0.1430 0.9632 -0.2277
vn -0.1719 0.9751 -0.1404
vn -0.1990 0.9772 -0.0740
vn -0.2195 0.9738 -0.0598
vn -0.2244 0.9703 -0.0902
vn -0.2123 0.9631 -0.1655
vn -0.1967 0.9465 -0.2557
vn -0.1936 0.9291 -0.3151
vn -0.2110 0.9228 -0.3224
vn -0.2453 0.9331 -0.2630
vn -0.2803 0.9491 -0.1433
vn -0.2950 0.9547 -0.0397
vn -0.2854 0.9583 0.0164
vn -0.2639 0.9625 0.0631
vn -0.2404 0.9644 0.1104
vn -0.2175 0.9631 0.1584
vn -0.1968 0.9593 0.2024
vn -0.1794 0.9543 0.2389
vn -0.1668 0.9496 0.2654
vn -0.1593 0.9463 0.2812
vn -0.1548 0.9449 0.2885
vn -0.1512 0.9451 0.2896
vn -0.1466 0.9473 0.2847
vn -0.1396 0.9513 0.2747
vn -0.1295 0.9569 0.2600
vn -0.1170 0.9638 0.2397
vn -0.1014 0.9717 0.2132
vn -0.0815 0.9801 0.1809
vn -0.0555 0.9881 0.1436
vn -0.0225 0.9947 0.1000
vn 0.0120 0.9985 0.0529
vn 0.0368 0.9990 0.0259
vn 0.0507 0.9985 0.0208
vn 0.0593 0.9981 0.0161
vn 0.0648 0.9979 0.0087
vn 0.1964 0.9802 -0.0240
vn 0.1879 0.9812 -0.0445
vn 0.1646 0.9833 -0.0782
vn 0.1306 0.9869 -0.0947
vn 0.0891 0.9922 -0.0877
vn 0.0427 0.9970 -0.0653
vn 0.0024 0.9977 -0.0682
vn -0.0211 0.9935 -0.1115
vn -0.0344 0.9860 -0.1632
vn -0.0461 0.9773 -0.2066
vn -0.0579 0.9690 -0.2404
vn -0.0701 0.9617 -0.2649
vn -0.0828 0.9561 -0.2810
vn -0.0970 0.9525 -0.2886
vn -0.1220 0.9590 -0.2557
vn -0.1637 0.9707 -0.1759
vn -0.2097 0.9718 -0.1078
vn -0.2397 0.9679 -0.0752
vn -0.2436 0.9664 -0.0816
vn -0.2269 0.9627 -0.1477
vn -0.2024 0.9487 -0.2427
vn -0.1835 0.9304 -0.3173
vn -0.1804 0.9227 -0.3407
vn -0.1918 0.9380 -0.2887
vn -0.2110 0.9632 -0.1667
vn -0.2249 0.9734 -0.0433
vn -0.2200 0.9748 0.0372
vn -0.2020 0.9755 0.0876
vn -0.1894 0.9734 0.1289
vn -0.1856 0.9674 0.1726
vn -0.1814 0.9593 0.2165
vn -0.1722 0.9522 0.2524
vn -0.1622 0.9478 0.2744
vn -0.1546 0.9454 0.2868
vn -0.1484 0.9445 0.2931
vn -0.1425 0.9450 0.2943
vn -0.1358 0.9471 0.2908
vn -0.1278 0.9507 0.2825
vn -0.1187 0.9557 0.2694
vn -0.1074 0.9620 0.2511
vn -0.0926 0.9692 0.2280
vn -0.0721 0.9768 0.2017
vn -0.0436 0.9841 0.1724
vn -0.0089 0.9909 0.1342
vn 0.0257 0.9962 0.0835
vn 0.0518 0.9977 0.0449
vn 0.0666 0.9973 0.0315
vn 0.0752 0.9969 0.0235
vn 0.0808 0.9967 0.0124
vn 0.1947 0.9803 -0.0331
vn 0.1866 0.9805 -0.0613
vn 0.1645 0.9805 -0.1077
vn 0.1340 0.9821 -0.1323
vn 0.0986 0.9865 -0.1308
vn 0.0570 0.9918 -0.1148
vn 0.0139 0.9940 -0.1081
vn -0.0153 0.9911 -0.1319
vn -0.0297 0.9836 -0.1778
vn -0.0403 0.9744 -0.2210
vn -0.0510 0.9657 -0.2545
vn -0.0617 0.9584 -0.2787
vn -0.0722 0.9529 -0.2944
vn -0.0826 0.9494 -0.3030
vn -0.1031 0.9528 -0.2856
vn -0.1462 0.9631 -0.2259
vn -0.1978 0.9680 -0.1543
vn -0.2320 0.9681 -0.0949
vn -0.2425 0.9670 -0.0777
vn -0.2337 0.9635 -0.1304
vn -0.2108 0.9521 -0.2214
vn -0.1845 0.9345 -0.3045
vn -0.1647 0.9269 -0.3374
vn -0.1474 0.9472 -0.2848
vn -0.1288 0.9774 -0.1674
vn -0.1166 0.9922 -0.0437
vn -0.1062 0.9929 0.0537
vn -0.0943 0.9901 0.1037
vn -0.0952 0.9872 0.1282
vn -0.1143 0.9802 0.1617
vn -0.1382 0.9680 0.2097
vn -0.1501 0.9548 0.2567
vn -0.1470 0.9479 0.2827
vn -0.1388 0.9457 0.2938
vn -0.1312 0.9450 0.2995
vn -0.1240 0.9456 0.3007
vn -0.1170 0.9475 0.2976
vn -0.1098 0.9507 0.2900
vn -0.1013 0.9552 0.2781
vn -0.0907 0.9608 0.2620
vn -0.0762 0.9670 0.2432
vn -0.0545 0.9728 0.2250
vn -0.0259 0.9789 0.2025
vn 0.0054 0.9861 0.1663
vn 0.0361 0.9929 0.1131
vn 0.0609 0.9960 0.0646
vn 0.0758 0.9962 0.0421
vn 0.0843 0.9960 0.0308
vn 0.0897 0.9958 0.0162
vn 0.1607 0.9861 -0.0415
vn 0.1536 0.9851 -0.0768
vn 0.1345 0.9818 -0.1342
vn 0.1097 0.9803 -0.1645
vn 0.0826 0.9826 -0.1662
vn 0.0519 0.9862 -0.1574
vn 0.0170 0.9886 -0.1493
vn -0.0121 0.9878 -0.1556
vn -0.0284 0.9810 -0.1917
vn -0.0386 0.9713 -0.2347
vn -0.0484 0.9624 -0.2673
vn -0.0573 0.9552 -0.2902
vn -0.0654 0.9501 -0.3049
vn -0.0728 0.9470 -0.3129
vn -0.0852 0.9473 -0.3088
vn -0.1167 0.9544 -0.2749
vn -0.1649 0.9649 -0.2044
vn -0.2064 0.9708 -0.1220
vn -0.2287 0.9696 -0.0867
vn -0.2318 0.9652 -0.1213
vn -0.2158 0.9559 -0.1994
vn -0.1871 0.9410 -0.2819
vn -0.1507 0.9380 -0.3121
vn -0.1063 0.9622 -0.2507
vn -0.0648 0.9879 -0.1412
vn -0.0375 0.9988 -0.0307
vn -0.0208 0.9975 0.0679
vn -0.0108 0.9937 0.1119
vn -0.0147 0.9931 0.1160
vn -0.0372 0.9903 0.1339
vn -0.0726 0.9809 0.1802
vn -0.1042 0.9641 0.2442
vn -0.1159 0.9508 0.2873
vn -0.1121 0.9469 0.3013
vn -0.1052 0.9461 0.3064
vn -0.0987 0.9465 0.3072
vn -0.0923 0.9482 0.3041
vn -0.0852 0.9510 0.2972
vn -0.0770 0.9550 0.2865
vn -0.0675 0.9599 0.2721
vn -0.0533 0.9643 0.2592
vn -0.0324 0.9681 0.2486
vn -0.0075 0.9733 0.2293
vn 0.0180 0.9809 0.1935
vn 0.0432 0.9893 0.1396
vn 0.0645 0.9944 0.0834
vn 0.0784 0.9955 0.0526
vn 0.0866 0.9955 0.0381
vn 0.0918 0.9956 0.0200
vn 0.0937 0.9944 -0.0488
vn 0.0889 0.9921 -0.0889
vn 0.0768 0.9851 -0.1536
vn 0.0621 0.9804 -0.1868
vn 0.0469 0.9806 -0.1902
vn 0.0294 0.9820 -0.1866
vn 0.0070 0.9832 -0.1822
vn -0.0150 0.9838 -0.1785
vn -0.0289 0.9784 -0.2046
vn -0.0373 0.9685 -0.2464
vn -0.0445 0.9597 -0.2774
vn -0.0507 0.9529 -0.2990
vn -0.0562 0.9483 -0.3125
vn -0.0610 0.9456 -0.3196
vn -0.0661 0.9448 -0.3210
vn -0.0801 0.9478 -0.3087
vn -0.1133 0.9613 -0.2513
vn -0.1577 0.9741 -0.1622
vn -0.1948 0.9744 -0.1119
vn -0.2133 0.9689 -0.1252
vn -0.2092 0.9606 -0.1828
vn -0.1833 0.9499 -0.2531
vn -0.1409 0.9526 -0.2696
vn -0.0924 0.9748 -0.2032
vn -0.0495 0.9932 -0.1050
vn -0.0144 0.9999 -0.0047
vn 0.0137 0.9961 0.0866
vn 0.0283 0.9927 0.1177
vn 0.0248 0.9944 0.1027
vn 0.0049 0.9944 0.1054
vn -0.0255 0.9892 0.1442
vn -0.0577 0.9742 0.2180
vn -0.0775 0.9559 0.2833
vn -0.0794 0.9482 0.3076
vn -0.0741 0.9471 0.3122
vn -0.0688 0.9473 0.3130
vn -0.0629 0.9486 0.3102
vn -0.0565 0.9510 0.3039
vn -0.0497 0.9546 0.2937
vn -0.0409 0.9586 0.2818
vn -0.0272 0.9610 0.2750
vn -0.0093 0.9631 0.2689
vn 0.0097 0.9681 0.2504
vn 0.0285 0.9762 0.2150
vn 0.0469 0.9858 0.1610
vn 0.0631 0.9930 0.1001
vn 0.0747 0.9952 0.0628
vn 0.0823 0.9956 0.0450
vn 0.0870 0.9959 0.0236
vn -0.0000 0.9986 -0.0520
vn -0.0000 0.9956 -0.0938
vn -0.0000 0.9870 -0.1608
vn -0.0001 0.9808 -0.1950
vn -0.0008 0.9799 -0.1997
vn -0.0041 0.9796 -0.2008
vn -0.0114 0.9796 -0.2005
vn -0.0202 0.9809 -0.1932
vn -0.0275 0.9763 -0.2145
vn -0.0330 0.9665 -0.2546
vn -0.0375 0.9580 -0.2843
vn -0.0411 0.9516 -0.3047
vn -0.0440 0.9473 -0.3172
vn -0.0461 0.9451 -0.3235
vn -0.0474 0.9445 -0.3251
vn -0.0493 0.9455 -0.3219
vn -0.0630 0.9565 -0.2848
vn -0.0965 0.9735 -0.2075
vn -0.1355 0.9796 -0.1487
vn -0.1641 0.9759 -0.1441
vn -0.1761 0.9679 -0.1795
vn -0.1676 0.9588 -0.2296
vn -0.1420 0.9629 -0.2293
vn -0.1067 0.9815 -0.1588
vn -0.0664 0.9956 -0.0654
vn -0.0242 0.9992 0.0331
vn 0.0118 0.9935 0.1128
vn 0.0292 0.9920 0.1232
vn 0.0270 0.9955 0.0911
vn 0.0137 0.9964 0.0839
vn -0.0045 0.9930 0.1177
vn -0.0246 0.9808 0.1933
vn -0.0394 0.9608 0.2744
vn -0.0429 0.9493 0.3114
vn -0.0404 0.9478 0.3162
vn -0.0372 0.9476 0.3172
vn -0.0334 0.9485 0.3150
vn -0.0289 0.9506 0.3092
vn -0.0238 0.9538 0.2994
vn -0.0161 0.9566 0.2910
vn -0.0038 0.9573 0.2892
vn 0.0106 0.9587 0.2843
vn 0.0239 0.9638 0.2657
vn 0.0358 0.9725 0.2303
vn 0.0469 0.9832 0.1765
vn 0.0569 0.9919 0.1131
vn 0.0651 0.9953 0.0719
vn 0.0714 0.9961 0.0513
vn 0.0754 0.9968 0.0271
vn -0.0937 0.9944 -0.0488
vn -0.0890 0.9921 -0.0890
vn -0.0772 0.9851 -0.1539
vn -0.0630 0.9802 -0.1878
vn -0.0496 0.9796 -0.1945
vn -0.0386 0.9792 -0.1993
vn -0.0287 0.9793 -0.2005
vn -0.0226 0.9802 -0.1965
vn -0.0229 0.9751 -0.2205
vn -0.0257 0.9654 -0.2595
vn -0.0276 0.9572 -0.2881
vn -0.0286 0.9511 -0.3074
vn -0.0288 0.9473 -0.3189
vn -0.0280 0.9455 -0.3243
vn -0.0263 0.9453 -0.3252
vn -0.0238 0.9462 -0.3227
vn -0.0281 0.9529 -0.3021
vn -0.0503 0.9682 -0.2450
vn -0.0853 0.9787 -0.1869
vn -0.1180 0.9781 -0.1712
vn -0.1400 0.9716 -0.1906
vn -0.1465 0.9641 -0.2213
vn -0.1366 0.9695 -0.2035
vn -0.1128 0.9860 -0.1228
vn -0.0784 0.9966 -0.0250
vn -0.0396 0.9965 0.0736
vn -0.0106 0.9906 0.1367
vn -0.0005 0.9920 0.1264
vn -0.0000 0.9963 0.0862
vn -0.0002 0.9971 0.0755
vn -0.0010 0.9942 0.1075
vn -0.0028 0.9831 0.1828
vn -0.0052 0.9629 0.2697
vn -0.0067 0.9500 0.3123
vn -0.0070 0.9482 0.3177
vn -0.0066 0.9477 0.3192
vn -0.0053 0.9482 0.3175
vn -0.0032 0.9499 0.3124
vn -0.0001 0.9528 0.3035
vn 0.0054 0.9543 0.2987
vn 0.0142 0.9538 0.3002
vn 0.0239 0.9551 0.2952
vn 0.0320 0.9607 0.2758
vn 0.0381 0.9701 0.2399
vn 0.0424 0.9817 0.1858
vn 0.0458 0.9915 0.1216
vn 0.0497 0.9956 0.0788
vn 0.0538 0.9969 0.0567
vn 0.0568 0.9979 0.0302
vn -0.1607 0.9861 -0.0415
vn -0.1539 0.9851 -0.0772
vn -0.1358 0.9814 -0.1358
vn -0.1112 0.9797 -0.1669
vn -0.0818 0.9816 -0.1727
vn -0.0476 0.9831 -0.1770
vn -0.0134 0.9835 -0.1805
vn 0.0072 0.9817 -0.1903
vn 0.0078 0.9740 -0.2263
vn -0.0015 0.9640 -0.2659
vn -0.0095 0.9564 -0.2920
vn -0.0120 0.9514 -0.3079
vn -0.0101 0.9482 -0.3176
vn -0.0062 0.9467 -0.3220
vn -0.0010 0.9468 -0.3219
vn 0.0054 0.9479 -0.3185
vn 0.0091 0.9514 -0.3079
vn -0.0030 0.9621 -0.2728
vn -0.0357 0.9737 -0.2249
vn -0.0717 0.9769 -0.2013
vn -0.0947 0.9737 -0.2072
vn -0.1007 0.9701 -0.2208
vn -0.0938 0.9775 -0.1889
vn -0.0795 0.9920 -0.0978
vn -0.0563 0.9984 0.0088
vn -0.0331 0.9943 0.1014
vn -0.0263 0.9892 0.1439
vn -0.0303 0.9917 0.1251
vn -0.0274 0.9955 0.0908
vn -0.0149 0.9964 0.0831
vn 0.0015 0.9932 0.1160
vn 0.0174 0.9814 0.1910
vn 0.0269 0.9617 0.2727
vn 0.0272 0.9503 0.3103
vn 0.0238 0.9485 0.3159
vn 0.0213 0.9477 0.3184
vn 0.0202 0.9479 0.3179
vn 0.0202 0.9493 0.3137
vn 0.0211 0.9519 0.3057
vn 0.0233 0.9525 0.3035
vn 0.0271 0.9514 0.3068
vn 0.0312 0.9530 0.3013
vn 0.0337 0.9592 0.2809
vn 0.0341 0.9692 0.2440
vn 0.0323 0.9814 0.1891
vn 0.0296 0.9917 0.1250
vn 0.0289 0.9961 0.0828
vn 0.0303 0.9977 0.0603
vn 0.0315 0.9990 0.0326
vn -0.1950 0.9802 -0.0334
vn -0.1875 0.9803 -0.0628
vn -0.1639 0.9805 -0.1086
vn -0.1229 0.9840 -0.1288
vn -0.0674 0.9896 -0.1272
vn -0.0044 0.9918 -0.1276
vn 0.0510 0.9885 -0.1423
vn 0.0786 0.9806 -0.1796
vn 0.0769 0.9689 -0.2350
vn 0.0596 0.9582 -0.2800
vn 0.0379 0.9518 -0.3044
vn 0.0214 0.9496 -0.3128
vn 0.0167 0.9489 -0.3152
vn 0.0217 0.9485 -0.3161
vn 0.0306 0.9486 -0.3149
vn 0.0407 0.9497 -0.3104
vn 0.0512 0.9516 -0.3029
vn 0.0550 0.9567 -0.2858
vn 0.0414 0.9659 -0.2554
vn 0.0155 0.9731 -0.2299
vn -0.0050 0.9751 -0.2218
vn -0.0082 0.9761 -0.2174
vn 0.0003 0.9839 -0.1789
vn 0.0078 0.9962 -0.0863
vn 0.0107 0.9997 0.0235
vn 0.0036 0.9947 0.1028
vn -0.0145 0.9912 0.1315
vn -0.0281 0.9923 0.1205
vn -0.0247 0.9945 0.1018
vn -0.0056 0.9946 0.1035
vn 0.0219 0.9899 0.1402
vn 0.0475 0.9761 0.2121
vn 0.0598 0.9586 0.2785
vn 0.0580 0.9507 0.3047
vn 0.0529 0.9487 0.3117
vn 0.0502 0.9475 0.3158
vn 0.0487 0.9473 0.3166
vn 0.0476 0.9485 0.3131
vn 0.0461 0.9511 0.3056
vn 0.0436 0.9517 0.3039
vn 0.0402 0.9507 0.3074
vn 0.0362 0.9529 0.3010
vn 0.0315 0.9595 0.2799
vn 0.0255 0.9699 0.2421
vn 0.0174 0.9824 0.1861
vn 0.0091 0.9923 0.1233
vn 0.0044 0.9965 0.0833
vn 0.0025 0.9981 0.0613
vn 0.0010 0.9994 0.0333
vn -0.1971 0.9801 -0.0253
vn -0.1865 0.9814 -0.0446
vn -0.1502 0.9864 -0.0666
vn -0.0875 0.9939 -0.0670
vn -0.0104 0.9983 -0.0576
vn 0.0659 0.9961 -0.0590
vn 0.1231 0.9876 -0.0976
vn 0.1474 0.9746 -0.1684
vn 0.1461 0.9592 -0.2421
vn 0.1306 0.9460 -0.2966
vn 0.1053 0.9395 -0.3258
vn 0.0767 0.9410 -0.3297
vn 0.0580 0.9462 -0.3183
vn 0.0567 0.9495 -0.3087
vn 0.0664 0.9502 -0.3045
vn 0.0788 0.9509 -0.2992
vn 0.0916 0.9522 -0.2914
vn 0.1041 0.9541 -0.2808
vn 0.1119 0.9579 -0.2642
vn 0.1109 0.9633 -0.2444
vn 0.1075 0.9678 -0.2276
vn 0.1118 0.9717 -0.2081
vn 0.1221 0.9782 -0.1681
vn 0.1220 0.9885 -0.0894
vn 0.0997 0.9950 0.0068
vn 0.0640 0.9950 0.0767
vn 0.0322 0.9936 0.1081
vn 0.0156 0.9934 0.1141
vn 0.0188 0.9932 0.1147
vn 0.0396 0.9907 0.1298
vn 0.0693 0.9828 0.1710
vn 0.0918 0.9684 0.2319
vn 0.0958 0.9559 0.2775
vn 0.0903 0.9506 0.2970
vn 0.0864 0.9479 0.3068
vn 0.0843 0.9462 0.3124
vn 0.0823 0.9459 0.3139
vn 0.0799 0.9472 0.3106
vn 0.0762 0.9502 0.3023
vn 0.0695 0.9518 0.2988
vn 0.0592 0.9521 0.3000
vn 0.0464 0.9553 0.2921
vn 0.0319 0.9623 0.2701
vn 0.0164 0.9725 0.2321
vn 0.0004 0.9844 0.1758
vn -0.0134 0.9931 0.1165
vn -0.0213 0.9965 0.0806
vn -0.0258 0.9979 0.0593
vn -0.0296 0.9991 0.0319
vn -0.1651 0.9862 -0.0151
vn -0.1481 0.9888 -0.0165
vn -0.0975 0.9952 -0.0068
vn -0.0235 0.9997 0.0107
vn 0.0553 0.9983 0.0206
vn 0.1222 0.9925 0.0067
vn 0.1663 0.9843 -0.0594
vn 0.1860 0.9700 -0.1567
vn 0.1875 0.9514 -0.2444
vn 0.1766 0.9344 -0.3092
vn 0.1571 0.9249 -0.3462
vn 0.1320 0.9264 -0.3527
vn 0.1076 0.9372 -0.3316
vn 0.0968 0.9474 -0.3050
vn 0.1031 0.9508 -0.2921
vn 0.1166 0.9511 -0.2860
vn 0.1306 0.9517 -0.2779
vn 0.1446 0.9526 -0.2675
vn 0.1587 0.9539 -0.2548
vn 0.1722 0.9556 -0.2391
vn 0.1845 0.9577 -0.2206
vn 0.1960 0.9609 -0.1958
vn 0.2065 0.9657 -0.1572
vn 0.2071 0.9733 -0.0993
vn 0.1870 0.9820 -0.0267
vn 0.1521 0.9876 0.0384
vn 0.1196 0.9895 0.0814
vn 0.1022 0.9890 0.1066
vn 0.1038 0.9866 0.1261
vn 0.1192 0.9812 0.1519
vn 0.1364 0.9719 0.1918
vn 0.1411 0.9614 0.2361
vn 0.1341 0.9540 0.2680
vn 0.1264 0.9492 0.2883
vn 0.1213 0.9460 0.3006
vn 0.1172 0.9444 0.3072
vn 0.1131 0.9443 0.3091
vn 0.1086 0.9459 0.3057
vn 0.1029 0.9496 0.2961
vn 0.0936 0.9529 0.2886
vn 0.0790 0.9552 0.2854
vn 0.0604 0.9598 0.2742
vn 0.0380 0.9677 0.2493
vn 0.0124 0.9775 0.2105
vn -0.0137 0.9876 0.1562
vn -0.0340 0.9939 0.1045
vn -0.0447 0.9961 0.0754
vn -0.0507 0.9972 0.0550
vn -0.0554 0.9980 0.0291
vn -0.0949 0.9955 0.0036
vn -0.0734 0.9970 0.0226
vn -0.0195 0.9980 0.0595
vn 0.0453 0.9955 0.0835
vn 0.1035 0.9910 0.0846
vn 0.1470 0.9877 0.0535
vn 0.1777 0.9836 -0.0297
vn 0.1964 0.9701 -0.1425
vn 0.2017 0.9489 -0.2427
vn 0.1957 0.9281 -0.3167
vn 0.1833 0.9149 -0.3597
vn 0.1676 0.9135 -0.3707
vn 0.1501 0.9250 -0.3491
vn 0.1380 0.9414 -0.3076
vn 0.1401 0.9496 -0.2802
vn 0.1525 0.9503 -0.2716
vn 0.1670 0.9501 -0.2633
vn 0.1814 0.9504 -0.2528
vn 0.1956 0.9508 -0.2401
vn 0.2094 0.9516 -0.2250
vn 0.2227 0.9525 -0.2075
vn 0.2351 0.9545 -0.1837
vn 0.2458 0.9580 -0.1475
vn 0.2534 0.9621 -0.1009
vn 0.2530 0.9663 -0.0466
vn 0.2408 0.9705 0.0097
vn 0.2231 0.9730 0.0587
vn 0.2093 0.9730 0.0971
vn 0.2019 0.9711 0.1273
vn 0.1988 0.9675 0.1564
vn 0.1927 0.9625 0.1909
vn 0.1823 0.9571 0.2254
vn 0.1709 0.9519 0.2544
vn 0.1605 0.9474 0.2768
vn 0.1519 0.9444 0.2916
vn 0.1451 0.9430 0.2995
vn 0.1390 0.9432 0.3018
vn 0.1325 0.9452 0.2982
vn 0.1249 0.9497 0.2873
vn 0.1136 0.9550 0.2741
vn 0.0955 0.9597 0.2643
vn 0.0721 0.9659 0.2486
vn 0.0447 0.9747 0.2190
vn 0.0129 0.9842 0.1768
vn -0.0212 0.9919 0.1252
vn -0.0482 0.9951 0.0865
vn -0.0626 0.9957 0.0679
vn -0.0699 0.9963 0.0493
vn -0.0748 0.9969 0.0258
vn -0.0086 0.9995 0.0307
vn 0.0090 0.9980 0.0618
vn 0.0470 0.9926 0.1120
vn 0.0855 0.9874 0.1333
vn 0.1172 0.9854 0.1235
vn 0.1429 0.9862 0.0833
vn 0.1674 0.9859 -0.0036
vn 0.1874 0.9742 -0.1256
vn 0.1955 0.9513 -0.2383
vn 0.1933 0.9275 -0.3200
vn 0.1871 0.9112 -0.3670
vn 0.1806 0.9071 -0.3802
vn 0.1746 0.9162 -0.3607
vn 0.1704 0.9345 -0.3125
vn 0.1731 0.9469 -0.2709
vn 0.1845 0.9488 -0.2563
vn 0.1992 0.9480 -0.2482
vn 0.2135 0.9475 -0.2379
vn 0.2274 0.9473 -0.2255
vn 0.2407 0.9474 -0.2109
vn 0.2532 0.9477 -0.1942
vn 0.2649 0.9489 -0.1718
vn 0.2754 0.9514 -0.1378
vn 0.2839 0.9542 -0.0947
vn 0.2894 0.9560 -0.0481
vn 0.2906 0.9568 0.0001
vn 0.2865 0.9569 0.0469
vn 0.2761 0.9573 0.0851
vn 0.2606 0.9587 0.1141
vn 0.2436 0.9592 0.1432
vn 0.2291 0.9572 0.1768
vn 0.2165 0.9535 0.2098
vn 0.2039 0.9495 0.2384
vn 0.1912 0.9460 0.2618
vn 0.1795 0.9434 0.2789
vn 0.1696 0.9422 0.2890
vn 0.1610 0.9427 0.2922
vn 0.1525 0.9453 0.2882
vn 0.1430 0.9506 0.2757
vn 0.1299 0.9579 0.2562
vn 0.1095 0.9652 0.2375
vn 0.0818 0.9730 0.2159
vn 0.0495 0.9822 0.1814
vn 0.0133 0.9908 0.1346
vn -0.0240 0.9960 0.0859
vn -0.0545 0.9966 0.0622
vn -0.0731 0.9957 0.0570
vn -0.0824 0.9957 0.0430
vn -0.0871 0.9960 0.0223
vn 0.0408 0.9977 0.0550
vn 0.0499 0.9948 0.0885
vn 0.0674 0.9878 0.1405
vn 0.0841 0.9836 0.1594
vn 0.1008 0.9843 0.1452
vn 0.1169 0.9878 0.1029
vn 0.1353 0.9906 0.0196
vn 0.1553 0.9821 -0.1061
vn 0.1686 0.9584 -0.2302
vn 0.1739 0.9319 -0.3183
vn 0.1762 0.9131 -0.3678
vn 0.1788 0.9068 -0.3819
vn 0.1826 0.9136 -0.3633
vn 0.1882 0.9308 -0.3132
vn 0.1971 0.9447 -0.2619
vn 0.2104 0.9475 -0.2406
vn 0.2254 0.9460 -0.2329
vn 0.2396 0.9449 -0.2231
vn 0.2531 0.9441 -0.2112
vn 0.2657 0.9436 -0.1975
vn 0.2772 0.9434 -0.1819
vn 0.2880 0.9441 -0.1604
vn 0.2983 0.9459 -0.1279
vn 0.3068 0.9477 -0.0875
vn 0.3122 0.9490 -0.0442
vn 0.3137 0.9495 -0.0002
vn 0.3099 0.9499 0.0408
vn 0.2993 0.9515 0.0714
vn 0.2844 0.9539 0.0958
vn 0.2705 0.9544 0.1265
vn 0.2584 0.9525 0.1611
vn 0.2460 0.9499 0.1930
vn 0.2327 0.9471 0.2209
vn 0.2190 0.9446 0.2444
vn 0.2055 0.9427 0.2629
vn 0.1926 0.9419 0.2751
vn 0.1807 0.9429 0.2797
vn 0.1693 0.9463 0.2754
vn 0.1572 0.9525 0.2608
vn 0.1424 0.9613 0.2357
vn 0.1208 0.9710 0.2065
vn 0.0899 0.9802 0.1763
vn 0.0528 0.9892 0.1370
vn 0.0128 0.9961 0.0868
vn -0.0250 0.9987 0.0450
vn -0.0547 0.9979 0.0350
vn -0.0752 0.9963 0.0418
vn -0.0870 0.9956 0.0358
vn -0.0922 0.9956 0.0190
vn 0.0538 0.9963 0.0674
vn 0.0560 0.9934 0.1001
vn 0.0596 0.9868 0.1506
vn 0.0628 0.9835 0.1697
vn 0.0670 0.9855 0.1558
vn 0.0714 0.9911 0.1126
vn 0.0789 0.9963 0.0356
vn 0.0947 0.9919 -0.0851
vn 0.1157 0.9699 -0.2141
vn 0.1354 0.9420 -0.3069
vn 0.1528 0.9207 -0.3591
vn 0.1684 0.9117 -0.3748
vn 0.1831 0.9160 -0.3571
vn 0.1981 0.9311 -0.3064
vn 0.2136 0.9444 -0.2500
vn 0.2293 0.9471 -0.2245
vn 0.2445 0.9449 -0.2176
vn 0.2587 0.9432 -0.2086
vn 0.2718 0.9418 -0.1977
vn 0.2836 0.9409 -0.1851
vn 0.2943 0.9404 -0.1707
vn 0.3046 0.9407 -0.1495
vn 0.3148 0.9418 -0.1181
vn 0.3232 0.9429 -0.0805
vn 0.3285 0.9436 -0.0404
vn 0.3299 0.9440 -0.0002
vn 0.3259 0.9448 0.0343
vn 0.3160 0.9470 0.0573
vn 0.3044 0.9491 0.0806
vn 0.2939 0.9492 0.1129
vn 0.2830 0.9480 0.1459
vn 0.2708 0.9464 0.1760
vn 0.2575 0.9447 0.2030
vn 0.2436 0.9431 0.2262
vn 0.2292 0.9421 0.2449
vn 0.2144 0.9420 0.2581
vn 0.1996 0.9437 0.2637
vn 0.1846 0.9481 0.2590
vn 0.1686 0.9555 0.2420
vn 0.1503 0.9656 0.2123
vn 0.1274 0.9766 0.1733
vn 0.0956 0.9867 0.1318
vn 0.0552 0.9947 0.0866
vn 0.0129 0.9992 0.0370
vn -0.0232 0.9997 0.0073
vn -0.0501 0.9987 0.0096
vn -0.0701 0.9973 0.0241
vn -0.0827 0.9962 0.0276
vn -0.0876 0.9960 0.0162
vn 0.0633 0.9958 0.0662
vn 0.0587 0.9934 0.0980
vn 0.0487 0.9879 0.1471
vn 0.0380 0.9853 0.1666
vn 0.0286 0.9876 0.1542
vn 0.0210 0.9936 0.1111
vn 0.0169 0.9990 0.0404
vn 0.0254 0.9975 -0.0654
vn 0.0514 0.9811 -0.1867
vn 0.0855 0.9556 -0.2819
vn 0.1187 0.9339 -0.3373
vn 0.1499 0.9224 -0.3560
vn 0.1789 0.9231 -0.3404
vn 0.2057 0.9344 -0.2908
vn 0.2270 0.9450 -0.2354
vn 0.2421 0.9473 -0.2096
vn 0.2559 0.9453 -0.2024
vn 0.2700 0.9430 -0.1945
vn 0.2828 0.9412 -0.1850
vn 0.2939 0.9399 -0.1739
vn 0.3042 0.9391 -0.1602
vn 0.3148 0.9390 -0.1387
vn 0.3252 0.9394 -0.1084
vn 0.3335 0.9399 -0.0735
vn 0.3385 0.9402 -0.0367
vn 0.3398 0.9405 -0.0002
vn 0.3363 0.9414 0.0277
vn 0.3287 0.9433 0.0457
vn 0.3205 0.9447 0.0697
vn 0.3121 0.9446 0.1011
vn 0.3022 0.9441 0.1316
vn 0.2907 0.9434 0.1599
vn 0.2779 0.9425 0.1857
vn 0.2641 0.9418 0.2082
vn 0.2493 0.9416 0.2265
vn 0.2334 0.9424 0.2395
vn 0.2163 0.9451 0.2449
vn 0.1977 0.9507 0.2388
vn 0.1768 0.9597 0.2183
vn 0.1532 0.9709 0.1840
vn 0.1267 0.9823 0.1383
vn 0.0950 0.9917 0.0863
vn 0.0551 0.9979 0.0331
vn 0.0140 0.9999 -0.0097
vn -0.0160 0.9996 -0.0219
vn -0.0337 0.9994 -0.0077
vn -0.0443 0.9990 0.0116
vn -0.0488 0.9986 0.0225
vn -0.0489 0.9987 0.0159
vn 0.0733 0.9958 0.0545
vn 0.0637 0.9944 0.0843
vn 0.0426 0.9905 0.1308
vn 0.0196 0.9884 0.1503
vn -0.0018 0.9901 0.1404
vn -0.0190 0.9948 0.1005
vn -0.0301 0.9989 0.0359
vn -0.0276 0.9984 -0.0501
vn -0.0029 0.9883 -0.1523
vn 0.0384 0.9690 -0.2442
vn 0.0839 0.9496 -0.3021
vn 0.1285 0.9374 -0.3237
vn 0.1712 0.9350 -0.3107
vn 0.2100 0.9411 -0.2651
vn 0.2371 0.9465 -0.2189
vn 0.2507 0.9475 -0.1985
vn 0.2609 0.9467 -0.1892
vn 0.2731 0.9448 -0.1809
vn 0.2854 0.9427 -0.1729
vn 0.2964 0.9410 -0.1634
vn 0.3072 0.9399 -0.1493
vn 0.3187 0.9393 -0.1273
vn 0.3295 0.9390 -0.0987
vn 0.3376 0.9389 -0.0667
vn 0.3425 0.9389 -0.0332
vn 0.3439 0.9390 -0.0004
vn 0.3414 0.9397 0.0223
vn 0.3364 0.9409 0.0380
vn 0.3309 0.9416 0.0622
vn 0.3242 0.9416 0.0913
vn 0.3153 0.9415 0.1193
vn 0.3047 0.9413 0.1457
vn 0.2924 0.9411 0.1700
vn 0.2787 0.9411 0.1914
vn 0.2636 0.9418 0.2089
vn 0.2466 0.9437 0.2207
vn 0.2270 0.9477 0.2243
vn 0.2040 0.9551 0.2147
vn 0.1773 0.9658 0.1894
vn 0.1476 0.9776 0.1502
vn 0.1158 0.9882 0.0998
vn 0.0821 0.9958 0.0414
vn 0.0485 0.9987 -0.0139
vn 0.0225 0.9989 -0.0405
vn 0.0111 0.9995 -0.0311
vn 0.0102 0.9999 -0.0078
vn 0.0132 0.9998 0.0123
vn 0.0181 0.9995 0.0240
vn 0.0220 0.9996 0.0183
vn 0.0862 0.9954 0.0419
vn 0.0755 0.9951 0.0641
vn 0.0482 0.9935 0.1032
vn 0.0156 0.9922 0.1234
vn -0.0147 0.9931 0.1166
vn -0.0392 0.9958 0.0832
vn -0.0542 0.9982 0.0275
vn -0.0559 0.9976 -0.0410
vn -0.0373 0.9922 -0.1193
vn 0.0036 0.9801 -0.1983
vn 0.0564 0.9652 -0.2555
vn 0.1112 0.9539 -0.2789
vn 0.1653 0.9492 -0.2677
vn 0.2117 0.9496 -0.2311
vn 0.2401 0.9496 -0.2017
vn 0.2527 0.9486 -0.1905
vn 0.2602 0.9486 -0.1800
vn 0.2689 0.9481 -0.1695
vn 0.2797 0.9464 -0.1613
vn 0.2915 0.9444 -0.1522
vn 0.3042 0.9427 -0.1371
vn 0.3169 0.9414 -0.1153
vn 0.3277 0.9406 -0.0892
vn 0.3358 0.9400 -0.0601
vn 0.3408 0.9397 -0.0298
vn 0.3427 0.9394 -0.0002
vn 0.3418 0.9396 0.0190
vn 0.3390 0.9402 0.0337
vn 0.3350 0.9405 0.0571
vn 0.3292 0.9405 0.0838
vn 0.3211 0.9407 0.1095
vn 0.3109 0.9409 0.1340
vn 0.2988 0.9414 0.1568
vn 0.2845 0.9422 0.1768
vn 0.2680 0.9440 0.1926
vn 0.2485 0.9473 0.2022
vn 0.2248 0.9533 0.2018
vn 0.1963 0.9626 0.1865
vn 0.1635 0.9743 0.1551
vn 0.1281 0.9856 0.1108
vn 0.0914 0.9942 0.0565
vn 0.0575 0.9983 -0.0011
vn 0.0385 0.9985 -0.0391
vn 0.0418 0.9983 -0.0394
vn 0.0573 0.9982 -0.0149
vn 0.0716 0.9974 0.0077
vn 0.0813 0.9965 0.0218
vn 0.0884 0.9957 0.0293
vn 0.0928 0.9955 0.0217
vn 0.0985 0.9944 0.0375
vn 0.0915 0.9947 0.0464
vn 0.0673 0.9953 0.0696
vn 0.0309 0.9956 0.0886
vn -0.0051 0.9963 0.0858
vn -0.0347 0.9976 0.0605
vn -0.0536 0.9984 0.0166
vn -0.0589 0.9976 -0.0372
vn -0.0470 0.9945 -0.0935
vn -0.0128 0.9884 -0.1512
vn 0.0410 0.9789 -0.2003
vn 0.1029 0.9693 -0.2232
vn 0.1628 0.9628 -0.2157
vn 0.2082 0.9583 -0.1960
vn 0.2323 0.9546 -0.1862
vn 0.2440 0.9524 -0.1827
vn 0.2516 0.9521 -0.1740
vn 0.2580 0.9525 -0.1616
vn 0.2673 0.9519 -0.1500
vn 0.2807 0.9497 -0.1387
vn 0.2957 0.9473 -0.1232
vn 0.3100 0.9452 -0.1023
vn 0.3237 0.9430 -0.0773
vn 0.3365 0.9403 -0.0505
vn 0.3464 0.9378 -0.0237
vn 0.3518 0.9361 0.0017
vn 0.3529 0.9355 0.0174
vn 0.3509 0.9359 0.0293
vn 0.3453 0.9372 0.0495
vn 0.3354 0.9392 0.0739
vn 0.3225 0.9414 0.0990
vn 0.3086 0.9431 0.1238
vn 0.2943 0.9445 0.1460
vn 0.2780 0.9465 0.1640
vn 0.2580 0.9497 0.1773
vn 0.2335 0.9550 0.1830
vn 0.2037 0.9630 0.1767
vn 0.1686 0.9735 0.1542
vn 0.1302 0.9846 0.1165
vn 0.0906 0.9936 0.0675
vn 0.0531 0.9985 0.0122
vn 0.0307 0.9991 -0.0288
vn 0.0362 0.9988 -0.0338
vn 0.0630 0.9980 -0.0101
vn 0.0931 0.9955 0.0155
vn 0.1160 0.9928 0.0297
vn 0.1322 0.9906 0.0352
vn 0.1440 0.9889 0.0372
vn 0.1511 0.9882 0.0258
vn 0.1042 0.9937 0.0407
vn 0.1035 0.9939 0.0386
vn 0.0927 0.9948 0.0422
vn 0.0647 0.9966 0.0515
vn 0.0287 0.9983 0.0510
vn -0.0033 0.9994 0.0340
vn -0.0253 0.9997 0.0024
vn -0.0341 0.9987 -0.0371
vn -0.0281 0.9967 -0.0761
vn -0.0038 0.9938 -0.1113
vn 0.0429 0.9889 -0.1423
vn 0.1035 0.9814 -0.1618
vn 0.1573 0.9735 -0.1660
vn 0.1916 0.9671 -0.1676
vn 0.2106 0.9622 -0.1726
vn 0.2231 0.9592 -0.1735
vn 0.2330 0.9579 -0.1676
vn 0.2415 0.9579 -0.1552
vn 0.2518 0.9578 -0.1386
vn 0.2665 0.9560 -0.1226
vn 0.2855 0.9526 -0.1052
vn 0.3075 0.9479 -0.0829
vn 0.3301 0.9422 -0.0580
vn 0.3503 0.9360 -0.0340
vn 0.3654 0.9308 -0.0127
vn 0.3738 0.9275 0.0059
vn 0.3763 0.9264 0.0167
vn 0.3744 0.9270 0.0232
vn 0.3668 0.9296 0.0363
vn 0.3520 0.9343 0.0560
vn 0.3314 0.9401 0.0801
vn 0.3072 0.9456 0.1071
vn 0.2819 0.9503 0.1324
vn 0.2575 0.9544 0.1512
vn 0.2309 0.9596 0.1610
vn 0.1975 0.9671 0.1606
vn 0.1567 0.9767 0.1469
vn 0.1119 0.9868 0.1171
vn 0.0673 0.9950 0.0736
vn 0.0256 0.9994 0.0213
vn -0.0013 0.9998 -0.0222
vn 0.0027 0.9995 -0.0301
vn 0.0348 0.9994 -0.0040
vn 0.0743 0.9968 0.0282
vn 0.1077 0.9930 0.0478
vn 0.1342 0.9895 0.0544
vn 0.1556 0.9864 0.0539
vn 0.1724 0.9838 0.0499
vn 0.1828 0.9826 0.0317
vn 0.1046 0.9935 0.0459
vn 0.1068 0.9935 0.0401
vn 0.1077 0.9937 0.0307
vn 0.0981 0.9949 0.0252
vn 0.0771 0.9968 0.0200
vn 0.0519 0.9986 0.0076
vn 0.0310 0.9994 -0.0141
vn 0.0203 0.9990 -0.0402
vn 0.0225 0.9976 -0.0651
vn 0.0372 0.9958 -0.0836
vn 0.0641 0.9932 -0.0968
vn 0.1001 0.9887 -0.1113
vn 0.1342 0.9825 -0.1289
vn 0.1591 0.9764 -0.1459
vn 0.1779 0.9713 -0.1577
vn 0.1940 0.9676 -0.1615
vn 0.2082 0.9653 -0.1576
vn 0.2210 0.9643 -0.1459
vn 0.2341 0.9640 -0.1263
vn 0.2527 0.9621 -0.1022
vn 0.2805 0.9567 -0.0774
vn 0.3125 0.9484 -0.0531
vn 0.3414 0.9394 -0.0311
vn 0.3639 0.9313 -0.0131
vn 0.3794 0.9253 0.0007
vn 0.3876 0.9218 0.0111
vn 0.3899 0.9207 0.0166
vn 0.3879 0.9215 0.0179
vn 0.3805 0.9245 0.0227
vn 0.3654 0.9302 0.0349
vn 0.3415 0.9383 0.0538
vn 0.3087 0.9479 0.0792
vn 0.2691 0.9571 0.1075
vn 0.2265 0.9653 0.1303
vn 0.1823 0.9734 0.1391
vn 0.1345 0.9821 0.1321
vn 0.0824 0.9904 0.1109
vn 0.0299 0.9967 0.0755
vn -0.0186 0.9994 0.0288
vn -0.0537 0.9984 -0.0178
vn -0.0584 0.9977 -0.0331
vn -0.0279 0.9996 -0.0064
vn 0.0189 0.9992 0.0351
vn 0.0641 0.9958 0.0660
vn 0.1026 0.9914 0.0809
vn 0.1334 0.9877 0.0817
vn 0.1579 0.9845 0.0769
vn 0.1767 0.9820 0.0662
vn 0.1880 0.9814 0.0390
vn 0.1017 0.9935 0.0511
vn 0.1040 0.9936 0.0446
vn 0.1078 0.9937 0.0308
vn 0.1092 0.9939 0.0167
vn 0.1055 0.9944 0.0035
vn 0.0963 0.9953 -0.0108
vn 0.0855 0.9960 -0.0274
vn 0.0783 0.9959 -0.0446
vn 0.0764 0.9953 -0.0601
vn 0.0785 0.9944 -0.0714
vn 0.0816 0.9935 -0.0787
vn 0.0868 0.9923 -0.0881
vn 0.0996 0.9894 -0.1053
vn 0.1198 0.9849 -0.1249
vn 0.1415 0.9801 -0.1392
vn 0.1614 0.9761 -0.1454
vn 0.1791 0.9733 -0.1434
vn 0.1954 0.9717 -0.1329
vn 0.2141 0.9707 -0.1093
vn 0.2414 0.9676 -0.0736
vn 0.2763 0.9602 -0.0406
vn 0.3108 0.9503 -0.0180
vn 0.3396 0.9406 -0.0021
vn 0.3617 0.9323 0.0083
vn 0.3770 0.9261 0.0140
vn 0.3852 0.9227 0.0163
vn 0.3866 0.9221 0.0158
vn 0.3830 0.9237 0.0127
vn 0.3743 0.9272 0.0114
vn 0.3584 0.9334 0.0163
vn 0.3336 0.9423 0.0278
vn 0.2981 0.9534 0.0463
vn 0.2487 0.9661 0.0699
vn 0.1852 0.9783 0.0927
vn 0.1172 0.9876 0.1047
vn 0.0543 0.9938 0.0968
vn -0.0040 0.9975 0.0709
vn -0.0583 0.9978 0.0331
vn -0.1009 0.9948 -0.0094
vn -0.1170 0.9925 -0.0354
vn -0.0975 0.9951 -0.0181
vn -0.0545 0.9981 0.0297
vn -0.0067 0.9972 0.0741
vn 0.0382 0.9938 0.1041
vn 0.0792 0.9900 0.1169
vn 0.1153 0.9867 0.1143
vn 0.1456 0.9839 0.1040
vn 0.1671 0.9824 0.0835
vn 0.1783 0.9829 0.0462
vn 0.0958 0.9938 0.0561
vn 0.0979 0.9940 0.0490
vn 0.1016 0.9942 0.0339
vn 0.1040 0.9944 0.0173
vn 0.1048 0.9945 -0.0000
vn 0.1040 0.9944 -0.0173
vn 0.1016 0.9943 -0.0338
vn 0.0978 0.9940 -0.0490
vn 0.0930 0.9937 -0.0621
vn 0.0872 0.9935 -0.0727
vn 0.0807 0.9935 -0.0807
vn 0.0747 0.9934 -0.0870
vn 0.0738 0.9928 -0.0947
vn 0.0831 0.9909 -0.1063
vn 0.1014 0.9877 -0.1186
vn 0.1225 0.9844 -0.1262
vn 0.1422 0.9817 -0.1265
vn 0.1630 0.9800 -0.1144
vn 0.1908 0.9781 -0.0826
vn 0.2249 0.9736 -0.0383
vn 0.2599 0.9656 -0.0024
vn 0.2928 0.9560 0.0170
vn 0.3210 0.9467 0.0266
vn 0.3430 0.9388 0.0298
vn 0.3584 0.9331 0.0276
vn 0.3668 0.9301 0.0216
vn 0.3676 0.9299 0.0135
vn 0.3615 0.9324 0.0049
vn 0.3496 0.9369 -0.0009
vn 0.3312 0.9436 -0.0019
vn 0.3039 0.9527 0.0026
vn 0.2637 0.9645 0.0118
vn 0.2061 0.9782 0.0241
vn 0.1319 0.9905 0.0399
vn 0.0505 0.9972 0.0548
vn -0.0242 0.9983 0.0537
vn -0.0854 0.9959 0.0306
vn -0.1311 0.9914 -0.0022
vn -0.1555 0.9874 -0.0306
vn -0.1510 0.9881 -0.0302
vn -0.1195 0.9928 0.0107
vn -0.0760 0.9949 0.0661
vn -0.0321 0.9933 0.1112
vn 0.0095 0.9899 0.1415
vn 0.0482 0.9868 0.1547
vn 0.0848 0.9847 0.1521
vn 0.1184 0.9837 0.1355
vn 0.1423 0.9846 0.1017
vn 0.1541 0.9866 0.0532
vn 0.0866 0.9944 0.0609
vn 0.0887 0.9946 0.0533
vn 0.0923 0.9950 0.0370
vn 0.0946 0.9953 0.0189
vn 0.0954 0.9954 -0.0000
vn 0.0946 0.9953 -0.0189
vn 0.0923 0.9950 -0.0370
vn 0.0887 0.9946 -0.0533
vn 0.0841 0.9942 -0.0673
vn 0.0787 0.9938 -0.0787
vn 0.0727 0.9935 -0.0873
vn 0.0663 0.9935 -0.0928
vn 0.0602 0.9936 -0.0959
vn 0.0576 0.9935 -0.0986
vn 0.0632 0.9927 -0.1030
vn 0.0774 0.9912 -0.1074
vn 0.0973 0.9895 -0.1069
vn 0.1240 0.9884 -0.0880
vn 0.1583 0.9862 -0.0478
vn 0.1939 0.9810 -0.0023
vn 0.2268 0.9734 0.0333
vn 0.2580 0.9648 0.0509
vn 0.2856 0.9568 0.0548
vn 0.3075 0.9502 0.0514
vn 0.3232 0.9454 0.0416
vn 0.3317 0.9430 0.0273
vn 0.3325 0.9431 0.0106
vn 0.3250 0.9457 -0.0059
vn 0.3093 0.9508 -0.0180
vn 0.2861 0.9579 -0.0236
vn 0.2537 0.9669 -0.0262
vn 0.2068 0.9780 -0.0281
vn 0.1439 0.9892 -0.0267
vn 0.0688 0.9975 -0.0186
vn -0.0130 0.9999 -0.0050
vn -0.0882 0.9961 0.0047
vn -0.1408 0.9900 -0.0037
vn -0.1677 0.9856 -0.0225
vn -0.1736 0.9842 -0.0342
vn -0.1598 0.9871 -0.0139
vn -0.1293 0.9908 0.0408
vn -0.0916 0.9909 0.0991
vn -0.0536 0.9879 0.1452
vn -0.0173 0.9842 0.1761
vn 0.0166 0.9815 0.1906
vn 0.0495 0.9808 0.1887
vn 0.0794 0.9828 0.1667
vn 0.1018 0.9875 0.1206
vn 0.1146 0.9915 0.0610
vn 0.0744 0.9951 0.0654
vn 0.0763 0.9954 0.0573
vn 0.0797 0.9960 0.0399
vn 0.0819 0.9964 0.0205
vn 0.0827 0.9966 -0.0000
vn 0.0819 0.9964 -0.0205
vn 0.0797 0.9960 -0.0399
vn 0.0763 0.9954 -0.0573
vn 0.0721 0.9948 -0.0721
vn 0.0673 0.9942 -0.0841
vn 0.0621 0.9937 -0.0931
vn 0.0583 0.9936 -0.0972
vn 0.0604 0.9936 -0.0955
vn 0.0692 0.9933 -0.0927
vn 0.0789 0.9925 -0.0932
vn 0.0854 0.9917 -0.0963
vn 0.0908 0.9915 -0.0929
vn 0.1016 0.9927 -0.0651
vn 0.1211 0.9925 -0.0170
vn 0.1475 0.9886 0.0303
vn 0.1769 0.9820 0.0665
vn 0.2061 0.9750 0.0829
vn 0.2325 0.9691 0.0821
vn 0.2542 0.9644 0.0727
vn 0.2699 0.9613 0.0559
vn 0.2788 0.9598 0.0332
vn 0.2794 0.9601 0.0076
vn 0.2714 0.9623 -0.0179
vn 0.2543 0.9663 -0.0392
vn 0.2269 0.9725 -0.0524
vn 0.1879 0.9802 -0.0630
vn 0.1356 0.9880 -0.0744
vn 0.0727 0.9941 -0.0799
vn 0.0044 0.9971 -0.0756
vn -0.0625 0.9961 -0.0621
vn -0.1184 0.9921 -0.0408
vn -0.1534 0.9878 -0.0276
vn -0.1668 0.9855 -0.0298
vn -0.1663 0.9856 -0.0299
vn -0.1534 0.9882 0.0025
vn -0.1287 0.9895 0.0661
vn -0.0988 0.9870 0.1270
vn -0.0688 0.9823 0.1743
vn -0.0403 0.9778 0.2058
vn -0.0131 0.9752 0.2209
vn 0.0120 0.9759 0.2177
vn 0.0323 0.9812 0.1905
vn 0.0480 0.9893 0.1377
vn 0.0597 0.9958 0.0700
vn 0.0592 0.9958 0.0694
vn 0.0609 0.9963 0.0609
vn 0.0640 0.9970 0.0427
vn 0.0660 0.9976 0.0220
vn 0.0668 0.9978 -0.0000
vn 0.0660 0.9976 -0.0220
vn 0.0640 0.9970 -0.0427
vn 0.0609 0.9963 -0.0609
vn 0.0573 0.9954 -0.0763
vn 0.0533 0.9946 -0.0887
vn 0.0539 0.9942 -0.0931
vn 0.0694 0.9939 -0.0856
vn 0.1007 0.9922 -0.0734
vn 0.1357 0.9883 -0.0701
vn 0.1603 0.9839 -0.0796
vn 0.1667 0.9814 -0.0949
vn 0.1574 0.9828 -0.0965
vn 0.1414 0.9877 -0.0664
vn 0.1239 0.9922 -0.0141
vn 0.1123 0.9928 0.0428
vn 0.1171 0.9890 0.0906
vn 0.1373 0.9842 0.1117
vn 0.1615 0.9810 0.1079
vn 0.1820 0.9789 0.0932
vn 0.1974 0.9778 0.0699
vn 0.2062 0.9777 0.0393
vn 0.2067 0.9784 0.0045
vn 0.1982 0.9797 -0.0301
vn 0.1811 0.9816 -0.0604
vn 0.1541 0.9844 -0.0846
vn 0.1146 0.9878 -0.1057
vn 0.0660 0.9903 -0.1223
vn 0.0149 0.9915 -0.1290
vn -0.0341 0.9918 -0.1236
vn -0.0771 0.9914 -0.1058
vn -0.1115 0.9909 -0.0755
vn -0.1346 0.9899 -0.0453
vn -0.1449 0.9889 -0.0330
vn -0.1448 0.9891 -0.0258
vn -0.1353 0.9907 0.0146
vn -0.1181 0.9894 0.0840
vn -0.0979 0.9842 0.1475
vn -0.0775 0.9776 0.1958
vn -0.0580 0.9720 0.2276
vn -0.0403 0.9695 0.2419
vn -0.0273 0.9717 0.2348
vn -0.0193 0.9790 0.2032
vn -0.0127 0.9887 0.1492
vn -0.0057 0.9969 0.0780
vn 0.0414 0.9965 0.0726
vn 0.0427 0.9970 0.0640
vn 0.0451 0.9980 0.0451
vn 0.0469 0.9986 0.0235
vn 0.0475 0.9989 -0.0000
vn 0.0469 0.9986 -0.0235
vn 0.0451 0.9980 -0.0451
vn 0.0427 0.9970 -0.0640
vn 0.0399 0.9960 -0.0797
vn 0.0417 0.9953 -0.0876
vn 0.0621 0.9954 -0.0733
vn 0.1079 0.9932 -0.0441
vn 0.1632 0.9862 -0.0268
vn 0.2083 0.9775 -0.0334
vn 0.2354 0.9700 -0.0604
vn 0.2427 0.9653 -0.0961
vn 0.2327 0.9662 -0.1113
vn 0.2086 0.9737 -0.0912
vn 0.1700 0.9843 -0.0470
vn 0.1228 0.9923 0.0159
vn 0.0864 0.9925 0.0866
vn 0.0767 0.9888 0.1280
vn 0.0871 0.9879 0.1283
vn 0.1015 0.9887 0.1101
vn 0.1132 0.9902 0.0821
vn 0.1206 0.9917 0.0449
vn 0.1216 0.9926 0.0018
vn 0.1150 0.9925 -0.0409
vn 0.1021 0.9917 -0.0777
vn 0.0831 0.9904 -0.1105
vn 0.0567 0.9884 -0.1408
vn 0.0247 0.9867 -0.1608
vn -0.0081 0.9861 -0.1661
vn -0.0384 0.9867 -0.1579
vn -0.0652 0.9885 -0.1365
vn -0.0883 0.9909 -0.1016
vn -0.1049 0.9926 -0.0612
vn -0.1130 0.9929 -0.0371
vn -0.1140 0.9932 -0.0239
vn -0.1092 0.9938 0.0202
vn -0.1005 0.9906 0.0928
vn -0.0902 0.9832 0.1586
vn -0.0795 0.9749 0.2079
vn -0.0705 0.9684 0.2391
vn -0.0659 0.9660 0.2502
vn -0.0664 0.9688 0.2387
vn -0.0692 0.9762 0.2055
vn -0.0707 0.9857 0.1530
vn -0.0697 0.9941 0.0826
vn 0.0213 0.9970 0.0748
vn 0.0220 0.9976 0.0660
vn 0.0235 0.9986 0.0469
vn 0.0246 0.9994 0.0246
vn 0.0250 0.9997 -0.0000
vn 0.0246 0.9994 -0.0246
vn 0.0235 0.9986 -0.0469
vn 0.0220 0.9976 -0.0660
vn 0.0220 0.9965 -0.0805
vn 0.0365 0.9968 -0.0706
vn 0.0797 0.9965 -0.0268
vn 0.1396 0.9901 0.0161
vn 0.1954 0.9804 0.0270
vn 0.2386 0.9711 0.0053
vn 0.2655 0.9633 -0.0407
vn 0.2734 0.9571 -0.0964
vn 0.2634 0.9561 -0.1286
vn 0.2384 0.9632 -0.1243
vn 0.1992 0.9753 -0.0951
vn 0.1471 0.9884 -0.0382
vn 0.0899 0.9949 0.0463
vn 0.0486 0.9918 0.1185
vn 0.0371 0.9898 0.1375
vn 0.0414 0.9919 0.1200
vn 0.0470 0.9948 0.0900
vn 0.0512 0.9975 0.0491
vn 0.0525 0.9986 0.0004
vn 0.0494 0.9976 -0.0478
vn 0.0429 0.9952 -0.0881
vn 0.0334 0.9916 -0.1252
vn 0.0207 0.9868 -0.1604
vn 0.0055 0.9830 -0.1833
vn -0.0117 0.9818 -0.1896
vn -0.0301 0.9830 -0.1809
vn -0.0475 0.9863 -0.1582
vn -0.0620 0.9907 -0.1210
vn -0.0718 0.9947 -0.0742
vn -0.0768 0.9962 -0.0417
vn -0.0779 0.9967 -0.0240
vn -0.0765 0.9969 0.0195
vn -0.0753 0.9929 0.0919
vn -0.0749 0.9843 0.1598
vn -0.0758 0.9750 0.2090
vn -0.0804 0.9679 0.2379
vn -0.0892 0.9653 0.2454
vn -0.1002 0.9675 0.2322
vn -0.1103 0.9735 0.2001
vn -0.1178 0.9816 0.1502
vn -0.1212 0.9891 0.0834
vn -0.0000 0.9971 0.0756
vn -0.0000 0.9978 0.0668
vn -0.0000 0.9989 0.0475
vn -0.0000 0.9997 0.0250
vn -0.0000 0.9997 -0.0250
vn -0.0000 0.9989 -0.0475
vn -0.0000 0.9978 -0.0668
vn 0.0056 0.9972 -0.0742
vn 0.0320 0.9988 -0.0363
vn 0.0816 0.9962 0.0318
vn 0.1369 0.9878 0.0744
vn 0.1862 0.9795 0.0767
vn 0.2265 0.9731 0.0426
vn 0.2533 0.9672 -0.0206
vn 0.2617 0.9603 -0.0968
vn 0.2509 0.9566 -0.1481
vn 0.2244 0.9614 -0.1594
vn 0.1858 0.9722 -0.1425
vn 0.1382 0.9859 -0.0947
vn 0.0835 0.9964 -0.0111
vn 0.0334 0.9958 0.0852
vn 0.0061 0.9911 0.1328
vn -0.0000 0.9924 0.1230
vn -0.0000 0.9957 0.0926
vn -0.0000 0.9987 0.0508
vn -0.0004 0.9987 -0.0503
vn -0.0018 0.9958 -0.0920
vn -0.0050 0.9913 -0.1313
vn -0.0099 0.9857 -0.1683
vn -0.0152 0.9812 -0.1924
vn -0.0204 0.9795 -0.2006
vn -0.0258 0.9808 -0.1933
vn -0.0312 0.9849 -0.1706
vn -0.0351 0.9906 -0.1319
vn -0.0368 0.9960 -0.0819
vn -0.0375 0.9983 -0.0450
vn -0.0372 0.9990 -0.0244
vn -0.0381 0.9992 0.0143
vn -0.0448 0.9957 0.0817
vn -0.0564 0.9871 0.1497
vn -0.0709 0.9777 0.1976
vn -0.0880 0.9705 0.2245
vn -0.1061 0.9671 0.2311
vn -0.1235 0.9679 0.2190
vn -0.1386 0.9721 0.1894
vn -0.1502 0.9783 0.1430
vn -0.1572 0.9842 0.0810
vn -0.0213 0.9970 0.0748
vn -0.0220 0.9976 0.0660
vn -0.0235 0.9986 0.0469
vn -0.0246 0.9994 0.0246
vn -0.0250 0.9997 -0.0000
vn -0.0246 0.9994 -0.0246
vn -0.0235 0.9986 -0.0469
vn -0.0220 0.9976 -0.0660
vn -0.0125 0.9981 -0.0597
vn 0.0160 0.9999 0.0039
vn 0.0574 0.9949 0.0829
vn 0.0996 0.9875 0.1223
vn 0.1389 0.9830 0.1197
vn 0.1735 0.9818 0.0772
vn 0.1988 0.9800 -0.0005
vn 0.2077 0.9733 -0.0976
vn 0.1965 0.9657 -0.1695
vn 0.1699 0.9660 -0.1948
vn 0.1345 0.9733 -0.1858
vn 0.0943 0.9852 -0.1432
vn 0.0504 0.9967 -0.0634
vn 0.0059 0.9991 0.0428
vn -0.0267 0.9929 0.1159
vn -0.0402 0.9919 0.1204
vn -0.0452 0.9949 0.0902
vn -0.0492 0.9976 0.0492
vn -0.0508 0.9987 -0.0000
vn -0.0493 0.9976 -0.0491
vn -0.0458 0.9948 -0.0907
vn -0.0421 0.9905 -0.1309
vn -0.0389 0.9849 -0.1686
vn -0.0359 0.9806 -0.1926
vn -0.0323 0.9790 -0.2011
vn -0.0279 0.9805 -0.1943
vn -0.0222 0.9849 -0.1717
vn -0.0154 0.9910 -0.1327
vn -0.0085 0.9966 -0.0825
vn -0.0043 0.9990 -0.0456
vn -0.0023 0.9997 -0.0242
vn -0.0041 1.0000 0.0071
vn -0.0160 0.9979 0.0632
vn -0.0374 0.9911 0.1281
vn -0.0624 0.9825 0.1756
vn -0.0876 0.9753 0.2028
vn -0.1118 0.9711 0.2109
vn -0.1339 0.9704 0.2012
vn -0.1528 0.9727 0.1748
vn -0.1680 0.9769 0.1324
vn -0.1781 0.9811 0.0759
vn -0.0414 0.9965 0.0726
vn -0.0427 0.9970 0.0640
vn -0.0451 0.9980 0.0451
vn -0.0469 0.9986 0.0235
vn -0.0475 0.9989 -0.0000
vn -0.0469 0.9986 -0.0235
vn -0.0451 0.9980 -0.0451
vn -0.0426 0.9971 -0.0639
vn -0.0343 0.9984 -0.0440
vn -0.0148 0.9992 0.0361
vn 0.0106 0.9930 0.1174
vn 0.0355 0.9872 0.1554
vn 0.0596 0.9867 0.1510
vn 0.0823 0.9911 0.1046
vn 0.1009 0.9948 0.0172
vn 0.1089 0.9892 -0.0976
vn 0.1009 0.9767 -0.1894
vn 0.0797 0.9710 -0.2254
vn 0.0532 0.9741 -0.2197
vn 0.0254 0.9835 -0.1791
vn -0.0037 0.9949 -0.1012
vn -0.0345 0.9994 0.0056
vn -0.0604 0.9937 0.0944
vn -0.0754 0.9907 0.1130
vn -0.0840 0.9929 0.0840
vn -0.0902 0.9949 0.0452
vn -0.0926 0.9957 -0.0000
vn -0.0902 0.9949 -0.0452
vn -0.0839 0.9929 -0.0848
vn -0.0748 0.9895 -0.1240
vn -0.0640 0.9848 -0.1612
vn -0.0527 0.9813 -0.1853
vn -0.0413 0.9802 -0.1936
vn -0.0292 0.9820 -0.1864
vn -0.0160 0.9864 -0.1634
vn -0.0016 0.9923 -0.1239
vn 0.0114 0.9970 -0.0764
vn 0.0189 0.9989 -0.0434
vn 0.0221 0.9995 -0.0231
vn 0.0221 0.9998 0.0017
vn 0.0120 0.9990 0.0427
vn -0.0126 0.9951 0.0985
vn -0.0443 0.9882 0.1465
vn -0.0756 0.9816 0.1756
vn -0.1046 0.9769 0.1862
vn -0.1308 0.9750 0.1795
vn -0.1536 0.9757 0.1566
vn -0.1720 0.9779 0.1187
vn -0.1848 0.9804 0.0681
vn -0.0509 0.9962 0.0712
vn -0.0525 0.9967 0.0627
vn -0.0553 0.9975 0.0440
vn -0.0573 0.9981 0.0228
vn -0.0580 0.9983 -0.0000
vn -0.0573 0.9981 -0.0228
vn -0.0553 0.9975 -0.0440
vn -0.0523 0.9967 -0.0625
vn -0.0457 0.9983 -0.0370
vn -0.0330 0.9983 0.0486
vn -0.0173 0.9914 0.1298
vn -0.0021 0.9859 0.1675
vn 0.0129 0.9866 0.1628
vn 0.0276 0.9929 0.1155
vn 0.0409 0.9988 0.0250
vn 0.0481 0.9941 -0.0971
vn 0.0428 0.9793 -0.1977
vn 0.0264 0.9708 -0.2383
vn 0.0063 0.9724 -0.2331
vn -0.0138 0.9811 -0.1928
vn -0.0345 0.9927 -0.1157
vn -0.0565 0.9983 -0.0100
vn -0.0767 0.9935 0.0836
vn -0.0912 0.9899 0.1083
vn -0.1012 0.9916 0.0803
vn -0.1081 0.9932 0.0429
vn -0.1107 0.9939 -0.0000
vn -0.1081 0.9932 -0.0429
vn -0.1009 0.9916 -0.0809
vn -0.0896 0.9888 -0.1190
vn -0.0752 0.9849 -0.1558
vn -0.0599 0.9819 -0.1799
vn -0.0447 0.9811 -0.1881
vn -0.0290 0.9831 -0.1806
vn -0.0123 0.9875 -0.1574
vn 0.0055 0.9930 -0.1177
vn 0.0210 0.9972 -0.0722
vn 0.0296 0.9987 -0.0418
vn 0.0332 0.9992 -0.0225
vn 0.0345 0.9994 0.0001
vn 0.0265 0.9991 0.0331
vn 0.0017 0.9966 0.0826
vn -0.0326 0.9909 0.1306
vn -0.0663 0.9848 0.1607
vn -0.0975 0.9801 0.1727
vn -0.1258 0.9778 0.1677
vn -0.1505 0.9777 0.1468
vn -0.1705 0.9790 0.1113
vn -0.1847 0.9807 0.0637
vn 0.0731 0.9946 0.0731
vn 0.0754 0.9951 0.0643
vn 0.0795 0.9958 0.0452
vn 0.0822 0.9963 0.0234
vn 0.0831 0.9965 -0.0000
vn 0.0822 0.9963 -0.0234
vn 0.0795 0.9958 -0.0452
vn 0.0754 0.9951 -0.0643
vn 0.0704 0.9943 -0.0801
vn 0.0649 0.9936 -0.0922
vn 0.0589 0.9932 -0.1005
vn 0.0527 0.9931 -0.1049
vn 0.0469 0.9930 -0.1084
vn 0.0448 0.9905 -0.1301
vn 0.0492 0.9859 -0.1597
vn 0.0579 0.9840 -0.1682
vn 0.0668 0.9859 -0.1537
vn 0.0746 0.9903 -0.1169
vn 0.0798 0.9954 -0.0527
vn 0.0792 0.9953 0.0551
vn 0.0707 0.9833 0.1680
vn 0.0562 0.9711 0.2318
vn 0.0392 0.9687 0.2449
vn 0.0211 0.9776 0.2094
vn 0.0023 0.9923 0.1239
vn -0.0134 0.9999 -0.0001
vn -0.0221 0.9942 -0.1051
vn -0.0262 0.9869 -0.1590
vn -0.0295 0.9838 -0.1770
vn -0.0333 0.9863 -0.1617
vn -0.0360 0.9929 -0.1136
vn -0.0355 0.9984 -0.0429
vn -0.0325 0.9995 0.0019
vn -0.0297 0.9995 0.0095
vn -0.0272 0.9996 0.0116
vn -0.0240 0.9996 0.0128
vn -0.0203 0.9997 0.0130
vn -0.0162 0.9998 0.0120
vn -0.0116 0.9999 0.0099
vn -0.0067 1.0000 0.0064
vn -0.0025 1.0000 0.0026
vn 0.0007 1.0000 0.0063
vn 0.0056 0.9985 0.0549
vn 0.0137 0.9913 0.1310
vn 0.0230 0.9838 0.1780
vn 0.0322 0.9817 0.1875
vn 0.0415 0.9862 0.1603
vn 0.0498 0.9942 0.0955
vn 0.0535 0.9986 -0.0000
vt 0.972656 0.972656
vt 0.992188 0.972656
vt 0.992188 0.992188
vt 0.972656 0.992188
vt -0.003906 0.972656
vt 0.015625 0.972656
vt 0.015625 0.992188
vt -0.003906 0.992188
vt 0.039062 0.972656
vt 0.039062 0.992188
vt 0.058594 0.972656
vt 0.058594 0.992188
vt 0.078125 0.972656
vt 0.078125 0.992188
vt 0.097656 0.972656
vt 0.097656 0.992188
vt 0.117188 0.972656
vt 0.117188 0.992188
vt 0.136719 0.972656
vt 0.136719 0.992188
vt 0.156250 0.972656
vt 0.156250 0.992188
vt 0.175781 0.972656
vt 0.175781 0.992188
vt 0.195312 0.972656
vt 0.195312 0.992188
vt 0.214844 0.972656
vt 0.214844 0.992188
vt 0.238281 0.972656
vt 0.238281 0.992188
vt 0.257812 0.972656
vt 0.257812 0.992188
vt 0.277344 0.972656
vt 0.277344 0.992188
vt 0.296875 0.972656
vt 0.296875 0.992188
vt 0.316406 0.972656
vt 0.316406 0.992188
vt 0.335938 0.972656
vt 0.335938 0.992188
vt 0.355469 0.972656
vt 0.355469 0.992188
vt 0.375000 0.972656
vt 0.375000 0.992188
vt 0.394531 0.972656
vt 0.394531 0.992188
vt 0.414062 0.972656
vt 0.414062 0.992188
vt 0.437500 0.972656
vt 0.437500 0.992188
vt 0.457031 0.976562
vt 0.457031 0.992188
vt 0.476562 0.976562
vt 0.476562 0.996094
vt 0.496094 0.976562
vt 0.496094 0.996094
vt 0.515625 0.976562
vt 0.515625 0.996094
vt 0.535156 0.976562
vt 0.535156 0.996094
vt 0.554688 0.976562
vt 0.554688 0.996094
vt 0.574219 0.976562
vt 0.574219 0.996094
vt 0.593750 0.976562
vt 0.593750 0.996094
vt 0.613281 0.976562
vt 0.613281 0.996094
vt 0.636719 0.972656
vt 0.636719 0.992188
vt 0.656250 0.972656
vt 0.656250 0.992188
vt 0.675781 0.972656
vt 0.675781 0.992188
vt 0.695312 0.972656
vt 0.695312 0.992188
vt 0.714844 0.972656
vt 0.714844 0.992188
vt 0.734375 0.972656
vt 0.734375 0.992188
vt 0.753906 0.972656
vt 0.753906 0.992188
vt 0.773438 0.972656
vt 0.773438 0.992188
vt 0.792969 0.972656
vt 0.792969 0.992188
vt 0.812500 0.972656
vt 0.812500 0.992188
vt 0.835938 0.972656
vt 0.835938 0.992188
vt 0.855469 0.972656
vt 0.855469 0.992188
vt 0.875000 0.972656
vt 0.875000 0.992188
vt 0.894531 0.972656
vt 0.894531 0.992188
vt 0.914062 0.972656
vt 0.914062 0.992188
vt 0.933594 0.972656
vt 0.933594 0.992188
vt 0.953125 0.972656
vt 0.953125 0.992188
vt 0.953125 -0.003906
vt 0.972656 -0.003906
vt 0.972656 0.019531
vt 0.953125 0.019531
vt 0.972656 0.039062
vt 0.953125 0.039062
vt 0.972656 0.058594
vt 0.953125 0.058594
vt 0.972656 0.078125
vt 0.953125 0.078125
vt 0.972656 0.097656
vt 0.953125 0.097656
vt 0.972656 0.117188
vt 0.953125 0.117188
vt 0.972656 0.136719
vt 0.953125 0.136719
vt 0.972656 0.156250
vt 0.953125 0.156250
vt 0.972656 0.175781
vt 0.953125 0.175781
vt 0.972656 0.195312
vt 0.953125 0.195312
vt 0.972656 0.218750
vt 0.953125 0.218750
vt 0.972656 0.238281
vt 0.953125 0.238281
vt 0.972656 0.257812
vt 0.953125 0.257812
vt 0.972656 0.277344
vt 0.953125 0.277344
vt 0.972656 0.296875
vt 0.953125 0.296875
vt 0.972656 0.316406
vt 0.953125 0.316406
vt 0.972656 0.335938
vt 0.953125 0.335938
vt 0.972656 0.355469
vt 0.953125 0.355469
vt 0.972656 0.375000
vt 0.953125 0.375000
vt 0.972656 0.394531
vt 0.953125 0.394531
vt 0.972656 0.417969
vt 0.953125 0.417969
vt 0.972656 0.437500
vt 0.953125 0.437500
vt 0.972656 0.457031
vt 0.953125 0.457031
vt 0.972656 0.476562
vt 0.953125 0.476562
vt 0.972656 0.496094
vt 0.953125 0.496094
vt 0.972656 0.515625
vt 0.953125 0.515625
vt 0.972656 0.535156
vt 0.953125 0.535156
vt 0.972656 0.554688
vt 0.957031 0.554688
vt 0.972656 0.574219
vt 0.957031 0.574219
vt 0.972656 0.593750
vt 0.957031 0.593750
vt 0.972656 0.617188
vt 0.957031 0.617188
vt 0.972656 0.636719
vt 0.957031 0.636719
vt 0.972656 0.656250
vt 0.953125 0.656250
vt 0.972656 0.675781
vt 0.953125 0.675781
vt 0.972656 0.695312
vt 0.953125 0.695312
vt 0.972656 0.714844
vt 0.953125 0.714844
vt 0.972656 0.734375
vt 0.953125 0.734375
vt 0.972656 0.753906
vt 0.953125 0.753906
vt 0.972656 0.773438
vt 0.953125 0.773438
vt 0.972656 0.792969
vt 0.953125 0.792969
vt 0.972656 0.816406
vt 0.953125 0.816406
vt 0.972656 0.835938
vt 0.953125 0.835938
vt 0.972656 0.855469
vt 0.953125 0.855469
vt 0.972656 0.875000
vt 0.953125 0.875000
vt 0.972656 0.894531
vt 0.953125 0.894531
vt 0.972656 0.914062
vt 0.953125 0.914062
vt 0.972656 0.933594
vt 0.953125 0.933594
vt 0.972656 0.953125
vt 0.953125 0.953125
vt 0.933594 -0.003906
vt 0.933594 0.019531
vt 0.933594 0.039062
vt 0.933594 0.058594
vt 0.933594 0.078125
vt 0.933594 0.097656
vt 0.933594 0.117188
vt 0.933594 0.136719
vt 0.933594 0.156250
vt 0.933594 0.175781
vt 0.933594 0.195312
vt 0.933594 0.214844
vt 0.933594 0.238281
vt 0.933594 0.257812
vt 0.933594 0.277344
vt 0.933594 0.296875
vt 0.933594 0.316406
vt 0.933594 0.335938
vt 0.933594 0.355469
vt 0.933594 0.375000
vt 0.933594 0.394531
vt 0.933594 0.417969
vt 0.933594 0.437500
vt 0.933594 0.457031
vt 0.933594 0.476562
vt 0.933594 0.496094
vt 0.937500 0.515625
vt 0.937500 0.535156
vt 0.937500 0.554688
vt 0.941406 0.574219
vt 0.941406 0.593750
vt 0.941406 0.617188
vt 0.937500 0.636719
vt 0.937500 0.656250
vt 0.937500 0.675781
vt 0.933594 0.695312
vt 0.933594 0.714844
vt 0.933594 0.734375
vt 0.933594 0.753906
vt 0.933594 0.773438
vt 0.933594 0.792969
vt 0.933594 0.816406
vt 0.933594 0.835938
vt 0.933594 0.855469
vt 0.933594 0.875000
vt 0.933594 0.894531
vt 0.933594 0.914062
vt 0.933594 0.933594
vt 0.933594 0.953125
vt 0.914062 -0.003906
vt 0.914062 0.019531
vt 0.914062 0.039062
vt 0.914062 0.058594
vt 0.914062 0.078125
vt 0.914062 0.097656
vt 0.914062 0.117188
vt 0.914062 0.136719
vt 0.914062 0.156250
vt 0.914062 0.175781
vt 0.914062 0.195312
vt 0.914062 0.214844
vt 0.914062 0.234375
vt 0.914062 0.257812
vt 0.914062 0.277344
vt 0.914062 0.296875
vt 0.914062 0.316406
vt 0.914062 0.335938
vt 0.914062 0.355469
vt 0.914062 0.375000
vt 0.914062 0.394531
vt 0.914062 0.417969
vt 0.914062 0.437500
vt 0.914062 0.457031
vt 0.914062 0.476562
vt 0.917969 0.496094
vt 0.917969 0.515625
vt 0.921875 0.535156
vt 0.921875 0.554688
vt 0.925781 0.574219
vt 0.925781 0.593750
vt 0.925781 0.617188
vt 0.921875 0.636719
vt 0.921875 0.656250
vt 0.917969 0.675781
vt 0.917969 0.695312
vt 0.914062 0.714844
vt 0.914062 0.734375
vt 0.914062 0.753906
vt 0.914062 0.773438
vt 0.914062 0.792969
vt 0.914062 0.816406
vt 0.914062 0.835938
vt 0.914062 0.855469
vt 0.914062 0.875000
vt 0.914062 0.894531
vt 0.914062 0.914062
vt 0.914062 0.933594
vt 0.914062 0.953125
vt 0.894531 -0.003906
vt 0.894531 0.019531
vt 0.894531 0.039062
vt 0.894531 0.058594
vt 0.894531 0.078125
vt 0.894531 0.097656
vt 0.894531 0.117188
vt 0.894531 0.136719
vt 0.894531 0.156250
vt 0.894531 0.175781
vt 0.894531 0.195312
vt 0.894531 0.214844
vt 0.894531 0.234375
vt 0.894531 0.253906
vt 0.894531 0.273438
vt 0.894531 0.296875
vt 0.894531 0.316406
vt 0.894531 0.335938
vt 0.894531 0.355469
vt 0.894531 0.375000
vt 0.894531 0.394531
vt 0.894531 0.417969
vt 0.894531 0.437500
vt 0.894531 0.457031
vt 0.898438 0.476562
vt 0.902344 0.496094
vt 0.902344 0.515625
vt 0.906250 0.535156
vt 0.910156 0.554688
vt 0.910156 0.574219
vt 0.910156 0.593750
vt 0.910156 0.617188
vt 0.910156 0.636719
vt 0.906250 0.656250
vt 0.902344 0.675781
vt 0.902344 0.695312
vt 0.898438 0.714844
vt 0.894531 0.734375
vt 0.894531 0.753906
vt 0.894531 0.773438
vt 0.894531 0.792969
vt 0.894531 0.816406
vt 0.894531 0.835938
vt 0.894531 0.855469
vt 0.894531 0.875000
vt 0.894531 0.894531
vt 0.894531 0.914062
vt 0.894531 0.933594
vt 0.894531 0.953125
vt 0.875000 -0.003906
vt 0.875000 0.019531
vt 0.875000 0.039062
vt 0.875000 0.058594
vt 0.875000 0.078125
vt 0.875000 0.097656
vt 0.875000 0.117188
vt 0.875000 0.136719
vt 0.875000 0.156250
vt 0.878906 0.175781
vt 0.878906 0.195312
vt 0.878906 0.214844
vt 0.878906 0.234375
vt 0.878906 0.253906
vt 0.878906 0.273438
vt 0.878906 0.292969
vt 0.875000 0.316406
vt 0.875000 0.335938
vt 0.875000 0.355469
vt 0.875000 0.375000
vt 0.875000 0.394531
vt 0.875000 0.417969
vt 0.875000 0.437500
vt 0.878906 0.457031
vt 0.882812 0.476562
vt 0.886719 0.496094
vt 0.890625 0.515625
vt 0.890625 0.535156
vt 0.894531 0.554688
vt 0.898438 0.574219
vt 0.898438 0.593750
vt 0.898438 0.617188
vt 0.894531 0.636719
vt 0.890625 0.656250
vt 0.890625 0.675781
vt 0.886719 0.695312
vt 0.882812 0.714844
vt 0.878906 0.734375
vt 0.875000 0.753906
vt 0.875000 0.773438
vt 0.875000 0.792969
vt 0.875000 0.816406
vt 0.875000 0.835938
vt 0.875000 0.855469
vt 0.875000 0.875000
vt 0.875000 0.894531
vt 0.875000 0.914062
vt 0.875000 0.933594
vt 0.875000 0.953125
vt 0.855469 -0.003906
vt 0.855469 0.019531
vt 0.855469 0.039062
vt 0.855469 0.058594
vt 0.855469 0.078125
vt 0.855469 0.097656
vt 0.855469 0.117188
vt 0.855469 0.136719
vt 0.859375 0.156250
vt 0.859375 0.175781
vt 0.859375 0.195312
vt 0.859375 0.214844
vt 0.859375 0.234375
vt 0.859375 0.253906
vt 0.859375 0.273438
vt 0.859375 0.292969
vt 0.859375 0.312500
vt 0.859375 0.335938
vt 0.855469 0.355469
vt 0.855469 0.375000
vt 0.855469 0.394531
vt 0.855469 0.417969
vt 0.855469 0.437500
vt 0.859375 0.457031
vt 0.863281 0.476562
vt 0.867188 0.496094
vt 0.875000 0.515625
vt 0.878906 0.535156
vt 0.882812 0.554688
vt 0.882812 0.574219
vt 0.882812 0.593750
vt 0.882812 0.617188
vt 0.882812 0.636719
vt 0.878906 0.656250
vt 0.875000 0.675781
vt 0.867188 0.695312
vt 0.863281 0.714844
vt 0.859375 0.734375
vt 0.855469 0.753906
vt 0.855469 0.773438
vt 0.855469 0.792969
vt 0.855469 0.816406
vt 0.855469 0.835938
vt 0.855469 0.855469
vt 0.855469 0.875000
vt 0.855469 0.894531
vt 0.855469 0.914062
vt 0.855469 0.933594
vt 0.855469 0.953125
vt 0.835938 -0.003906
vt 0.835938 0.019531
vt 0.835938 0.039062
vt 0.835938 0.058594
vt 0.835938 0.078125
vt 0.835938 0.097656
vt 0.835938 0.117188
vt 0.839844 0.132812
vt 0.839844 0.152344
vt 0.839844 0.171875
vt 0.843750 0.191406
vt 0.843750 0.210938
vt 0.843750 0.234375
vt 0.843750 0.253906
vt 0.843750 0.273438
vt 0.839844 0.292969
vt 0.839844 0.312500
vt 0.839844 0.332031
vt 0.839844 0.355469
vt 0.835938 0.375000
vt 0.835938 0.394531
vt 0.835938 0.414062
vt 0.839844 0.437500
vt 0.843750 0.457031
vt 0.847656 0.476562
vt 0.851562 0.496094
vt 0.859375 0.515625
vt 0.863281 0.535156
vt 0.867188 0.554688
vt 0.867188 0.574219
vt 0.871094 0.593750
vt 0.867188 0.617188
vt 0.867188 0.636719
vt 0.863281 0.656250
vt 0.859375 0.675781
vt 0.851562 0.695312
vt 0.847656 0.714844
vt 0.843750 0.734375
vt 0.839844 0.753906
vt 0.835938 0.773438
vt 0.835938 0.792969
vt 0.835938 0.816406
vt 0.835938 0.835938
vt 0.835938 0.855469
vt 0.835938 0.875000
vt 0.835938 0.894531
vt 0.835938 0.914062
vt 0.835938 0.933594
vt 0.835938 0.953125
vt 0.812500 -0.003906
vt 0.812500 0.019531
vt 0.816406 0.039062
vt 0.816406 0.058594
vt 0.816406 0.078125
vt 0.816406 0.093750
vt 0.820312 0.113281
vt 0.820312 0.132812
vt 0.824219 0.152344
vt 0.824219 0.171875
vt 0.824219 0.191406
vt 0.824219 0.210938
vt 0.824219 0.230469
vt 0.824219 0.250000
vt 0.824219 0.273438
vt 0.824219 0.292969
vt 0.824219 0.312500
vt 0.820312 0.332031
vt 0.820312 0.355469
vt 0.816406 0.375000
vt 0.816406 0.394531
vt 0.816406 0.414062
vt 0.820312 0.437500
vt 0.824219 0.457031
vt 0.828125 0.476562
vt 0.835938 0.496094
vt 0.839844 0.515625
vt 0.847656 0.535156
vt 0.851562 0.554688
vt 0.851562 0.574219
vt 0.855469 0.593750
vt 0.851562 0.617188
vt 0.851562 0.636719
vt 0.847656 0.656250
vt 0.839844 0.675781
vt 0.835938 0.695312
vt 0.828125 0.714844
vt 0.824219 0.734375
vt 0.820312 0.753906
vt 0.816406 0.773438
vt 0.812500 0.792969
vt 0.812500 0.816406
vt 0.812500 0.835938
vt 0.812500 0.855469
vt 0.812500 0.875000
vt 0.812500 0.894531
vt 0.812500 0.914062
vt 0.812500 0.933594
vt 0.812500 0.953125
vt 0.792969 -0.003906
vt 0.792969 0.019531
vt 0.796875 0.039062
vt 0.796875 0.054688
vt 0.796875 0.074219
vt 0.800781 0.093750
vt 0.800781 0.113281
vt 0.804688 0.132812
vt 0.804688 0.152344
vt 0.804688 0.171875
vt 0.808594 0.191406
vt 0.808594 0.210938
vt 0.808594 0.230469
vt 0.808594 0.250000
vt 0.808594 0.269531
vt 0.804688 0.292969
vt 0.804688 0.312500
vt 0.804688 0.332031
vt 0.800781 0.351562
vt 0.800781 0.375000
vt 0.796875 0.394531
vt 0.796875 0.414062
vt 0.800781 0.437500
vt 0.804688 0.457031
vt 0.808594 0.476562
vt 0.816406 0.496094
vt 0.824219 0.515625
vt 0.828125 0.535156
vt 0.832031 0.554688
vt 0.835938 0.574219
vt 0.835938 0.593750
vt 0.835938 0.617188
vt 0.832031 0.636719
vt 0.828125 0.656250
vt 0.824219 0.675781
vt 0.816406 0.695312
vt 0.812500 0.714844
vt 0.804688 0.734375
vt 0.800781 0.753906
vt 0.796875 0.773438
vt 0.792969 0.792969
vt 0.792969 0.816406
vt 0.792969 0.835938
vt 0.792969 0.855469
vt 0.792969 0.875000
vt 0.792969 0.894531
vt 0.792969 0.914062
vt 0.792969 0.933594
vt 0.792969 0.953125
vt 0.773438 -0.003906
vt 0.773438 0.019531
vt 0.777344 0.035156
vt 0.777344 0.054688
vt 0.777344 0.074219
vt 0.781250 0.093750
vt 0.781250 0.113281
vt 0.785156 0.132812
vt 0.785156 0.152344
vt 0.789062 0.171875
vt 0.789062 0.191406
vt 0.789062 0.210938
vt 0.789062 0.230469
vt 0.789062 0.250000
vt 0.789062 0.269531
vt 0.789062 0.289062
vt 0.785156 0.312500
vt 0.785156 0.332031
vt 0.781250 0.351562
vt 0.781250 0.375000
vt 0.777344 0.394531
vt 0.777344 0.414062
vt 0.781250 0.433594
vt 0.785156 0.457031
vt 0.789062 0.476562
vt 0.796875 0.496094
vt 0.804688 0.515625
vt 0.808594 0.535156
vt 0.816406 0.554688
vt 0.816406 0.574219
vt 0.820312 0.593750
vt 0.816406 0.617188
vt 0.816406 0.636719
vt 0.808594 0.656250
vt 0.804688 0.675781
vt 0.796875 0.695312
vt 0.792969 0.714844
vt 0.785156 0.734375
vt 0.781250 0.753906
vt 0.777344 0.773438
vt 0.773438 0.792969
vt 0.773438 0.816406
vt 0.773438 0.835938
vt 0.773438 0.855469
vt 0.773438 0.875000
vt 0.773438 0.894531
vt 0.773438 0.914062
vt 0.773438 0.933594
vt 0.773438 0.953125
vt 0.753906 -0.003906
vt 0.753906 0.015625
vt 0.757812 0.035156
vt 0.757812 0.054688
vt 0.761719 0.074219
vt 0.761719 0.093750
vt 0.765625 0.113281
vt 0.765625 0.132812
vt 0.769531 0.152344
vt 0.769531 0.171875
vt 0.773438 0.191406
vt 0.773438 0.210938
vt 0.773438 0.230469
vt 0.773438 0.250000
vt 0.773438 0.269531
vt 0.769531 0.289062
vt 0.769531 0.308594
vt 0.765625 0.332031
vt 0.765625 0.351562
vt 0.761719 0.371094
vt 0.761719 0.394531
vt 0.757812 0.414062
vt 0.761719 0.433594
vt 0.765625 0.457031
vt 0.769531 0.476562
vt 0.777344 0.496094
vt 0.781250 0.515625
vt 0.789062 0.535156
vt 0.792969 0.554688
vt 0.796875 0.574219
vt 0.796875 0.593750
vt 0.796875 0.617188
vt 0.792969 0.636719
vt 0.789062 0.656250
vt 0.785156 0.675781
vt 0.777344 0.695312
vt 0.769531 0.714844
vt 0.765625 0.734375
vt 0.761719 0.753906
vt 0.757812 0.773438
vt 0.753906 0.792969
vt 0.753906 0.816406
vt 0.753906 0.835938
vt 0.753906 0.855469
vt 0.753906 0.875000
vt 0.753906 0.894531
vt 0.753906 0.914062
vt 0.753906 0.933594
vt 0.753906 0.953125
vt 0.734375 -0.003906
vt 0.734375 0.015625
vt 0.738281 0.035156
vt 0.738281 0.054688
vt 0.742188 0.074219
vt 0.742188 0.093750
vt 0.746094 0.113281
vt 0.746094 0.132812
vt 0.750000 0.152344
vt 0.750000 0.167969
vt 0.753906 0.187500
vt 0.753906 0.207031
vt 0.753906 0.226562
vt 0.753906 0.250000
vt 0.753906 0.269531
vt 0.750000 0.289062
vt 0.750000 0.308594
vt 0.746094 0.332031
vt 0.746094 0.351562
vt 0.742188 0.371094
vt 0.742188 0.394531
vt 0.738281 0.414062
vt 0.742188 0.433594
vt 0.742188 0.457031
vt 0.746094 0.476562
vt 0.753906 0.496094
vt 0.757812 0.515625
vt 0.765625 0.535156
vt 0.769531 0.554688
vt 0.773438 0.574219
vt 0.773438 0.593750
vt 0.773438 0.617188
vt 0.769531 0.636719
vt 0.765625 0.656250
vt 0.761719 0.675781
vt 0.753906 0.695312
vt 0.750000 0.714844
vt 0.746094 0.734375
vt 0.738281 0.753906
vt 0.734375 0.773438
vt 0.734375 0.792969
vt 0.734375 0.816406
vt 0.734375 0.835938
vt 0.734375 0.855469
vt 0.734375 0.875000
vt 0.734375 0.894531
vt 0.734375 0.914062
vt 0.734375 0.933594
vt 0.734375 0.953125
vt 0.714844 -0.003906
vt 0.714844 0.015625
vt 0.718750 0.035156
vt 0.718750 0.054688
vt 0.722656 0.074219
vt 0.722656 0.093750
vt 0.726562 0.113281
vt 0.726562 0.132812
vt 0.730469 0.152344
vt 0.734375 0.167969
vt 0.734375 0.187500
vt 0.734375 0.207031
vt 0.734375 0.226562
vt 0.734375 0.246094
vt 0.734375 0.269531
vt 0.734375 0.289062
vt 0.730469 0.308594
vt 0.726562 0.332031
vt 0.726562 0.351562
vt 0.722656 0.371094
vt 0.722656 0.394531
vt 0.718750 0.414062
vt 0.718750 0.433594
vt 0.722656 0.457031
vt 0.726562 0.476562
vt 0.730469 0.496094
vt 0.734375 0.515625
vt 0.742188 0.535156
vt 0.746094 0.554688
vt 0.750000 0.574219
vt 0.750000 0.593750
vt 0.750000 0.617188
vt 0.746094 0.636719
vt 0.742188 0.656250
vt 0.738281 0.675781
vt 0.730469 0.695312
vt 0.726562 0.714844
vt 0.722656 0.734375
vt 0.718750 0.753906
vt 0.714844 0.773438
vt 0.714844 0.796875
vt 0.714844 0.816406
vt 0.714844 0.835938
vt 0.714844 0.855469
vt 0.714844 0.875000
vt 0.714844 0.894531
vt 0.714844 0.914062
vt 0.714844 0.933594
vt 0.714844 0.953125
vt 0.695312 -0.003906
vt 0.695312 0.015625
vt 0.695312 0.035156
vt 0.699219 0.054688
vt 0.703125 0.074219
vt 0.703125 0.093750
vt 0.707031 0.113281
vt 0.707031 0.132812
vt 0.710938 0.148438
vt 0.714844 0.167969
vt 0.714844 0.187500
vt 0.714844 0.207031
vt 0.714844 0.226562
vt 0.714844 0.246094
vt 0.714844 0.269531
vt 0.714844 0.289062
vt 0.710938 0.308594
vt 0.707031 0.332031
vt 0.707031 0.351562
vt 0.703125 0.371094
vt 0.699219 0.394531
vt 0.699219 0.414062
vt 0.699219 0.433594
vt 0.699219 0.457031
vt 0.703125 0.476562
vt 0.707031 0.496094
vt 0.710938 0.515625
vt 0.714844 0.535156
vt 0.718750 0.554688
vt 0.722656 0.574219
vt 0.722656 0.593750
vt 0.722656 0.617188
vt 0.718750 0.636719
vt 0.718750 0.656250
vt 0.714844 0.675781
vt 0.707031 0.695312
vt 0.703125 0.714844
vt 0.699219 0.734375
vt 0.695312 0.757812
vt 0.695312 0.777344
vt 0.695312 0.796875
vt 0.695312 0.816406
vt 0.695312 0.835938
vt 0.695312 0.855469
vt 0.695312 0.875000
vt 0.695312 0.894531
vt 0.695312 0.914062
vt 0.695312 0.933594
vt 0.695312 0.953125
vt 0.675781 -0.003906
vt 0.675781 0.015625
vt 0.675781 0.035156
vt 0.679688 0.054688
vt 0.679688 0.074219
vt 0.683594 0.093750
vt 0.687500 0.113281
vt 0.687500 0.132812
vt 0.691406 0.152344
vt 0.691406 0.167969
vt 0.695312 0.187500
vt 0.695312 0.207031
vt 0.695312 0.226562
vt 0.695312 0.250000
vt 0.695312 0.269531
vt 0.691406 0.289062
vt 0.691406 0.308594
vt 0.687500 0.332031
vt 0.687500 0.351562
vt 0.683594 0.371094
vt 0.679688 0.394531
vt 0.679688 0.414062
vt 0.675781 0.433594
vt 0.675781 0.457031
vt 0.679688 0.476562
vt 0.683594 0.496094
vt 0.683594 0.515625
vt 0.687500 0.535156
vt 0.691406 0.554688
vt 0.695312 0.574219
vt 0.695312 0.593750
vt 0.695312 0.617188
vt 0.695312 0.636719
vt 0.691406 0.656250
vt 0.687500 0.675781
vt 0.683594 0.695312
vt 0.679688 0.714844
vt 0.679688 0.738281
vt 0.675781 0.757812
vt 0.675781 0.777344
vt 0.675781 0.796875
vt 0.675781 0.816406
vt 0.675781 0.835938
vt 0.675781 0.855469
vt 0.675781 0.875000
vt 0.675781 0.894531
vt 0.675781 0.914062
vt 0.675781 0.933594
vt 0.675781 0.953125
vt 0.656250 -0.003906
vt 0.656250 0.019531
vt 0.656250 0.035156
vt 0.660156 0.054688
vt 0.660156 0.074219
vt 0.664062 0.093750
vt 0.664062 0.113281
vt 0.667969 0.132812
vt 0.671875 0.152344
vt 0.671875 0.171875
vt 0.671875 0.187500
vt 0.675781 0.207031
vt 0.675781 0.226562
vt 0.675781 0.250000
vt 0.671875 0.269531
vt 0.671875 0.289062
vt 0.671875 0.308594
vt 0.667969 0.332031
vt 0.664062 0.351562
vt 0.664062 0.375000
vt 0.660156 0.394531
vt 0.660156 0.414062
vt 0.656250 0.437500
vt 0.656250 0.457031
vt 0.656250 0.476562
vt 0.660156 0.496094
vt 0.660156 0.515625
vt 0.664062 0.535156
vt 0.664062 0.554688
vt 0.667969 0.574219
vt 0.667969 0.593750
vt 0.667969 0.617188
vt 0.667969 0.636719
vt 0.664062 0.656250
vt 0.664062 0.675781
vt 0.660156 0.695312
vt 0.660156 0.718750
vt 0.656250 0.738281
vt 0.656250 0.757812
vt 0.656250 0.777344
vt 0.656250 0.800781
vt 0.656250 0.820312
vt 0.656250 0.839844
vt 0.656250 0.859375
vt 0.656250 0.878906
vt 0.656250 0.898438
vt 0.656250 0.917969
vt 0.656250 0.933594
vt 0.656250 0.953125
vt 0.636719 -0.003906
vt 0.636719 0.019531
vt 0.636719 0.039062
vt 0.636719 0.054688
vt 0.640625 0.074219
vt 0.640625 0.093750
vt 0.644531 0.113281
vt 0.648438 0.132812
vt 0.648438 0.152344
vt 0.652344 0.171875
vt 0.652344 0.191406
vt 0.652344 0.210938
vt 0.652344 0.230469
vt 0.652344 0.250000
vt 0.652344 0.269531
vt 0.652344 0.289062
vt 0.648438 0.312500
vt 0.648438 0.332031
vt 0.644531 0.351562
vt 0.640625 0.375000
vt 0.640625 0.394531
vt 0.636719 0.414062
vt 0.636719 0.437500
vt 0.636719 0.457031
vt 0.636719 0.476562
vt 0.636719 0.496094
vt 0.636719 0.515625
vt 0.640625 0.535156
vt 0.640625 0.554688
vt 0.640625 0.574219
vt 0.640625 0.593750
vt 0.640625 0.617188
vt 0.640625 0.636719
vt 0.640625 0.656250
vt 0.640625 0.675781
vt 0.636719 0.695312
vt 0.636719 0.718750
vt 0.636719 0.738281
vt 0.636719 0.761719
vt 0.636719 0.781250
vt 0.636719 0.800781
vt 0.636719 0.820312
vt 0.636719 0.839844
vt 0.636719 0.859375
vt 0.636719 0.878906
vt 0.636719 0.898438
vt 0.636719 0.917969
vt 0.636719 0.937500
vt 0.636719 0.957031
vt 0.613281 -0.003906
vt 0.617188 0.019531
vt 0.617188 0.039062
vt 0.617188 0.058594
vt 0.621094 0.074219
vt 0.621094 0.093750
vt 0.625000 0.113281
vt 0.625000 0.132812
vt 0.628906 0.152344
vt 0.628906 0.171875
vt 0.628906 0.191406
vt 0.632812 0.210938
vt 0.632812 0.230469
vt 0.632812 0.250000
vt 0.628906 0.269531
vt 0.628906 0.292969
vt 0.628906 0.312500
vt 0.625000 0.332031
vt 0.625000 0.355469
vt 0.621094 0.375000
vt 0.617188 0.394531
vt 0.617188 0.414062
vt 0.617188 0.437500
vt 0.613281 0.457031
vt 0.613281 0.476562
vt 0.613281 0.496094
vt 0.617188 0.515625
vt 0.617188 0.535156
vt 0.617188 0.554688
vt 0.617188 0.574219
vt 0.617188 0.593750
vt 0.617188 0.617188
vt 0.617188 0.636719
vt 0.617188 0.656250
vt 0.617188 0.675781
vt 0.617188 0.699219
vt 0.613281 0.718750
vt 0.613281 0.742188
vt 0.613281 0.761719
vt 0.613281 0.781250
vt 0.613281 0.804688
vt 0.613281 0.824219
vt 0.613281 0.843750
vt 0.613281 0.863281
vt 0.613281 0.882812
vt 0.613281 0.898438
vt 0.613281 0.917969
vt 0.613281 0.937500
vt 0.613281 0.957031
vt 0.593750 -0.003906
vt 0.593750 0.019531
vt 0.597656 0.039062
vt 0.597656 0.058594
vt 0.597656 0.078125
vt 0.601562 0.097656
vt 0.601562 0.113281
vt 0.605469 0.132812
vt 0.605469 0.152344
vt 0.605469 0.171875
vt 0.609375 0.191406
vt 0.609375 0.210938
vt 0.609375 0.230469
vt 0.609375 0.250000
vt 0.609375 0.273438
vt 0.605469 0.292969
vt 0.605469 0.312500
vt 0.601562 0.332031
vt 0.601562 0.355469
vt 0.601562 0.375000
vt 0.597656 0.394531
vt 0.597656 0.414062
vt 0.593750 0.437500
vt 0.593750 0.457031
vt 0.593750 0.476562
vt 0.593750 0.496094
vt 0.593750 0.515625
vt 0.593750 0.535156
vt 0.593750 0.554688
vt 0.593750 0.574219
vt 0.593750 0.593750
vt 0.593750 0.617188
vt 0.593750 0.636719
vt 0.593750 0.656250
vt 0.593750 0.675781
vt 0.593750 0.699219
vt 0.593750 0.718750
vt 0.593750 0.742188
vt 0.593750 0.761719
vt 0.593750 0.785156
vt 0.593750 0.804688
vt 0.593750 0.824219
vt 0.593750 0.843750
vt 0.593750 0.863281
vt 0.593750 0.882812
vt 0.593750 0.902344
vt 0.593750 0.917969
vt 0.593750 0.937500
vt 0.593750 0.957031
vt 0.574219 -0.003906
vt 0.574219 0.019531
vt 0.574219 0.039062
vt 0.578125 0.058594
vt 0.578125 0.078125
vt 0.578125 0.097656
vt 0.582031 0.117188
vt 0.582031 0.136719
vt 0.582031 0.152344
vt 0.585938 0.171875
vt 0.585938 0.191406
vt 0.585938 0.210938
vt 0.585938 0.234375
vt 0.585938 0.253906
vt 0.585938 0.273438
vt 0.585938 0.292969
vt 0.582031 0.312500
vt 0.582031 0.335938
vt 0.578125 0.355469
vt 0.578125 0.375000
vt 0.578125 0.394531
vt 0.574219 0.417969
vt 0.574219 0.437500
vt 0.574219 0.457031
vt 0.574219 0.476562
vt 0.574219 0.496094
vt 0.574219 0.515625
vt 0.574219 0.535156
vt 0.574219 0.554688
vt 0.574219 0.574219
vt 0.574219 0.593750
vt 0.574219 0.617188
vt 0.574219 0.636719
vt 0.574219 0.656250
vt 0.574219 0.675781
vt 0.574219 0.699219
vt 0.574219 0.718750
vt 0.574219 0.742188
vt 0.574219 0.765625
vt 0.574219 0.785156
vt 0.574219 0.804688
vt 0.574219 0.824219
vt 0.574219 0.843750
vt 0.574219 0.863281
vt 0.574219 0.882812
vt 0.574219 0.902344
vt 0.574219 0.921875
vt 0.574219 0.937500
vt 0.574219 0.957031
vt 0.554688 -0.003906
vt 0.554688 0.019531
vt 0.554688 0.039062
vt 0.554688 0.058594
vt 0.558594 0.078125
vt 0.558594 0.097656
vt 0.558594 0.117188
vt 0.558594 0.136719
vt 0.562500 0.156250
vt 0.562500 0.175781
vt 0.562500 0.195312
vt 0.562500 0.214844
vt 0.562500 0.234375
vt 0.562500 0.253906
vt 0.562500 0.273438
vt 0.562500 0.292969
vt 0.562500 0.316406
vt 0.558594 0.335938
vt 0.558594 0.355469
vt 0.558594 0.375000
vt 0.554688 0.394531
vt 0.554688 0.417969
vt 0.554688 0.437500
vt 0.554688 0.457031
vt 0.554688 0.476562
vt 0.554688 0.496094
vt 0.554688 0.515625
vt 0.554688 0.535156
vt 0.554688 0.554688
vt 0.554688 0.574219
vt 0.554688 0.593750
vt 0.554688 0.617188
vt 0.554688 0.636719
vt 0.554688 0.656250
vt 0.554688 0.679688
vt 0.554688 0.699219
vt 0.554688 0.722656
vt 0.554688 0.742188
vt 0.554688 0.765625
vt 0.554688 0.785156
vt 0.554688 0.804688
vt 0.554688 0.828125
vt 0.554688 0.847656
vt 0.554688 0.867188
vt 0.554688 0.882812
vt 0.554688 0.902344
vt 0.554688 0.921875
vt 0.554688 0.937500
vt 0.554688 0.957031
vt 0.535156 -0.003906
vt 0.535156 0.019531
vt 0.535156 0.039062
vt 0.535156 0.058594
vt 0.535156 0.078125
vt 0.535156 0.097656
vt 0.539062 0.117188
vt 0.539062 0.136719
vt 0.539062 0.156250
vt 0.539062 0.175781
vt 0.542969 0.195312
vt 0.542969 0.214844
vt 0.542969 0.234375
vt 0.542969 0.253906
vt 0.539062 0.273438
vt 0.539062 0.296875
vt 0.539062 0.316406
vt 0.539062 0.335938
vt 0.539062 0.355469
vt 0.535156 0.375000
vt 0.535156 0.394531
vt 0.535156 0.417969
vt 0.535156 0.437500
vt 0.535156 0.457031
vt 0.535156 0.476562
vt 0.535156 0.496094
vt 0.535156 0.515625
vt 0.535156 0.535156
vt 0.535156 0.554688
vt 0.535156 0.574219
vt 0.535156 0.593750
vt 0.535156 0.617188
vt 0.535156 0.636719
vt 0.535156 0.656250
vt 0.535156 0.679688
vt 0.535156 0.699219
vt 0.535156 0.722656
vt 0.535156 0.742188
vt 0.535156 0.765625
vt 0.535156 0.785156
vt 0.535156 0.808594
vt 0.535156 0.828125
vt 0.535156 0.847656
vt 0.535156 0.867188
vt 0.535156 0.882812
vt 0.535156 0.902344
vt 0.535156 0.921875
vt 0.535156 0.937500
vt 0.535156 0.957031
vt 0.515625 -0.003906
vt 0.515625 0.019531
vt 0.515625 0.039062
vt 0.515625 0.058594
vt 0.515625 0.078125
vt 0.515625 0.097656
vt 0.515625 0.117188
vt 0.515625 0.136719
vt 0.519531 0.156250
vt 0.519531 0.175781
vt 0.519531 0.195312
vt 0.519531 0.214844
vt 0.519531 0.234375
vt 0.519531 0.257812
vt 0.519531 0.277344
vt 0.519531 0.296875
vt 0.519531 0.316406
vt 0.515625 0.335938
vt 0.515625 0.355469
vt 0.515625 0.375000
vt 0.515625 0.394531
vt 0.515625 0.417969
vt 0.515625 0.437500
vt 0.515625 0.457031
vt 0.515625 0.476562
vt 0.515625 0.496094
vt 0.515625 0.515625
vt 0.515625 0.535156
vt 0.515625 0.554688
vt 0.515625 0.574219
vt 0.515625 0.593750
vt 0.515625 0.617188
vt 0.515625 0.636719
vt 0.515625 0.656250
vt 0.515625 0.679688
vt 0.515625 0.699219
vt 0.515625 0.722656
vt 0.515625 0.742188
vt 0.515625 0.765625
vt 0.515625 0.785156
vt 0.515625 0.804688
vt 0.515625 0.828125
vt 0.515625 0.847656
vt 0.515625 0.867188
vt 0.515625 0.882812
vt 0.515625 0.902344
vt 0.515625 0.921875
vt 0.515625 0.937500
vt 0.515625 0.957031
vt 0.496094 -0.003906
vt 0.496094 0.019531
vt 0.496094 0.039062
vt 0.496094 0.058594
vt 0.496094 0.078125
vt 0.496094 0.097656
vt 0.496094 0.117188
vt 0.496094 0.136719
vt 0.496094 0.156250
vt 0.496094 0.175781
vt 0.496094 0.195312
vt 0.496094 0.214844
vt 0.496094 0.238281
vt 0.496094 0.257812
vt 0.496094 0.277344
vt 0.496094 0.296875
vt 0.496094 0.316406
vt 0.496094 0.335938
vt 0.496094 0.355469
vt 0.496094 0.375000
vt 0.496094 0.394531
vt 0.496094 0.417969
vt 0.496094 0.437500
vt 0.496094 0.457031
vt 0.496094 0.476562
vt 0.496094 0.496094
vt 0.496094 0.515625
vt 0.496094 0.535156
vt 0.496094 0.554688
vt 0.496094 0.574219
vt 0.496094 0.593750
vt 0.496094 0.617188
vt 0.496094 0.636719
vt 0.496094 0.656250
vt 0.496094 0.679688
vt 0.496094 0.699219
vt 0.496094 0.722656
vt 0.496094 0.742188
vt 0.496094 0.765625
vt 0.496094 0.785156
vt 0.496094 0.804688
vt 0.496094 0.824219
vt 0.496094 0.843750
vt 0.496094 0.863281
vt 0.496094 0.882812
vt 0.496094 0.902344
vt 0.496094 0.921875
vt 0.496094 0.937500
vt 0.496094 0.957031
vt 0.476562 -0.003906
vt 0.476562 0.019531
vt 0.476562 0.039062
vt 0.476562 0.058594
vt 0.476562 0.078125
vt 0.476562 0.097656
vt 0.476562 0.117188
vt 0.476562 0.136719
vt 0.476562 0.156250
vt 0.476562 0.175781
vt 0.476562 0.195312
vt 0.476562 0.218750
vt 0.476562 0.238281
vt 0.476562 0.257812
vt 0.476562 0.277344
vt 0.476562 0.296875
vt 0.476562 0.316406
vt 0.476562 0.335938
vt 0.476562 0.355469
vt 0.476562 0.375000
vt 0.476562 0.394531
vt 0.476562 0.417969
vt 0.476562 0.437500
vt 0.476562 0.457031
vt 0.476562 0.476562
vt 0.476562 0.496094
vt 0.476562 0.515625
vt 0.476562 0.535156
vt 0.476562 0.554688
vt 0.476562 0.574219
vt 0.476562 0.597656
vt 0.476562 0.617188
vt 0.476562 0.636719
vt 0.476562 0.656250
vt 0.476562 0.679688
vt 0.472656 0.699219
vt 0.472656 0.722656
vt 0.472656 0.742188
vt 0.472656 0.765625
vt 0.476562 0.785156
vt 0.476562 0.804688
vt 0.476562 0.824219
vt 0.476562 0.843750
vt 0.476562 0.863281
vt 0.476562 0.882812
vt 0.476562 0.902344
vt 0.476562 0.917969
vt 0.476562 0.937500
vt 0.476562 0.957031
vt 0.457031 -0.003906
vt 0.457031 0.019531
vt 0.457031 0.039062
vt 0.457031 0.058594
vt 0.457031 0.078125
vt 0.457031 0.097656
vt 0.457031 0.117188
vt 0.457031 0.136719
vt 0.457031 0.156250
vt 0.457031 0.175781
vt 0.457031 0.195312
vt 0.457031 0.218750
vt 0.457031 0.238281
vt 0.457031 0.257812
vt 0.457031 0.277344
vt 0.457031 0.296875
vt 0.457031 0.316406
vt 0.457031 0.335938
vt 0.457031 0.355469
vt 0.457031 0.375000
vt 0.457031 0.394531
vt 0.457031 0.417969
vt 0.457031 0.437500
vt 0.457031 0.457031
vt 0.457031 0.476562
vt 0.457031 0.496094
vt 0.457031 0.515625
vt 0.457031 0.535156
vt 0.457031 0.554688
vt 0.457031 0.574219
vt 0.457031 0.597656
vt 0.457031 0.617188
vt 0.453125 0.636719
vt 0.453125 0.660156
vt 0.453125 0.679688
vt 0.453125 0.703125
vt 0.453125 0.722656
vt 0.453125 0.742188
vt 0.453125 0.765625
vt 0.453125 0.785156
vt 0.453125 0.804688
vt 0.457031 0.824219
vt 0.457031 0.843750
vt 0.457031 0.863281
vt 0.457031 0.882812
vt 0.457031 0.898438
vt 0.457031 0.917969
vt 0.457031 0.937500
vt 0.457031 0.957031
vt 0.437500 -0.003906
vt 0.437500 0.019531
vt 0.437500 0.039062
vt 0.437500 0.058594
vt 0.437500 0.078125
vt 0.437500 0.097656
vt 0.437500 0.117188
vt 0.437500 0.136719
vt 0.437500 0.156250
vt 0.437500 0.175781
vt 0.437500 0.195312
vt 0.437500 0.218750
vt 0.437500 0.238281
vt 0.437500 0.257812
vt 0.437500 0.277344
vt 0.437500 0.296875
vt 0.437500 0.316406
vt 0.437500 0.335938
vt 0.437500 0.355469
vt 0.437500 0.375000
vt 0.437500 0.394531
vt 0.437500 0.417969
vt 0.437500 0.437500
vt 0.437500 0.457031
vt 0.437500 0.476562
vt 0.437500 0.496094
vt 0.437500 0.515625
vt 0.437500 0.535156
vt 0.437500 0.554688
vt 0.437500 0.578125
vt 0.433594 0.597656
vt 0.433594 0.617188
vt 0.433594 0.640625
vt 0.429688 0.660156
vt 0.429688 0.679688
vt 0.429688 0.703125
vt 0.425781 0.722656
vt 0.425781 0.746094
vt 0.429688 0.765625
vt 0.429688 0.785156
vt 0.433594 0.804688
vt 0.433594 0.824219
vt 0.433594 0.843750
vt 0.437500 0.863281
vt 0.437500 0.878906
vt 0.437500 0.898438
vt 0.437500 0.917969
vt 0.437500 0.937500
vt 0.437500 0.957031
vt 0.414062 -0.003906
vt 0.414062 0.019531
vt 0.414062 0.039062
vt 0.414062 0.058594
vt 0.414062 0.078125
vt 0.414062 0.097656
vt 0.414062 0.117188
vt 0.414062 0.136719
vt 0.414062 0.156250
vt 0.414062 0.175781
vt 0.414062 0.195312
vt 0.414062 0.218750
vt 0.414062 0.238281
vt 0.414062 0.257812
vt 0.414062 0.277344
vt 0.414062 0.296875
vt 0.414062 0.316406
vt 0.414062 0.335938
vt 0.414062 0.355469
vt 0.414062 0.375000
vt 0.414062 0.394531
vt 0.414062 0.417969
vt 0.414062 0.437500
vt 0.414062 0.457031
vt 0.414062 0.476562
vt 0.414062 0.496094
vt 0.414062 0.515625
vt 0.414062 0.535156
vt 0.414062 0.558594
vt 0.414062 0.578125
vt 0.414062 0.597656
vt 0.414062 0.621094
vt 0.410156 0.640625
vt 0.406250 0.660156
vt 0.406250 0.683594
vt 0.402344 0.703125
vt 0.402344 0.726562
vt 0.402344 0.746094
vt 0.402344 0.765625
vt 0.406250 0.785156
vt 0.410156 0.804688
vt 0.410156 0.824219
vt 0.414062 0.843750
vt 0.414062 0.859375
vt 0.414062 0.878906
vt 0.414062 0.898438
vt 0.414062 0.917969
vt 0.414062 0.933594
vt 0.414062 0.953125
vt 0.394531 -0.003906
vt 0.394531 0.019531
vt 0.394531 0.039062
vt 0.394531 0.058594
vt 0.394531 0.078125
vt 0.394531 0.097656
vt 0.394531 0.117188
vt 0.394531 0.136719
vt 0.394531 0.156250
vt 0.394531 0.175781
vt 0.394531 0.195312
vt 0.394531 0.218750
vt 0.394531 0.238281
vt 0.394531 0.257812
vt 0.394531 0.277344
vt 0.394531 0.296875
vt 0.394531 0.316406
vt 0.394531 0.335938
vt 0.394531 0.355469
vt 0.394531 0.375000
vt 0.394531 0.394531
vt 0.394531 0.417969
vt 0.394531 0.437500
vt 0.394531 0.457031
vt 0.394531 0.476562
vt 0.394531 0.496094
vt 0.394531 0.515625
vt 0.394531 0.535156
vt 0.394531 0.558594
vt 0.394531 0.578125
vt 0.390625 0.601562
vt 0.390625 0.621094
vt 0.386719 0.640625
vt 0.382812 0.664062
vt 0.378906 0.683594
vt 0.378906 0.707031
vt 0.378906 0.726562
vt 0.378906 0.746094
vt 0.378906 0.765625
vt 0.382812 0.785156
vt 0.382812 0.804688
vt 0.386719 0.824219
vt 0.390625 0.843750
vt 0.394531 0.859375
vt 0.394531 0.878906
vt 0.394531 0.898438
vt 0.394531 0.917969
vt 0.394531 0.933594
vt 0.394531 0.953125
vt 0.375000 -0.003906
vt 0.375000 0.019531
vt 0.375000 0.039062
vt 0.375000 0.058594
vt 0.375000 0.078125
vt 0.375000 0.097656
vt 0.375000 0.117188
vt 0.375000 0.136719
vt 0.375000 0.156250
vt 0.375000 0.175781
vt 0.375000 0.195312
vt 0.375000 0.218750
vt 0.375000 0.238281
vt 0.375000 0.257812
vt 0.375000 0.277344
vt 0.375000 0.296875
vt 0.375000 0.316406
vt 0.375000 0.335938
vt 0.375000 0.355469
vt 0.375000 0.375000
vt 0.375000 0.394531
vt 0.375000 0.417969
vt 0.375000 0.437500
vt 0.375000 0.457031
vt 0.375000 0.476562
vt 0.375000 0.496094
vt 0.375000 0.515625
vt 0.375000 0.539062
vt 0.375000 0.558594
vt 0.375000 0.578125
vt 0.371094 0.601562
vt 0.367188 0.621094
vt 0.363281 0.644531
vt 0.359375 0.664062
vt 0.355469 0.687500
vt 0.355469 0.707031
vt 0.351562 0.726562
vt 0.351562 0.750000
vt 0.355469 0.769531
vt 0.359375 0.789062
vt 0.359375 0.804688
vt 0.363281 0.824219
vt 0.367188 0.843750
vt 0.371094 0.859375
vt 0.375000 0.878906
vt 0.375000 0.898438
vt 0.375000 0.914062
vt 0.375000 0.933594
vt 0.375000 0.953125
vt 0.355469 -0.003906
vt 0.355469 0.019531
vt 0.355469 0.039062
vt 0.355469 0.058594
vt 0.355469 0.078125
vt 0.355469 0.097656
vt 0.355469 0.117188
vt 0.355469 0.136719
vt 0.355469 0.156250
vt 0.355469 0.175781
vt 0.355469 0.195312
vt 0.355469 0.218750
vt 0.355469 0.238281
vt 0.355469 0.257812
vt 0.355469 0.277344
vt 0.355469 0.296875
vt 0.355469 0.316406
vt 0.355469 0.335938
vt 0.355469 0.355469
vt 0.355469 0.375000
vt 0.355469 0.394531
vt 0.355469 0.417969
vt 0.355469 0.437500
vt 0.355469 0.457031
vt 0.355469 0.476562
vt 0.355469 0.496094
vt 0.355469 0.515625
vt 0.355469 0.539062
vt 0.355469 0.558594
vt 0.351562 0.582031
vt 0.347656 0.601562
vt 0.343750 0.625000
vt 0.339844 0.644531
vt 0.335938 0.667969
vt 0.332031 0.687500
vt 0.328125 0.710938
vt 0.328125 0.730469
vt 0.328125 0.750000
vt 0.332031 0.769531
vt 0.332031 0.789062
vt 0.335938 0.804688
vt 0.339844 0.824219
vt 0.347656 0.843750
vt 0.351562 0.859375
vt 0.351562 0.878906
vt 0.355469 0.898438
vt 0.355469 0.917969
vt 0.355469 0.933594
vt 0.355469 0.953125
vt 0.335938 -0.003906
vt 0.335938 0.019531
vt 0.335938 0.039062
vt 0.335938 0.058594
vt 0.335938 0.078125
vt 0.335938 0.097656
vt 0.335938 0.117188
vt 0.335938 0.136719
vt 0.335938 0.156250
vt 0.335938 0.175781
vt 0.335938 0.195312
vt 0.335938 0.218750
vt 0.335938 0.238281
vt 0.335938 0.257812
vt 0.335938 0.277344
vt 0.335938 0.296875
vt 0.335938 0.316406
vt 0.335938 0.335938
vt 0.335938 0.355469
vt 0.335938 0.375000
vt 0.335938 0.394531
vt 0.335938 0.417969
vt 0.335938 0.437500
vt 0.335938 0.457031
vt 0.335938 0.476562
vt 0.335938 0.496094
vt 0.335938 0.519531
vt 0.335938 0.539062
vt 0.332031 0.558594
vt 0.332031 0.582031
vt 0.324219 0.605469
vt 0.320312 0.625000
vt 0.316406 0.648438
vt 0.312500 0.667969
vt 0.308594 0.691406
vt 0.304688 0.710938
vt 0.304688 0.730469
vt 0.304688 0.750000
vt 0.308594 0.769531
vt 0.312500 0.789062
vt 0.316406 0.808594
vt 0.320312 0.824219
vt 0.324219 0.843750
vt 0.328125 0.863281
vt 0.332031 0.878906
vt 0.335938 0.898438
vt 0.335938 0.917969
vt 0.335938 0.933594
vt 0.335938 0.953125
vt 0.316406 -0.003906
vt 0.316406 0.019531
vt 0.316406 0.039062
vt 0.316406 0.058594
vt 0.316406 0.078125
vt 0.316406 0.097656
vt 0.316406 0.117188
vt 0.316406 0.136719
vt 0.316406 0.156250
vt 0.316406 0.175781
vt 0.316406 0.195312
vt 0.316406 0.218750
vt 0.316406 0.238281
vt 0.316406 0.257812
vt 0.316406 0.277344
vt 0.316406 0.296875
vt 0.316406 0.316406
vt 0.316406 0.335938
vt 0.316406 0.355469
vt 0.316406 0.375000
vt 0.316406 0.394531
vt 0.316406 0.417969
vt 0.316406 0.437500
vt 0.316406 0.457031
vt 0.316406 0.476562
vt 0.316406 0.496094
vt 0.316406 0.519531
vt 0.316406 0.539062
vt 0.312500 0.562500
vt 0.308594 0.582031
vt 0.304688 0.605469
vt 0.300781 0.625000
vt 0.292969 0.648438
vt 0.289062 0.671875
vt 0.285156 0.691406
vt 0.281250 0.710938
vt 0.281250 0.730469
vt 0.281250 0.750000
vt 0.285156 0.769531
vt 0.289062 0.789062
vt 0.292969 0.808594
vt 0.296875 0.828125
vt 0.304688 0.843750
vt 0.308594 0.863281
vt 0.312500 0.878906
vt 0.316406 0.898438
vt 0.316406 0.917969
vt 0.316406 0.937500
vt 0.316406 0.953125
vt 0.296875 -0.003906
vt 0.296875 0.019531
vt 0.296875 0.039062
vt 0.296875 0.058594
vt 0.296875 0.078125
vt 0.296875 0.097656
vt 0.296875 0.117188
vt 0.296875 0.136719
vt 0.296875 0.156250
vt 0.296875 0.175781
vt 0.296875 0.195312
vt 0.296875 0.218750
vt 0.296875 0.238281
vt 0.296875 0.257812
vt 0.296875 0.277344
vt 0.296875 0.296875
vt 0.296875 0.316406
vt 0.296875 0.335938
vt 0.296875 0.355469
vt 0.296875 0.375000
vt 0.296875 0.394531
vt 0.296875 0.417969
vt 0.296875 0.437500
vt 0.296875 0.457031
vt 0.296875 0.476562
vt 0.296875 0.496094
vt 0.296875 0.519531
vt 0.296875 0.539062
vt 0.292969 0.562500
vt 0.289062 0.582031
vt 0.285156 0.605469
vt 0.277344 0.628906
vt 0.273438 0.648438
vt 0.269531 0.671875
vt 0.265625 0.691406
vt 0.261719 0.710938
vt 0.261719 0.734375
vt 0.261719 0.753906
vt 0.265625 0.769531
vt 0.269531 0.789062
vt 0.273438 0.808594
vt 0.277344 0.828125
vt 0.281250 0.843750
vt 0.289062 0.863281
vt 0.292969 0.882812
vt 0.292969 0.898438
vt 0.296875 0.917969
vt 0.296875 0.937500
vt 0.296875 0.953125
vt 0.277344 -0.003906
vt 0.277344 0.019531
vt 0.277344 0.039062
vt 0.277344 0.058594
vt 0.277344 0.078125
vt 0.277344 0.097656
vt 0.277344 0.117188
vt 0.277344 0.136719
vt 0.277344 0.156250
vt 0.277344 0.175781
vt 0.277344 0.195312
vt 0.277344 0.218750
vt 0.277344 0.238281
vt 0.277344 0.257812
vt 0.277344 0.277344
vt 0.277344 0.296875
vt 0.277344 0.316406
vt 0.277344 0.335938
vt 0.277344 0.355469
vt 0.277344 0.375000
vt 0.277344 0.394531
vt 0.277344 0.417969
vt 0.277344 0.437500
vt 0.277344 0.457031
vt 0.277344 0.476562
vt 0.277344 0.496094
vt 0.277344 0.519531
vt 0.273438 0.539062
vt 0.273438 0.562500
vt 0.269531 0.582031
vt 0.265625 0.605469
vt 0.257812 0.628906
vt 0.253906 0.648438
vt 0.250000 0.671875
vt 0.246094 0.691406
vt 0.242188 0.710938
vt 0.242188 0.730469
vt 0.242188 0.750000
vt 0.246094 0.769531
vt 0.250000 0.789062
vt 0.253906 0.808594
vt 0.257812 0.828125
vt 0.261719 0.843750
vt 0.269531 0.863281
vt 0.273438 0.882812
vt 0.273438 0.898438
vt 0.277344 0.917969
vt 0.277344 0.937500
vt 0.277344 0.953125
vt 0.257812 -0.003906
vt 0.257812 0.019531
vt 0.257812 0.039062
vt 0.257812 0.058594
vt 0.257812 0.078125
vt 0.257812 0.097656
vt 0.257812 0.117188
vt 0.257812 0.136719
vt 0.257812 0.156250
vt 0.257812 0.175781
vt 0.257812 0.195312
vt 0.257812 0.218750
vt 0.257812 0.238281
vt 0.257812 0.257812
vt 0.257812 0.277344
vt 0.257812 0.296875
vt 0.257812 0.316406
vt 0.257812 0.335938
vt 0.257812 0.355469
vt 0.257812 0.375000
vt 0.257812 0.394531
vt 0.257812 0.417969
vt 0.257812 0.437500
vt 0.257812 0.457031
vt 0.257812 0.476562
vt 0.257812 0.496094
vt 0.257812 0.519531
vt 0.253906 0.539062
vt 0.253906 0.562500
vt 0.250000 0.585938
vt 0.246094 0.605469
vt 0.238281 0.628906
vt 0.234375 0.648438
vt 0.230469 0.671875
vt 0.226562 0.691406
vt 0.226562 0.710938
vt 0.226562 0.730469
vt 0.226562 0.750000
vt 0.226562 0.769531
vt 0.230469 0.789062
vt 0.234375 0.808594
vt 0.238281 0.828125
vt 0.246094 0.843750
vt 0.250000 0.863281
vt 0.253906 0.882812
vt 0.253906 0.898438
vt 0.257812 0.917969
vt 0.257812 0.937500
vt 0.257812 0.953125
vt 0.238281 -0.003906
vt 0.238281 0.019531
vt 0.238281 0.039062
vt 0.238281 0.058594
vt 0.238281 0.078125
vt 0.238281 0.097656
vt 0.238281 0.117188
vt 0.238281 0.136719
vt 0.238281 0.156250
vt 0.238281 0.175781
vt 0.238281 0.195312
vt 0.238281 0.218750
vt 0.238281 0.238281
vt 0.238281 0.257812
vt 0.238281 0.277344
vt 0.238281 0.296875
vt 0.238281 0.316406
vt 0.238281 0.335938
vt 0.238281 0.355469
vt 0.238281 0.375000
vt 0.238281 0.394531
vt 0.238281 0.417969
vt 0.238281 0.437500
vt 0.238281 0.457031
vt 0.238281 0.476562
vt 0.238281 0.496094
vt 0.238281 0.519531
vt 0.234375 0.539062
vt 0.234375 0.562500
vt 0.230469 0.582031
vt 0.226562 0.605469
vt 0.222656 0.628906
vt 0.218750 0.648438
vt 0.214844 0.667969
vt 0.210938 0.691406
vt 0.210938 0.710938
vt 0.207031 0.730469
vt 0.210938 0.750000
vt 0.210938 0.769531
vt 0.214844 0.789062
vt 0.218750 0.808594
vt 0.222656 0.828125
vt 0.226562 0.843750
vt 0.230469 0.863281
vt 0.234375 0.882812
vt 0.234375 0.898438
vt 0.238281 0.917969
vt 0.238281 0.937500
vt 0.238281 0.953125
vt 0.214844 -0.003906
vt 0.214844 0.019531
vt 0.214844 0.039062
vt 0.214844 0.058594
vt 0.214844 0.078125
vt 0.214844 0.097656
vt 0.214844 0.117188
vt 0.214844 0.136719
vt 0.214844 0.156250
vt 0.214844 0.175781
vt 0.214844 0.195312
vt 0.214844 0.218750
vt 0.214844 0.238281
vt 0.214844 0.257812
vt 0.214844 0.277344
vt 0.214844 0.296875
vt 0.214844 0.316406
vt 0.214844 0.335938
vt 0.214844 0.355469
vt 0.214844 0.375000
vt 0.214844 0.394531
vt 0.214844 0.417969
vt 0.214844 0.437500
vt 0.214844 0.457031
vt 0.214844 0.476562
vt 0.214844 0.496094
vt 0.214844 0.519531
vt 0.214844 0.539062
vt 0.214844 0.562500
vt 0.210938 0.582031
vt 0.207031 0.605469
vt 0.203125 0.625000
vt 0.199219 0.648438
vt 0.199219 0.667969
vt 0.195312 0.687500
vt 0.195312 0.710938
vt 0.191406 0.730469
vt 0.195312 0.750000
vt 0.195312 0.769531
vt 0.199219 0.789062
vt 0.203125 0.808594
vt 0.203125 0.824219
vt 0.207031 0.843750
vt 0.210938 0.863281
vt 0.214844 0.878906
vt 0.214844 0.898438
vt 0.214844 0.917969
vt 0.214844 0.937500
vt 0.214844 0.953125
vt 0.195312 -0.003906
vt 0.195312 0.019531
vt 0.195312 0.039062
vt 0.195312 0.058594
vt 0.195312 0.078125
vt 0.195312 0.097656
vt 0.195312 0.117188
vt 0.195312 0.136719
vt 0.195312 0.156250
vt 0.195312 0.175781
vt 0.195312 0.195312
vt 0.195312 0.218750
vt 0.195312 0.238281
vt 0.195312 0.257812
vt 0.195312 0.277344
vt 0.195312 0.296875
vt 0.195312 0.316406
vt 0.195312 0.335938
vt 0.195312 0.355469
vt 0.195312 0.375000
vt 0.195312 0.394531
vt 0.195312 0.417969
vt 0.195312 0.437500
vt 0.195312 0.457031
vt 0.195312 0.476562
vt 0.195312 0.496094
vt 0.195312 0.519531
vt 0.195312 0.539062
vt 0.195312 0.562500
vt 0.195312 0.582031
vt 0.191406 0.605469
vt 0.187500 0.625000
vt 0.183594 0.648438
vt 0.183594 0.667969
vt 0.179688 0.687500
vt 0.179688 0.707031
vt 0.179688 0.730469
vt 0.179688 0.750000
vt 0.179688 0.769531
vt 0.183594 0.785156
vt 0.183594 0.804688
vt 0.187500 0.824219
vt 0.191406 0.843750
vt 0.195312 0.863281
vt 0.195312 0.878906
vt 0.195312 0.898438
vt 0.195312 0.917969
vt 0.195312 0.937500
vt 0.195312 0.953125
vt 0.175781 -0.003906
vt 0.175781 0.019531
vt 0.175781 0.039062
vt 0.175781 0.058594
vt 0.175781 0.078125
vt 0.175781 0.097656
vt 0.175781 0.117188
vt 0.175781 0.136719
vt 0.175781 0.156250
vt 0.175781 0.175781
vt 0.175781 0.195312
vt 0.175781 0.218750
vt 0.175781 0.238281
vt 0.175781 0.257812
vt 0.175781 0.277344
vt 0.175781 0.296875
vt 0.175781 0.316406
vt 0.175781 0.335938
vt 0.175781 0.355469
vt 0.175781 0.375000
vt 0.175781 0.394531
vt 0.175781 0.417969
vt 0.175781 0.437500
vt 0.175781 0.457031
vt 0.175781 0.476562
vt 0.175781 0.496094
vt 0.175781 0.519531
vt 0.175781 0.539062
vt 0.175781 0.562500
vt 0.175781 0.582031
vt 0.171875 0.601562
vt 0.171875 0.625000
vt 0.167969 0.644531
vt 0.167969 0.667969
vt 0.164062 0.687500
vt 0.164062 0.707031
vt 0.164062 0.726562
vt 0.164062 0.746094
vt 0.164062 0.765625
vt 0.167969 0.785156
vt 0.167969 0.804688
vt 0.171875 0.824219
vt 0.171875 0.843750
vt 0.175781 0.859375
vt 0.175781 0.878906
vt 0.175781 0.898438
vt 0.175781 0.917969
vt 0.175781 0.933594
vt 0.175781 0.953125
vt 0.156250 -0.003906
vt 0.156250 0.019531
vt 0.156250 0.039062
vt 0.156250 0.058594
vt 0.156250 0.078125
vt 0.156250 0.097656
vt 0.156250 0.117188
vt 0.156250 0.136719
vt 0.156250 0.156250
vt 0.156250 0.175781
vt 0.156250 0.195312
vt 0.156250 0.218750
vt 0.156250 0.238281
vt 0.156250 0.257812
vt 0.156250 0.277344
vt 0.156250 0.296875
vt 0.156250 0.316406
vt 0.156250 0.335938
vt 0.156250 0.355469
vt 0.156250 0.375000
vt 0.156250 0.394531
vt 0.156250 0.417969
vt 0.156250 0.437500
vt 0.156250 0.457031
vt 0.156250 0.476562
vt 0.156250 0.496094
vt 0.156250 0.515625
vt 0.156250 0.539062
vt 0.156250 0.558594
vt 0.156250 0.582031
vt 0.156250 0.601562
vt 0.152344 0.625000
vt 0.152344 0.644531
vt 0.152344 0.664062
vt 0.148438 0.687500
vt 0.148438 0.707031
vt 0.148438 0.726562
vt 0.148438 0.746094
vt 0.148438 0.765625
vt 0.152344 0.785156
vt 0.152344 0.804688
vt 0.152344 0.824219
vt 0.156250 0.839844
vt 0.156250 0.859375
vt 0.156250 0.878906
vt 0.156250 0.898438
vt 0.156250 0.914062
vt 0.156250 0.933594
vt 0.156250 0.953125
vt 0.136719 -0.003906
vt 0.136719 0.019531
vt 0.136719 0.039062
vt 0.136719 0.058594
vt 0.136719 0.078125
vt 0.136719 0.097656
vt 0.136719 0.117188
vt 0.136719 0.136719
vt 0.136719 0.156250
vt 0.136719 0.175781
vt 0.136719 0.195312
vt 0.136719 0.218750
vt 0.136719 0.238281
vt 0.136719 0.257812
vt 0.136719 0.277344
vt 0.136719 0.296875
vt 0.136719 0.316406
vt 0.136719 0.335938
vt 0.136719 0.355469
vt 0.136719 0.375000
vt 0.136719 0.394531
vt 0.136719 0.417969
vt 0.136719 0.437500
vt 0.136719 0.457031
vt 0.136719 0.476562
vt 0.136719 0.496094
vt 0.136719 0.515625
vt 0.136719 0.539062
vt 0.136719 0.558594
vt 0.136719 0.578125
vt 0.136719 0.601562
vt 0.136719 0.621094
vt 0.136719 0.644531
vt 0.132812 0.664062
vt 0.132812 0.683594
vt 0.132812 0.703125
vt 0.132812 0.726562
vt 0.132812 0.746094
vt 0.132812 0.765625
vt 0.132812 0.785156
vt 0.136719 0.800781
vt 0.136719 0.820312
vt 0.136719 0.839844
vt 0.136719 0.859375
vt 0.136719 0.878906
vt 0.136719 0.894531
vt 0.136719 0.914062
vt 0.136719 0.933594
vt 0.136719 0.953125
vt 0.117188 -0.003906
vt 0.117188 0.019531
vt 0.117188 0.039062
vt 0.117188 0.058594
vt 0.117188 0.078125
vt 0.117188 0.097656
vt 0.117188 0.117188
vt 0.117188 0.136719
vt 0.117188 0.156250
vt 0.117188 0.175781
vt 0.117188 0.195312
vt 0.117188 0.218750
vt 0.117188 0.238281
vt 0.117188 0.257812
vt 0.117188 0.277344
vt 0.117188 0.296875
vt 0.117188 0.316406
vt 0.117188 0.335938
vt 0.117188 0.355469
vt 0.117188 0.375000
vt 0.117188 0.394531
vt 0.117188 0.417969
vt 0.117188 0.437500
vt 0.117188 0.457031
vt 0.117188 0.476562
vt 0.117188 0.496094
vt 0.117188 0.515625
vt 0.117188 0.535156
vt 0.117188 0.558594
vt 0.117188 0.578125
vt 0.117188 0.601562
vt 0.117188 0.621094
vt 0.117188 0.640625
vt 0.117188 0.664062
vt 0.117188 0.683594
vt 0.117188 0.703125
vt 0.113281 0.722656
vt 0.117188 0.742188
vt 0.117188 0.761719
vt 0.117188 0.781250
vt 0.117188 0.800781
vt 0.117188 0.820312
vt 0.117188 0.839844
vt 0.117188 0.859375
vt 0.117188 0.875000
vt 0.117188 0.894531
vt 0.117188 0.914062
vt 0.117188 0.933594
vt 0.117188 0.953125
vt 0.097656 -0.003906
vt 0.097656 0.019531
vt 0.097656 0.039062
vt 0.097656 0.058594
vt 0.097656 0.078125
vt 0.097656 0.097656
vt 0.097656 0.117188
vt 0.097656 0.136719
vt 0.097656 0.156250
vt 0.097656 0.175781
vt 0.097656 0.195312
vt 0.097656 0.218750
vt 0.097656 0.238281
vt 0.097656 0.257812
vt 0.097656 0.277344
vt 0.097656 0.296875
vt 0.097656 0.316406
vt 0.097656 0.335938
vt 0.097656 0.355469
vt 0.097656 0.375000
vt 0.097656 0.394531
vt 0.097656 0.417969
vt 0.097656 0.437500
vt 0.097656 0.457031
vt 0.097656 0.476562
vt 0.097656 0.496094
vt 0.097656 0.515625
vt 0.097656 0.535156
vt 0.097656 0.558594
vt 0.097656 0.578125
vt 0.097656 0.597656
vt 0.097656 0.621094
vt 0.097656 0.640625
vt 0.097656 0.660156
vt 0.097656 0.679688
vt 0.097656 0.703125
vt 0.097656 0.722656
vt 0.097656 0.742188
vt 0.097656 0.761719
vt 0.097656 0.781250
vt 0.097656 0.800781
vt 0.097656 0.820312
vt 0.097656 0.835938
vt 0.097656 0.855469
vt 0.097656 0.875000
vt 0.097656 0.894531
vt 0.097656 0.914062
vt 0.097656 0.933594
vt 0.097656 0.953125
vt 0.078125 -0.003906
vt 0.078125 0.019531
vt 0.078125 0.039062
vt 0.078125 0.058594
vt 0.078125 0.078125
vt 0.078125 0.097656
vt 0.078125 0.117188
vt 0.078125 0.136719
vt 0.078125 0.156250
vt 0.078125 0.175781
vt 0.078125 0.195312
vt 0.078125 0.218750
vt 0.078125 0.238281
vt 0.078125 0.257812
vt 0.078125 0.277344
vt 0.078125 0.296875
vt 0.078125 0.316406
vt 0.078125 0.335938
vt 0.078125 0.355469
vt 0.078125 0.375000
vt 0.078125 0.394531
vt 0.078125 0.417969
vt 0.078125 0.437500
vt 0.078125 0.457031
vt 0.078125 0.476562
vt 0.078125 0.496094
vt 0.078125 0.515625
vt 0.078125 0.535156
vt 0.078125 0.554688
vt 0.078125 0.578125
vt 0.078125 0.597656
vt 0.078125 0.617188
vt 0.078125 0.636719
vt 0.078125 0.660156
vt 0.078125 0.679688
vt 0.078125 0.699219
vt 0.078125 0.718750
vt 0.078125 0.738281
vt 0.078125 0.757812
vt 0.078125 0.777344
vt 0.078125 0.796875
vt 0.078125 0.816406
vt 0.078125 0.835938
vt 0.078125 0.855469
vt 0.078125 0.875000
vt 0.078125 0.894531
vt 0.078125 0.914062
vt 0.078125 0.933594
vt 0.078125 0.953125
vt 0.058594 -0.003906
vt 0.058594 0.019531
vt 0.058594 0.039062
vt 0.058594 0.058594
vt 0.058594 0.078125
vt 0.058594 0.097656
vt 0.058594 0.117188
vt 0.058594 0.136719
vt 0.058594 0.156250
vt 0.058594 0.175781
vt 0.058594 0.195312
vt 0.058594 0.218750
vt 0.058594 0.238281
vt 0.058594 0.257812
vt 0.058594 0.277344
vt 0.058594 0.296875
vt 0.058594 0.316406
vt 0.058594 0.335938
vt 0.058594 0.355469
vt 0.058594 0.375000
vt 0.058594 0.394531
vt 0.058594 0.417969
vt 0.058594 0.437500
vt 0.058594 0.457031
vt 0.058594 0.476562
vt 0.058594 0.496094
vt 0.058594 0.515625
vt 0.058594 0.535156
vt 0.058594 0.554688
vt 0.058594 0.578125
vt 0.058594 0.597656
vt 0.058594 0.617188
vt 0.058594 0.636719
vt 0.058594 0.656250
vt 0.058594 0.679688
vt 0.058594 0.699219
vt 0.058594 0.718750
vt 0.058594 0.738281
vt 0.058594 0.757812
vt 0.058594 0.777344
vt 0.058594 0.796875
vt 0.058594 0.816406
vt 0.058594 0.835938
vt 0.058594 0.855469
vt 0.058594 0.875000
vt 0.058594 0.894531
vt 0.058594 0.914062
vt 0.058594 0.933594
vt 0.058594 0.953125
vt 0.039062 -0.003906
vt 0.039062 0.019531
vt 0.039062 0.039062
vt 0.039062 0.058594
vt 0.039062 0.078125
vt 0.039062 0.097656
vt 0.039062 0.117188
vt 0.039062 0.136719
vt 0.039062 0.156250
vt 0.039062 0.175781
vt 0.039062 0.195312
vt 0.039062 0.218750
vt 0.039062 0.238281
vt 0.039062 0.257812
vt 0.039062 0.277344
vt 0.039062 0.296875
vt 0.039062 0.316406
vt 0.039062 0.335938
vt 0.039062 0.355469
vt 0.039062 0.375000
vt 0.039062 0.394531
vt 0.039062 0.417969
vt 0.039062 0.437500
vt 0.039062 0.457031
vt 0.039062 0.476562
vt 0.039062 0.496094
vt 0.039062 0.515625
vt 0.039062 0.535156
vt 0.039062 0.554688
vt 0.039062 0.574219
vt 0.039062 0.597656
vt 0.039062 0.617188
vt 0.039062 0.636719
vt 0.039062 0.656250
vt 0.039062 0.675781
vt 0.039062 0.695312
vt 0.039062 0.714844
vt 0.039062 0.738281
vt 0.039062 0.757812
vt 0.039062 0.777344
vt 0.039062 0.796875
vt 0.039062 0.816406
vt 0.039062 0.835938
vt 0.039062 0.855469
vt 0.039062 0.875000
vt 0.039062 0.894531
vt 0.039062 0.914062
vt 0.039062 0.933594
vt 0.039062 0.953125
vt 0.015625 -0.003906
vt 0.015625 0.019531
vt 0.015625 0.039062
vt 0.015625 0.058594
vt 0.015625 0.078125
vt 0.015625 0.097656
vt 0.015625 0.117188
vt 0.015625 0.136719
vt 0.015625 0.156250
vt 0.015625 0.175781
vt 0.015625 0.195312
vt 0.015625 0.218750
vt 0.015625 0.238281
vt 0.015625 0.257812
vt 0.015625 0.277344
vt 0.015625 0.296875
vt 0.015625 0.316406
vt 0.015625 0.335938
vt 0.015625 0.355469
vt 0.015625 0.375000
vt 0.015625 0.394531
vt 0.015625 0.417969
vt 0.015625 0.437500
vt 0.015625 0.457031
vt 0.015625 0.476562
vt 0.015625 0.496094
vt 0.015625 0.515625
vt 0.015625 0.535156
vt 0.015625 0.554688
vt 0.015625 0.574219
vt 0.015625 0.593750
vt 0.015625 0.617188
vt 0.015625 0.636719
vt 0.015625 0.656250
vt 0.015625 0.675781
vt 0.015625 0.695312
vt 0.015625 0.714844
vt 0.015625 0.734375
vt 0.015625 0.753906
vt 0.015625 0.773438
vt 0.015625 0.796875
vt 0.015625 0.816406
vt 0.015625 0.835938
vt 0.015625 0.855469
vt 0.015625 0.875000
vt 0.015625 0.894531
vt 0.015625 0.914062
vt 0.015625 0.933594
vt 0.015625 0.953125
vt -0.003906 -0.003906
vt -0.003906 0.019531
vt -0.003906 0.039062
vt -0.003906 0.058594
vt -0.003906 0.078125
vt -0.003906 0.097656
vt -0.003906 0.117188
vt -0.003906 0.136719
vt -0.003906 0.156250
vt -0.003906 0.175781
vt -0.003906 0.195312
vt -0.003906 0.218750
vt -0.003906 0.238281
vt -0.003906 0.257812
vt -0.003906 0.277344
vt -0.003906 0.296875
vt -0.003906 0.316406
vt -0.003906 0.335938
vt -0.003906 0.355469
vt -0.003906 0.375000
vt -0.003906 0.394531
vt -0.003906 0.417969
vt -0.003906 0.437500
vt -0.003906 0.457031
vt -0.003906 0.476562
vt -0.003906 0.496094
vt -0.003906 0.515625
vt -0.003906 0.535156
vt -0.003906 0.554688
vt -0.003906 0.574219
vt -0.003906 0.593750
vt -0.003906 0.617188
vt -0.003906 0.636719
vt -0.003906 0.656250
vt -0.003906 0.675781
vt -0.003906 0.695312
vt -0.003906 0.714844
vt -0.003906 0.734375
vt -0.003906 0.753906
vt -0.003906 0.773438
vt -0.003906 0.792969
vt -0.003906 0.816406
vt -0.003906 0.835938
vt -0.003906 0.855469
vt -0.003906 0.875000
vt -0.003906 0.894531
vt -0.003906 0.914062
vt -0.003906 0.933594
vt -0.003906 0.953125
vt 0.992188 -0.003906
vt 0.992188 0.019531
vt 0.992188 0.039062
vt 0.992188 0.058594
vt 0.992188 0.078125
vt 0.992188 0.097656
vt 0.992188 0.117188
vt 0.992188 0.136719
vt 0.992188 0.156250
vt 0.992188 0.175781
vt 0.992188 0.195312
vt 0.992188 0.218750
vt 0.992188 0.238281
vt 0.992188 0.257812
vt 0.992188 0.277344
vt 0.992188 0.296875
vt 0.992188 0.316406
vt 0.992188 0.335938
vt 0.992188 0.355469
vt 0.992188 0.375000
vt 0.992188 0.394531
vt 0.992188 0.417969
vt 0.992188 0.437500
vt 0.992188 0.457031
vt 0.992188 0.476562
vt 0.992188 0.496094
vt 0.992188 0.515625
vt 0.992188 0.535156
vt 0.992188 0.554688
vt 0.992188 0.574219
vt 0.992188 0.593750
vt 0.992188 0.617188
vt 0.992188 0.636719
vt 0.992188 0.656250
vt 0.992188 0.675781
vt 0.992188 0.695312
vt 0.992188 0.714844
vt 0.992188 0.734375
vt 0.992188 0.753906
vt 0.992188 0.773438
vt 0.992188 0.792969
vt 0.992188 0.816406
vt 0.992188 0.835938
vt 0.992188 0.855469
vt 0.992188 0.875000
vt 0.992188 0.894531
vt 0.992188 0.914062
vt 0.992188 0.933594
vt 0.992188 0.953125
s 1
usemtl Land
f 2601/1/1 200/2/2 4/3/3 54/4/4
f 103/5/5 249/6/6 102/7/7 3/8/8
f 249/6/6 298/9/9 101/10/10 102/7/7
f 298/9/9 347/11/11 100/12/12 101/10/10
f 347/11/11 396/13/13 99/14/14 100/12/12
f 396/13/13 445/15/15 98/16/16 99/14/14
f 445/15/15 494/17/17 97/18/18 98/16/16
f 494/17/17 543/19/19 96/20/20 97/18/18
f 543/19/19 592/21/21 95/22/22 96/20/20
f 592/21/21 641/23/23 94/24/24 95/22/22
f 641/23/23 690/25/25 93/26/26 94/24/24
f 690/25/25 739/27/27 92/28/28 93/26/26
f 739/27/27 788/29/29 91/30/30 92/28/28
f 788/29/29 837/31/31 90/32/32 91/30/30
f 837/31/31 886/33/33 89/34/34 90/32/32
f 886/33/33 935/35/35 88/36/36 89/34/34
f 935/35/35 984/37/37 87/38/38 88/36/36
f 984/37/37 1033/39/39 86/40/40 87/38/38
f 1033/39/39 1082/41/41 85/42/42 86/40/40
f 1082/41/41 1131/43/43 84/44/44 85/42/42
f 1131/43/43 1180/45/45 83/46/46 84/44/44
f 1180/45/45 1229/47/47 82/48/48 83/46/46
f 1229/47/47 1278/49/49 81/50/50 82/48/48
f 1278/49/49 1327/51/51 80/52/52 81/50/50
f 1327/51/51 1376/53/53 79/54/54 80/52/52
f 1376/53/53 1425/55/55 78/56/56 79/54/54
f 1425/55/55 1474/57/57 77/58/58 78/56/56
f 1474/57/57 1523/59/59 76/60/60 77/58/58
f 1523/59/59 1572/61/61 75/62/62 76/60/60
f 1572/61/61 1621/63/63 74/64/64 75/62/62
f 1621/63/63 1670/65/65 73/66/66 74/64/64
f 1670/65/65 1719/67/67 72/68/68 73/66/66
f 1719/67/67 1768/69/69 71/70/70 72/68/68
f 1768/69/69 1817/71/71 70/72/72 71/70/70
f 1817/71/71 1866/73/73 69/74/74 70/72/72
f 1866/73/73 1915/75/75 68/76/75 69/74/74
f 1915/75/75 1964/77/76 67/78/75 68/76/75
f 1964/77/76 2013/79/77 66/80/75 67/78/75
f 2013/79/77 2062/81/78 65/82/75 66/80/75
f 2062/81/78 2111/83/79 64/84/75 65/82/75
f 2111/83/79 2160/85/80 63/86/75 64/84/75
f 2160/85/80 2209/87/81 62/88/75 63/86/75
f 2209/87/81 2258/89/82 61/90/83 62/88/75
f 2258/89/82 2307/91/84 60/92/85 61/90/83
f 2307/91/84 2356/93/86 59/94/87 60/92/85
f 2356/93/86 2405/95/88 58/96/89 59/94/87
f 2405/95/88 2454/97/90 57/98/91 58/96/89
f 2454/97/90 2503/99/92 56/100/93 57/98/91
f 2503/99/92 2552/101/94 55/102/95 56/100/93
f 2552/101/94 2601/1/1 54/4/4 55/102/95
f 52/103/96 53/104/97 2553/105/98 2504/106/99
f 2504/106/99 2553/105/98 2554/107/100 2505/108/101
f 2505/108/101 2554/107/100 2555/109/102 2506/110/103
f 2506/110/103 2555/109/102 2556/111/104 2507/112/105
f 2507/112/105 2556/111/104 2557/113/106 2508/114/107
f 2508/114/107 2557/113/106 2558/115/108 2509/116/109
f 2509/116/109 2558/115/108 2559/117/110 2510/118/111
f 2510/118/111 2559/117/110 2560/119/112 2511/120/113
f 2511/120/113 2560/119/112 2561/121/114 2512/122/115
f 2512/122/115 2561/121/114 2562/123/116 2513/124/117
f 2513/124/117 2562/123/116 2563/125/118 2514/126/119
f 2514/126/119 2563/125/118 2564/127/120 2515/128/121
f 2515/128/121 2564/127/120 2565/129/122 2516/130/123
f 2516/130/123 2565/129/122 2566/131/124 2517/132/125
f 2517/132/125 2566/131/124 2567/133/126 2518/134/127
f 2518/134/127 2567/133/126 2568/135/128 2519/136/129
f 2519/136/129 2568/135/128 2569/137/130 2520/138/131
f 2520/138/131 2569/137/130 2570/139/132 2521/140/133
f 2521/140/133 2570/139/132 2571/141/134 2522/142/135
f 2522/142/135 2571/141/134 2572/143/136 2523/144/137
f 2523/144/137 2572/143/136 2573/145/138 2524/146/139
f 2524/146/139 2573/145/138 2574/147/140 2525/148/141
f 2525/148/141 2574/147/140 2575/149/142 2526/150/143
f 2526/150/143 2575/149/142 2576/151/144 2527/152/145
f 2527/152/145 2576/151/144 2577/153/146 2528/154/147
f 2528/154/147 2577/153/146 2578/155/148 2529/156/149
f 2529/156/149 2578/155/148 2579/157/150 2530/158/151
f 2530/158/151 2579/157/150 2580/159/152 2531/160/153
f 2531/160/153 2580/159/152 2581/161/154 2532/162/155
f 2532/162/155 2581/161/154 2582/163/156 2533/164/157
f 2533/164/157 2582/163/156 2583/165/158 2534/166/159
f 2534/166/159 2583/165/158 2584/167/160 2535/168/161
f 2535/168/161 2584/167/160 2585/169/162 2536/170/163
f 2536/170/163 2585/169/162 2586/171/164 2537/172/165
f 2537/172/165 2586/171/164 2587/173/166 2538/174/167
f 2538/174/167 2587/173/166 2588/175/168 2539/176/169
f 2539/176/169 2588/175/168 2589/177/170 2540/178/171
f 2540/178/171 2589/177/170 2590/179/172 2541/180/173
f 2541/180/173 2590/179/172 2591/181/174 2542/182/175
f 2542/182/175 2591/181/174 2592/183/176 2543/184/177
f 2543/184/177 2592/183/176 2593/185/178 2544/186/179
f 2544/186/179 2593/185/178 2594/187/180 2545/188/181
f 2545/188/181 2594/187/180 2595/189/182 2546/190/183
f 2546/190/183 2595/189/182 2596/191/184 2547/192/185
f 2547/192/185 2596/191/184 2597/193/186 2548/194/187
f 2548/194/187 2597/193/186 2598/195/188 2549/196/189
f 2549/196/189 2598/195/188 2599/197/190 2550/198/191
f 2550/198/191 2599/197/190 2600/199/75 2551/200/192
f 2551/200/192 2600/199/75 2601/1/1 2552/101/94
f 51/201/193 52/103/96 2504/106/99 2455/202/194
f 2455/202/194 2504/106/99 2505/108/101 2456/203/195
f 2456/203/195 2505/108/101 2506/110/103 2457/204/196
f 2457/204/196 2506/110/103 2507/112/105 2458/205/197
f 2458/205/197 2507/112/105 2508/114/107 2459/206/198
f 2459/206/198 2508/114/107 2509/116/109 2460/207/199
f 2460/207/199 2509/116/109 2510/118/111 2461/208/200
f 2461/208/200 2510/118/111 2511/120/113 2462/209/201
f 2462/209/201 2511/120/113 2512/122/115 2463/210/202
f 2463/210/202 2512/122/115 2513/124/117 2464/211/203
f 2464/211/203 2513/124/117 2514/126/119 2465/212/204
f 2465/212/204 2514/126/119 2515/128/121 2466/213/205
f 2466/213/205 2515/128/121 2516/130/123 2467/214/206
f 2467/214/206 2516/130/123 2517/132/125 2468/215/207
f 2468/215/207 2517/132/125 2518/134/127 2469/216/208
f 2469/216/208 2518/134/127 2519/136/129 2470/217/209
f 2470/217/209 2519/136/129 2520/138/131 2471/218/210
f 2471/218/210 2520/138/131 2521/140/133 2472/219/211
f 2472/219/211 2521/140/133 2522/142/135 2473/220/212
f 2473/220/212 2522/142/135 2523/144/137 2474/221/213
f 2474/221/213 2523/144/137 2524/146/139 2475/222/214
f 2475/222/214 2524/146/139 2525/148/141 2476/223/215
f 2476/223/215 2525/148/141 2526/150/143 2477/224/216
f 2477/224/216 2526/150/143 2527/152/145 2478/225/217
f 2478/225/217 2527/152/145 2528/154/147 2479/226/218
f 2479/226/218 2528/154/147 2529/156/149 2480/227/219
f 2480/227/219 2529/156/149 2530/158/151 2481/228/220
f 2481/228/220 2530/158/151 2531/160/153 2482/229/221
f 2482/229/221 2531/160/153 2532/162/155 2483/230/222
f 2483/230/222 2532/162/155 2533/164/157 2484/231/223
f 2484/231/223 2533/164/157 2534/166/159 2485/232/224
f 2485/232/224 2534/166/159 2535/168/161 2486/233/225
f 2486/233/225 2535/168/161 2536/170/163 2487/234/226
f 2487/234/226 2536/170/163 2537/172/165 2488/235/227
f 2488/235/227 2537/172/165 2538/174/167 2489/236/228
f 2489/236/228 2538/174/167 2539/176/169 2490/237/229
f 2490/237/229 2539/176/169 2540/178/171 2491/238/230
f 2491/238/230 2540/178/171 2541/180/173 2492/239/231
f 2492/239/231 2541/180/173 2542/182/175 2493/240/232
f 2493/240/232 2542/182/175 2543/184/177 2494/241/233
f 2494/241/233 2543/184/177 2544/186/179 2495/242/234
f 2495/242/234 2544/186/179 2545/188/181 2496/243/235
f 2496/243/235 2545/188/181 2546/190/183 2497/244/236
f 2497/244/236 2546/190/183 2547/192/185 2498/245/237
f 2498/245/237 2547/192/185 2548/194/187 2499/246/238
f 2499/246/238 2548/194/187 2549/196/189 2500/247/239
f 2500/247/239 2549/196/189 2550/198/191 2501/248/240
f 2501/248/240 2550/198/191 2551/200/192 2502/249/241
f 2502/249/241 2551/200/192 2552/101/94 2503/99/92
f 50/250/242 51/201/193 2455/202/194 2406/251/243
f 2406/251/243 2455/202/194 2456/203/195 2407/252/244
f 2407/252/244 2456/203/195 2457/204/196 2408/253/245
f 2408/253/245 2457/204/196 2458/205/197 2409/254/75
f 2409/254/75 2458/205/197 2459/206/198 2410/255/246
f 2410/255/246 2459/206/198 2460/207/199 2411/256/247
f 2411/256/247 2460/207/199 2461/208/200 2412/257/248
f 2412/257/248 2461/208/200 2462/209/201 2413/258/249
f 2413/258/249 2462/209/201 2463/210/202 2414/259/250
f 2414/259/250 2463/210/202 2464/211/203 2415/260/251
f 2415/260/251 2464/211/203 2465/212/204 2416/261/252
f 2416/261/252 2465/212/204 2466/213/205 2417/262/253
f 2417/262/253 2466/213/205 2467/214/206 2418/263/254
f 2418/263/254 2467/214/206 2468/215/207 2419/264/255
f 2419/264/255 2468/215/207 2469/216/208 2420/265/256
f 2420/265/256 2469/216/208 2470/217/209 2421/266/257
f 2421/266/257 2470/217/209 2471/218/210 2422/267/258
f 2422/267/258 2471/218/210 2472/219/211 2423/268/259
f 2423/268/259 2472/219/211 2473/220/212 2424/269/260
f 2424/269/260 2473/220/212 2474/221/213 2425/270/261
f 2425/270/261 2474/221/213 2475/222/214 2426/271/262
f 2426/271/262 2475/222/214 2476/223/215 2427/272/263
f 2427/272/263 2476/223/215 2477/224/216 2428/273/264
f 2428/273/264 2477/224/216 2478/225/217 2429/274/265
f 2429/274/265 2478/225/217 2479/226/218 2430/275/266
f 2430/275/266 2479/226/218 2480/227/219 2431/276/267
f 2431/276/267 2480/227/219 2481/228/220 2432/277/268
f 2432/277/268 2481/228/220 2482/229/221 2433/278/269
f 2433/278/269 2482/229/221 2483/230/222 2434/279/270
f 2434/279/270 2483/230/222 2484/231/223 2435/280/271
f 2435/280/271 2484/231/223 2485/232/224 2436/281/272
f 2436/281/272 2485/232/224 2486/233/225 2437/282/273
f 2437/282/273 2486/233/225 2487/234/226 2438/283/274
f 2438/283/274 2487/234/226 2488/235/227 2439/284/275
f 2439/284/275 2488/235/227 2489/236/228 2440/285/276
f 2440/285/276 2489/236/228 2490/237/229 2441/286/277
f 2441/286/277 2490/237/229 2491/238/230 2442/287/278
f 2442/287/278 2491/238/230 2492/239/231 2443/288/279
f 2443/288/279 2492/239/231 2493/240/232 2444/289/280
f 2444/289/280 2493/240/232 2494/241/233 2445/290/281
f 2445/290/281 2494/241/233 2495/242/234 2446/291/282
f 2446/291/282 2495/242/234 2496/243/235 2447/292/283
f 2447/292/283 2496/243/235 2497/244/236 2448/293/284
f 2448/293/284 2497/244/236 2498/245/237 2449/294/285
f 2449/294/285 2498/245/237 2499/246/238 2450/295/286
f 2450/295/286 2499/246/238 2500/247/239 2451/296/287
f 2451/296/287 2500/247/239 2501/248/240 2452/297/288
f 2452/297/288 2501/248/240 2502/249/241 2453/298/289
f 2453/298/289 2502/249/241 2503/99/92 2454/97/90
f 49/299/290 50/250/242 2406/251/243 2357/300/291
f 2357/300/291 2406/251/243 2407/252/244 2358/301/292
f 2358/301/292 2407/252/244 2408/253/245 2359/302/293
f 2359/302/293 2408/253/245 2409/254/75 2360/303/294
f 2360/303/294 2409/254/75 2410/255/246 2361/304/295
f 2361/304/295 2410/255/246 2411/256/247 2362/305/296
f 2362/305/296 2411/256/247 2412/257/248 2363/306/297
f 2363/306/297 2412/257/248 2413/258/249 2364/307/298
f 2364/307/298 2413/258/249 2414/259/250 2365/308/299
f 2365/308/299 2414/259/250 2415/260/251 2366/309/300
f 2366/309/300 2415/260/251 2416/261/252 2367/310/301
f 2367/310/301 2416/261/252 2417/262/253 2368/311/302
f 2368/311/302 2417/262/253 2418/263/254 2369/312/303
f 2369/312/303 2418/263/254 2419/264/255 2370/313/304
f 2370/313/304 2419/264/255 2420/265/256 2371/314/305
f 2371/314/305 2420/265/256 2421/266/257 2372/315/306
f 2372/315/306 2421/266/257 2422/267/258 2373/316/307
f 2373/316/307 2422/267/258 2423/268/259 2374/317/308
f 2374/317/308 2423/268/259 2424/269/260 2375/318/309
f 2375/318/309 2424/269/260 2425/270/261 2376/319/310
f 2376/319/310 2425/270/261 2426/271/262 2377/320/311
f 2377/320/311 2426/271/262 2427/272/263 2378/321/312
f 2378/321/312 2427/272/263 2428/273/264 2379/322/313
f 2379/322/313 2428/273/264 2429/274/265 2380/323/314
f 2380/323/314 2429/274/265 2430/275/266 2381/324/315
f 2381/324/315 2430/275/266 2431/276/267 2382/325/316
f 2382/325/316 2431/276/267 2432/277/268 2383/326/317
f 2383/326/317 2432/277/268 2433/278/269 2384/327/318
f 2384/327/318 2433/278/269 2434/279/270 2385/328/319
f 2385/328/319 2434/279/270 2435/280/271 2386/329/320
f 2386/329/320 2435/280/271 2436/281/272 2387/330/321
f 2387/330/321 2436/281/272 2437/282/273 2388/331/322
f 2388/331/322 2437/282/273 2438/283/274 2389/332/323
f 2389/332/323 2438/283/274 2439/284/275 2390/333/324
f 2390/333/324 2439/284/275 2440/285/276 2391/334/325
f 2391/334/325 2440/285/276 2441/286/277 2392/335/326
f 2392/335/326 2441/286/277 2442/287/278 2393/336/327
f 2393/336/327 2442/287/278 2443/288/279 2394/337/328
f 2394/337/328 2443/288/279 2444/289/280 2395/338/329
f 2395/338/329 2444/289/280 2445/290/281 2396/339/330
f 2396/339/330 2445/290/281 2446/291/282 2397/340/331
f 2397/340/331 2446/291/282 2447/292/283 2398/341/332
f 2398/341/332 2447/292/283 2448/293/284 2399/342/333
f 2399/342/333 2448/293/284 2449/294/285 2400/343/334
f 2400/343/334 2449/294/285 2450/295/286 2401/344/335
f 2401/344/335 2450/295/286 2451/296/287 2402/345/336
f 2402/345/336 2451/296/287 2452/297/288 2403/346/337
f 2403/346/337 2452/297/288 2453/298/289 2404/347/338
f 2404/347/338 2453/298/289 2454/97/90 2405/95/88
f 48/348/339 49/299/290 2357/300/291 2308/349/340
f 2308/349/340 2357/300/291 2358/301/292 2309/350/341
f 2309/350/341 2358/301/292 2359/302/293 2310/351/342
f 2310/351/342 2359/302/293 2360/303/294 2311/352/343
f 2311/352/343 2360/303/294 2361/304/295 2312/353/344
f 2312/353/344 2361/304/295 2362/305/296 2313/354/345
f 2313/354/345 2362/305/296 2363/306/297 2314/355/346
f 2314/355/346 2363/306/297 2364/307/298 2315/356/347
f 2315/356/347 2364/307/298 2365/308/299 2316/357/348
f 2316/357/348 2365/308/299 2366/309/300 2317/358/349
f 2317/358/349 2366/309/300 2367/310/301 2318/359/350
f 2318/359/350 2367/310/301 2368/311/302 2319/360/351
f 2319/360/351 2368/311/302 2369/312/303 2320/361/352
f 2320/361/352 2369/312/303 2370/313/304 2321/362/353
f 2321/362/353 2370/313/304 2371/314/305 2322/363/354
f 2322/363/354 2371/314/305 2372/315/306 2323/364/355
f 2323/364/355 2372/315/306 2373/316/307 2324/365/356
f 2324/365/356 2373/316/307 2374/317/308 2325/366/357
f 2325/366/357 2374/317/308 2375/318/309 2326/367/358
f 2326/367/358 2375/318/309 2376/319/310 2327/368/359
f 2327/368/359 2376/319/310 2377/320/311 2328/369/360
f 2328/369/360 2377/320/311 2378/321/312 2329/370/361
f 2329/370/361 2378/321/312 2379/322/313 2330/371/362
f 2330/371/362 2379/322/313 2380/323/314 2331/372/363
f 2331/372/363 2380/323/314 2381/324/315 2332/373/364
f 2332/373/364 2381/324/315 2382/325/316 2333/374/365
f 2333/374/365 2382/325/316 2383/326/317 2334/375/366
f 2334/375/366 2383/326/317 2384/327/318 2335/376/367
f 2335/376/367 2384/327/318 2385/328/319 2336/377/368
f 2336/377/368 2385/328/319 2386/329/320 2337/378/369
f 2337/378/369 2386/329/320 2387/330/321 2338/379/370
f 2338/379/370 2387/330/321 2388/331/322 2339/380/371
f 2339/380/371 2388/331/322 2389/332/323 2340/381/372
f 2340/381/372 2389/332/323 2390/333/324 2341/382/373
f 2341/382/373 2390/333/324 2391/334/325 2342/383/374
f 2342/383/374 2391/334/325 2392/335/326 2343/384/375
f 2343/384/375 2392/335/326 2393/336/327 2344/385/376
f 2344/385/376 2393/336/327 2394/337/328 2345/386/377
f 2345/386/377 2394/337/328 2395/338/329 2346/387/378
f 2346/387/378 2395/338/329 2396/339/330 2347/388/379
f 2347/388/379 2396/339/330 2397/340/331 2348/389/380
f 2348/389/380 2397/340/331 2398/341/332 2349/390/381
f 2349/390/381 2398/341/332 2399/342/333 2350/391/382
f 2350/391/382 2399/342/333 2400/343/334 2351/392/383
f 2351/392/383 2400/343/334 2401/344/335 2352/393/384
f 2352/393/384 2401/344/335 2402/345/336 2353/394/385
f 2353/394/385 2402/345/336 2403/346/337 2354/395/386
f 2354/395/386 2403/346/337 2404/347/338 2355/396/387
f 2355/396/387 2404/347/338 2405/95/88 2356/93/86
f 47/397/388 48/348/339 2308/349/340 2259/398/389
f 2259/398/389 2308/349/340 2309/350/341 2260/399/390
f 2260/399/390 2309/350/341 2310/351/342 2261/400/391
f 2261/400/391 2310/351/342 2311/352/343 2262/401/392
f 2262/401/392 2311/352/343 2312/353/344 2263/402/393
f 2263/402/393 2312/353/344 2313/354/345 2264/403/394
f 2264/403/394 2313/354/345 2314/355/346 2265/404/395
f 2265/404/395 2314/355/346 2315/356/347 2266/405/396
f 2266/405/396 2315/356/347 2316/357/348 2267/406/397
f 2267/406/397 2316/357/348 2317/358/349 2268/407/398
f 2268/407/398 2317/358/349 2318/359/350 2269/408/399
f 2269/408/399 2318/359/350 2319/360/351 2270/409/400
f 2270/409/400 2319/360/351 2320/361/352 2271/410/401
f 2271/410/401 2320/361/352 2321/362/353 2272/411/402
f 2272/411/402 2321/362/353 2322/363/354 2273/412/403
f 2273/412/403 2322/363/354 2323/364/355 2274/413/404
f 2274/413/404 2323/364/355 2324/365/356 2275/414/405
f 2275/414/405 2324/365/356 2325/366/357 2276/415/406
f 2276/415/406 2325/366/357 2326/367/358 2277/416/407
f 2277/416/407 2326/367/358 2327/368/359 2278/417/408
f 2278/417/408 2327/368/359 2328/369/360 2279/418/409
f 2279/418/409 2328/369/360 2329/370/361 2280/419/410
f 2280/419/410 2329/370/361 2330/371/362 2281/420/411
f 2281/420/411 2330/371/362 2331/372/363 2282/421/412
f 2282/421/412 2331/372/363 2332/373/364 2283/422/413
f 2283/422/413 2332/373/364 2333/374/365 2284/423/414
f 2284/423/414 2333/374/365 2334/375/366 2285/424/415
f 2285/424/415 2334/375/366 2335/376/367 2286/425/416
f 2286/425/416 2335/376/367 2336/377/368 2287/426/417
f 2287/426/417 2336/377/368 2337/378/369 2288/427/418
f 2288/427/418 2337/378/369 2338/379/370 2289/428/419
f 2289/428/419 2338/379/370 2339/380/371 2290/429/420
f 2290/429/420 2339/380/371 2340/381/372 2291/430/421
f 2291/430/421 2340/381/372 2341/382/373 2292/431/422
f 2292/431/422 2341/382/373 2342/383/374 2293/432/423
f 2293/432/423 2342/383/374 2343/384/375 2294/433/424
f 2294/433/424 2343/384/375 2344/385/376 2295/434/425
f 2295/434/425 2344/385/376 2345/386/377 2296/435/426
f 2296/435/426 2345/386/377 2346/387/378 2297/436/427
f 2297/436/427 2346/387/378 2347/388/379 2298/437/428
f 2298/437/428 2347/388/379 2348/389/380 2299/438/429
f 2299/438/429 2348/389/380 2349/390/381 2300/439/430
f 2300/439/430 2349/390/381 2350/391/382 2301/440/431
f 2301/440/431 2350/391/382 2351/392/383 2302/441/432
f 2302/441/432 2351/392/383 2352/393/384 2303/442/433
f 2303/442/433 2352/393/384 2353/394/385 2304/443/434
f 2304/443/434 2353/394/385 2354/395/386 2305/444/435
f 2305/444/435 2354/395/386 2355/396/387 2306/445/436
f 2306/445/436 2355/396/387 2356/93/86 2307/91/84
f 46/446/437 47/397/388 2259/398/389 2210/447/438
f 2210/447/438 2259/398/389 2260/399/390 2211/448/439
f 2211/448/439 2260/399/390 2261/400/391 2212/449/440
f 2212/449/440 2261/400/391 2262/401/392 2213/450/441
f 2213/450/441 2262/401/392 2263/402/393 2214/451/442
f 2214/451/442 2263/402/393 2264/403/394 2215/452/443
f 2215/452/443 2264/403/394 2265/404/395 2216/453/444
f 2216/453/444 2265/404/395 2266/405/396 2217/454/445
f 2217/454/445 2266/405/396 2267/406/397 2218/455/446
f 2218/455/446 2267/406/397 2268/407/398 2219/456/447
f 2219/456/447 2268/407/398 2269/408/399 2220/457/448
f 2220/457/448 2269/408/399 2270/409/400 2221/458/449
f 2221/458/449 2270/409/400 2271/410/401 2222/459/450
f 2222/459/450 2271/410/401 2272/411/402 2223/460/451
f 2223/460/451 2272/411/402 2273/412/403 2224/461/452
f 2224/461/452 2273/412/403 2274/413/404 2225/462/453
f 2225/462/453 2274/413/404 2275/414/405 2226/463/454
f 2226/463/454 2275/414/405 2276/415/406 2227/464/455
f 2227/464/455 2276/415/406 2277/416/407 2228/465/456
f 2228/465/456 2277/416/407 2278/417/408 2229/466/457
f 2229/466/457 2278/417/408 2279/418/409 2230/467/458
f 2230/467/458 2279/418/409 2280/419/410 2231/468/459
f 2231/468/459 2280/419/410 2281/420/411 2232/469/460
f 2232/469/460 2281/420/411 2282/421/412 2233/470/461
f 2233/470/461 2282/421/412 2283/422/413 2234/471/462
f 2234/471/462 2283/422/413 2284/423/414 2235/472/463
f 2235/472/463 2284/423/414 2285/424/415 2236/473/464
f 2236/473/464 2285/424/415 2286/425/416 2237/474/465
f 2237/474/465 2286/425/416 2287/426/417 2238/475/466
f 2238/475/466 2287/426/417 2288/427/418 2239/476/467
f 2239/476/467 2288/427/418 2289/428/419 2240/477/468
f 2240/477/468 2289/428/419 2290/429/420 2241/478/469
f 2241/478/469 2290/429/420 2291/430/421 2242/479/470
f 2242/479/470 2291/430/421 2292/431/422 2243/480/471
f 2243/480/471 2292/431/422 2293/432/423 2244/481/472
f 2244/481/472 2293/432/423 2294/433/424 2245/482/473
f 2245/482/473 2294/433/424 2295/434/425 2246/483/474
f 2246/483/474 2295/434/425 2296/435/426 2247/484/475
f 2247/484/475 2296/435/426 2297/436/427 2248/485/476
f 2248/485/476 2297/436/427 2298/437/428 2249/486/477
f 2249/486/477 2298/437/428 2299/438/429 2250/487/478
f 2250/487/478 2299/438/429 2300/439/430 2251/488/479
f 2251/488/479 2300/439/430 2301/440/431 2252/489/480
f 2252/489/480 2301/440/431 2302/441/432 2253/490/481
f 2253/490/481 2302/441/432 2303/442/433 2254/491/482
f 2254/491/482 2303/442/433 2304/443/434 2255/492/483
f 2255/492/483 2304/443/434 2305/444/435 2256/493/484
f 2256/493/484 2305/444/435 2306/445/436 2257/494/485
f 2257/494/485 2306/445/436 2307/91/84 2258/89/82
f 45/495/486 46/446/437 2210/447/438 2161/496/487
f 2161/496/487 2210/447/438 2211/448/439 2162/497/488
f 2162/497/488 2211/448/439 2212/449/440 2163/498/489
f 2163/498/489 2212/449/440 2213/450/441 2164/499/490
f 2164/499/490 2213/450/441 2214/451/442 2165/500/491
f 2165/500/491 2214/451/442 2215/452/443 2166/501/492
f 2166/501/492 2215/452/443 2216/453/444 2167/502/493
f 2167/502/493 2216/453/444 2217/454/445 2168/503/494
f 2168/503/494 2217/454/445 2218/455/446 2169/504/495
f 2169/504/495 2218/455/446 2219/456/447 2170/505/496
f 2170/505/496 2219/456/447 2220/457/448 2171/506/497
f 2171/506/497 2220/457/448 2221/458/449 2172/507/498
f 2172/507/498 2221/458/449 2222/459/450 2173/508/499
f 2173/508/499 2222/459/450 2223/460/451 2174/509/500
f 2174/509/500 2223/460/451 2224/461/452 2175/510/501
f 2175/510/501 2224/461/452 2225/462/453 2176/511/502
f 2176/511/502 2225/462/453 2226/463/454 2177/512/503
f 2177/512/503 2226/463/454 2227/464/455 2178/513/504
f 2178/513/504 2227/464/455 2228/465/456 2179/514/505
f 2179/514/505 2228/465/456 2229/466/457 2180/515/506
f 2180/515/506 2229/466/457 2230/467/458 2181/516/507
f 2181/516/507 2230/467/458 2231/468/459 2182/517/508
f 2182/517/508 2231/468/459 2232/469/460 2183/518/509
f 2183/518/509 2232/469/460 2233/470/461 2184/519/510
f 2184/519/510 2233/470/461 2234/471/462 2185/520/511
f 2185/520/511 2234/471/462 2235/472/463 2186/521/512
f 2186/521/512 2235/472/463 2236/473/464 2187/522/513
f 2187/522/513 2236/473/464 2237/474/465 2188/523/514
f 2188/523/514 2237/474/465 2238/475/466 2189/524/515
f 2189/524/515 2238/475/466 2239/476/467 2190/525/516
f 2190/525/516 2239/476/467 2240/477/468 2191/526/517
f 2191/526/517 2240/477/468 2241/478/469 2192/527/518
f 2192/527/518 2241/478/469 2242/479/470 2193/528/519
f 2193/528/519 2242/479/470 2243/480/471 2194/529/520
f 2194/529/520 2243/480/471 2244/481/472 2195/530/521
f 2195/530/521 2244/481/472 2245/482/473 2196/531/522
f 2196/531/522 2245/482/473 2246/483/474 2197/532/523
f 2197/532/523 2246/483/474 2247/484/475 2198/533/524
f 2198/533/524 2247/484/475 2248/485/476 2199/534/525
f 2199/534/525 2248/485/476 2249/486/477 2200/535/526
f 2200/535/526 2249/486/477 2250/487/478 2201/536/527
f 2201/536/527 2250/487/478 2251/488/479 2202/537/528
f 2202/537/528 2251/488/479 2252/489/480 2203/538/529
f 2203/538/529 2252/489/480 2253/490/481 2204/539/530
f 2204/539/530 2253/490/481 2254/491/482 2205/540/531
f 2205/540/531 2254/491/482 2255/492/483 2206/541/532
f 2206/541/532 2255/492/483 2256/493/484 2207/542/533
f 2207/542/533 2256/493/484 2257/494/485 2208/543/534
f 2208/543/534 2257/494/485 2258/89/82 2209/87/81
f 44/544/535 45/495/486 2161/496/487 2112/545/536
f 2112/545/536 2161/496/487 2162/497/488 2113/546/537
f 2113/546/537 2162/497/488 2163/498/489 2114/547/538
f 2114/547/538 2163/498/489 2164/499/490 2115/548/539
f 2115/548/539 2164/499/490 2165/500/491 2116/549/540
f 2116/549/540 2165/500/491 2166/501/492 2117/550/541
f 2117/550/541 2166/501/492 2167/502/493 2118/551/542
f 2118/551/542 2167/502/493 2168/503/494 2119/552/543
f 2119/552/543 2168/503/494 2169/504/495 2120/553/544
f 2120/553/544 2169/504/495 2170/505/496 2121/554/545
f 2121/554/545 2170/505/496 2171/506/497 2122/555/546
f 2122/555/546 2171/506/497 2172/507/498 2123/556/547
f 2123/556/547 2172/507/498 2173/508/499 2124/557/548
f 2124/557/548 2173/508/499 2174/509/500 2125/558/549
f 2125/558/549 2174/509/500 2175/510/501 2126/559/550
f 2126/559/550 2175/510/501 2176/511/502 2127/560/551
f 2127/560/551 2176/511/502 2177/512/503 2128/561/552
f 2128/561/552 2177/512/503 2178/513/504 2129/562/553
f 2129/562/553 2178/513/504 2179/514/505 2130/563/554
f 2130/563/554 2179/514/505 2180/515/506 2131/564/555
f 2131/564/555 2180/515/506 2181/516/507 2132/565/556
f 2132/565/556 2181/516/507 2182/517/508 2133/566/557
f 2133/566/557 2182/517/508 2183/518/509 2134/567/558
f 2134/567/558 2183/518/509 2184/519/510 2135/568/559
f 2135/568/559 2184/519/510 2185/520/511 2136/569/560
f 2136/569/560 2185/520/511 2186/521/512 2137/570/561
f 2137/570/561 2186/521/512 2187/522/513 2138/571/562
f 2138/571/562 2187/522/513 2188/523/514 2139/572/563
f 2139/572/563 2188/523/514 2189/524/515 2140/573/564
f 2140/573/564 2189/524/515 2190/525/516 2141/574/565
f 2141/574/565 2190/525/516 2191/526/517 2142/575/566
f 2142/575/566 2191/526/517 2192/527/518 2143/576/567
f 2143/576/567 2192/527/518 2193/528/519 2144/577/568
f 2144/577/568 2193/528/519 2194/529/520 2145/578/569
f 2145/578/569 2194/529/520 2195/530/521 2146/579/570
f 2146/579/570 2195/530/521 2196/531/522 2147/580/571
f 2147/580/571 2196/531/522 2197/532/523 2148/581/572
f 2148/581/572 2197/532/523 2198/533/524 2149/582/573
f 2149/582/573 2198/533/524 2199/534/525 2150/583/574
f 2150/583/574 2199/534/525 2200/535/526 2151/584/575
f 2151/584/575 2200/535/526 2201/536/527 2152/585/576
f 2152/585/576 2201/536/527 2202/537/528 2153/586/577
f 2153/586/577 2202/537/528 2203/538/529 2154/587/578
f 2154/587/578 2203/538/529 2204/539/530 2155/588/579
f 2155/588/579 2204/539/530 2205/540/531 2156/589/580
f 2156/589/580 2205/540/531 2206/541/532 2157/590/581
f 2157/590/581 2206/541/532 2207/542/533 2158/591/582
f 2158/591/582 2207/542/533 2208/543/534 2159/592/583
f 2159/592/583 2208/543/534 2209/87/81 2160/85/80
f 43/593/584 44/544/535 2112/545/536 2063/594/585
f 2063/594/585 2112/545/536 2113/546/537 2064/595/586
f 2064/595/586 2113/546/537 2114/547/538 2065/596/587
f 2065/596/587 2114/547/538 2115/548/539 2066/597/588
f 2066/597/588 2115/548/539 2116/549/540 2067/598/589
f 2067/598/589 2116/549/540 2117/550/541 2068/599/590
f 2068/599/590 2117/550/541 2118/551/542 2069/600/591
f 2069/600/591 2118/551/542 2119/552/543 2070/601/592
f 2070/601/592 2119/552/543 2120/553/544 2071/602/593
f 2071/602/593 2120/553/544 2121/554/545 2072/603/594
f 2072/603/594 2121/554/545 2122/555/546 2073/604/595
f 2073/604/595 2122/555/546 2123/556/547 2074/605/596
f 2074/605/596 2123/556/547 2124/557/548 2075/606/597
f 2075/606/597 2124/557/548 2125/558/549 2076/607/598
f 2076/607/598 2125/558/549 2126/559/550 2077/608/599
f 2077/608/599 2126/559/550 2127/560/551 2078/609/600
f 2078/609/600 2127/560/551 2128/561/552 2079/610/601
f 2079/610/601 2128/561/552 2129/562/553 2080/611/602
f 2080/611/602 2129/562/553 2130/563/554 2081/612/603
f 2081/612/603 2130/563/554 2131/564/555 2082/613/604
f 2082/613/604 2131/564/555 2132/565/556 2083/614/605
f 2083/614/605 2132/565/556 2133/566/557 2084/615/606
f 2084/615/606 2133/566/557 2134/567/558 2085/616/607
f 2085/616/607 2134/567/558 2135/568/559 2086/617/608
f 2086/617/608 2135/568/559 2136/569/560 2087/618/609
f 2087/618/609 2136/569/560 2137/570/561 2088/619/610
f 2088/619/610 2137/570/561 2138/571/562 2089/620/611
f 2089/620/611 2138/571/562 2139/572/563 2090/621/612
f 2090/621/612 2139/572/563 2140/573/564 2091/622/613
f 2091/622/613 2140/573/564 2141/574/565 2092/623/614
f 2092/623/614 2141/574/565 2142/575/566 2093/624/615
f 2093/624/615 2142/575/566 2143/576/567 2094/625/616
f 2094/625/616 2143/576/567 2144/577/568 2095/626/617
f 2095/626/617 2144/577/568 2145/578/569 2096/627/618
f 2096/627/618 2145/578/569 2146/579/570 2097/628/619
f 2097/628/619 2146/579/570 2147/580/571 2098/629/620
f 2098/629/620 2147/580/571 2148/581/572 2099/630/621
f 2099/630/621 2148/581/572 2149/582/573 2100/631/622
f 2100/631/622 2149/582/573 2150/583/574 2101/632/623
f 2101/632/623 2150/583/574 2151/584/575 2102/633/624
f 2102/633/624 2151/584/575 2152/585/576 2103/634/625
f 2103/634/625 2152/585/576 2153/586/577 2104/635/626
f 2104/635/626 2153/586/577 2154/587/578 2105/636/627
f 2105/636/627 2154/587/578 2155/588/579 2106/637/628
f 2106/637/628 2155/588/579 2156/589/580 2107/638/629
f 2107/638/629 2156/589/580 2157/590/581 2108/639/630
f 2108/639/630 2157/590/581 2158/591/582 2109/640/631
f 2109/640/631 2158/591/582 2159/592/583 2110/641/632
f 2110/641/632 2159/592/583 2160/85/80 2111/83/79
f 42/642/633 43/593/584 2063/594/585 2014/643/634
f 2014/643/634 2063/594/585 2064/595/586 2015/644/635
f 2015/644/635 2064/595/586 2065/596/587 2016/645/636
f 2016/645/636 2065/596/587 2066/597/588 2017/646/637
f 2017/646/637 2066/597/588 2067/598/589 2018/647/638
f 2018/647/638 2067/598/589 2068/599/590 2019/648/639
f 2019/648/639 2068/599/590 2069/600/591 2020/649/640
f 2020/649/640 2069/600/591 2070/601/592 2021/650/641
f 2021/650/641 2070/601/592 2071/602/593 2022/651/642
f 2022/651/642 2071/602/593 2072/603/594 2023/652/643
f 2023/652/643 2072/603/594 2073/604/595 2024/653/644
f 2024/653/644 2073/604/595 2074/605/596 2025/654/645
f 2025/654/645 2074/605/596 2075/606/597 2026/655/646
f 2026/655/646 2075/606/597 2076/607/598 2027/656/647
f 2027/656/647 2076/607/598 2077/608/599 2028/657/648
f 2028/657/648 2077/608/599 2078/609/600 2029/658/649
f 2029/658/649 2078/609/600 2079/610/601 2030/659/650
f 2030/659/650 2079/610/601 2080/611/602 2031/660/651
f 2031/660/651 2080/611/602 2081/612/603 2032/661/652
f 2032/661/652 2081/612/603 2082/613/604 2033/662/653
f 2033/662/653 2082/613/604 2083/614/605 2034/663/654
f 2034/663/654 2083/614/605 2084/615/606 2035/664/655
f 2035/664/655 2084/615/606 2085/616/607 2036/665/656
f 2036/665/656 2085/616/607 2086/617/608 2037/666/657
f 2037/666/657 2086/617/608 2087/618/609 2038/667/658
f 2038/667/658 2087/618/609 2088/619/610 2039/668/659
f 2039/668/659 2088/619/610 2089/620/611 2040/669/660
f 2040/669/660 2089/620/611 2090/621/612 2041/670/661
f 2041/670/661 2090/621/612 2091/622/613 2042/671/662
f 2042/671/662 2091/622/613 2092/623/614 2043/672/663
f 2043/672/663 2092/623/614 2093/624/615 2044/673/664
f 2044/673/664 2093/624/615 2094/625/616 2045/674/665
f 2045/674/665 2094/625/616 2095/626/617 2046/675/666
f 2046/675/666 2095/626/617 2096/627/618 2047/676/667
f 2047/676/667 2096/627/618 2097/628/619 2048/677/668
f 2048/677/668 2097/628/619 2098/629/620 2049/678/669
f 2049/678/669 2098/629/620 2099/630/621 2050/679/670
f 2050/679/670 2099/630/621 2100/631/622 2051/680/671
f 2051/680/671 2100/631/622 2101/632/623 2052/681/672
f 2052/681/672 2101/632/623 2102/633/624 2053/682/673
f 2053/682/673 2102/633/624 2103/634/625 2054/683/674
f 2054/683/674 2103/634/625 2104/635/626 2055/684/675
f 2055/684/675 2104/635/626 2105/636/627 2056/685/676
f 2056/685/676 2105/636/627 2106/637/628 2057/686/677
f 2057/686/677 2106/637/628 2107/638/629 2058/687/678
f 2058/687/678 2107/638/629 2108/639/630 2059/688/679
f 2059/688/679 2108/639/630 2109/640/631 2060/689/680
f 2060/689/680 2109/640/631 2110/641/632 2061/690/681
f 2061/690/681 2110/641/632 2111/83/79 2062/81/78
f 41/691/682 42/642/633 2014/643/634 1965/692/683
f 1965/692/683 2014/643/634 2015/644/635 1966/693/684
f 1966/693/684 2015/644/635 2016/645/636 1967/694/685
f 1967/694/685 2016/645/636 2017/646/637 1968/695/686
f 1968/695/686 2017/646/637 2018/647/638 1969/696/687
f 1969/696/687 2018/647/638 2019/648/639 1970/697/688
f 1970/697/688 2019/648/639 2020/649/640 1971/698/689
f 1971/698/689 2020/649/640 2021/650/641 1972/699/690
f 1972/699/690 2021/650/641 2022/651/642 1973/700/691
f 1973/700/691 2022/651/642 2023/652/643 1974/701/692
f 1974/701/692 2023/652/643 2024/653/644 1975/702/693
f 1975/702/693 2024/653/644 2025/654/645 1976/703/694
f 1976/703/694 2025/654/645 2026/655/646 1977/704/695
f 1977/704/695 2026/655/646 2027/656/647 1978/705/696
f 1978/705/696 2027/656/647 2028/657/648 1979/706/697
f 1979/706/697 2028/657/648 2029/658/649 1980/707/698
f 1980/707/698 2029/658/649 2030/659/650 1981/708/699
f 1981/708/699 2030/659/650 2031/660/651 1982/709/700
f 1982/709/700 2031/660/651 2032/661/652 1983/710/701
f 1983/710/701 2032/661/652 2033/662/653 1984/711/702
f 1984/711/702 2033/662/653 2034/663/654 1985/712/703
f 1985/712/703 2034/663/654 2035/664/655 1986/713/704
f 1986/713/704 2035/664/655 2036/665/656 1987/714/705
f 1987/714/705 2036/665/656 2037/666/657 1988/715/706
f 1988/715/706 2037/666/657 2038/667/658 1989/716/707
f 1989/716/707 2038/667/658 2039/668/659 1990/717/708
f 1990/717/708 2039/668/659 2040/669/660 1991/718/709
f 1991/718/709 2040/669/660 2041/670/661 1992/719/710
f 1992/719/710 2041/670/661 2042/671/662 1993/720/711
f 1993/720/711 2042/671/662 2043/672/663 1994/721/712
f 1994/721/712 2043/672/663 2044/673/664 1995/722/713
f 1995/722/713 2044/673/664 2045/674/665 1996/723/714
f 1996/723/714 2045/674/665 2046/675/666 1997/724/715
f 1997/724/715 2046/675/666 2047/676/667 1998/725/716
f 1998/725/716 2047/676/667 2048/677/668 1999/726/717
f 1999/726/717 2048/677/668 2049/678/669 2000/727/718
f 2000/727/718 2049/678/669 2050/679/670 2001/728/719
f 2001/728/719 2050/679/670 2051/680/671 2002/729/720
f 2002/729/720 2051/680/671 2052/681/672 2003/730/721
f 2003/730/721 2052/681/672 2053/682/673 2004/731/722
f 2004/731/722 2053/682/673 2054/683/674 2005/732/723
f 2005/732/723 2054/683/674 2055/684/675 2006/733/724
f 2006/733/724 2055/684/675 2056/685/676 2007/734/725
f 2007/734/725 2056/685/676 2057/686/677 2008/735/726
f 2008/735/726 2057/686/677 2058/687/678 2009/736/727
f 2009/736/727 2058/687/678 2059/688/679 2010/737/728
f 2010/737/728 2059/688/679 2060/689/680 2011/738/729
f 2011/738/729 2060/689/680 2061/690/681 2012/739/730
f 2012/739/730 2061/690/681 2062/81/78 2013/79/77
f 40/740/731 41/691/682 1965/692/683 1916/741/732
f 1916/741/732 1965/692/683 1966/693/684 1917/742/733
f 1917/742/733 1966/693/684 1967/694/685 1918/743/734
f 1918/743/734 1967/694/685 1968/695/686 1919/744/735
f 1919/744/735 1968/695/686 1969/696/687 1920/745/736
f 1920/745/736 1969/696/687 1970/697/688 1921/746/737
f 1921/746/737 1970/697/688 1971/698/689 1922/747/738
f 1922/747/738 1971/698/689 1972/699/690 1923/748/739
f 1923/748/739 1972/699/690 1973/700/691 1924/749/740
f 1924/749/740 1973/700/691 1974/701/692 1925/750/741
f 1925/750/741 1974/701/692 1975/702/693 1926/751/742
f 1926/751/742 1975/702/693 1976/703/694 1927/752/743
f 1927/752/743 1976/703/694 1977/704/695 1928/753/744
f 1928/753/744 1977/704/695 1978/705/696 1929/754/745
f 1929/754/745 1978/705/696 1979/706/697 1930/755/746
f 1930/755/746 1979/706/697 1980/707/698 1931/756/747
f 1931/756/747 1980/707/698 1981/708/699 1932/757/748
f 1932/757/748 1981/708/699 1982/709/700 1933/758/749
f 1933/758/749 1982/709/700 1983/710/701 1934/759/750
f 1934/759/750 1983/710/701 1984/711/702 1935/760/751
f 1935/760/751 1984/711/702 1985/712/703 1936/761/752
f 1936/761/752 1985/712/703 1986/713/704 1937/762/753
f 1937/762/753 1986/713/704 1987/714/705 1938/763/754
f 1938/763/754 1987/714/705 1988/715/706 1939/764/755
f 1939/764/755 1988/715/706 1989/716/707 1940/765/756
f 1940/765/756 1989/716/707 1990/717/708 1941/766/757
f 1941/766/757 1990/717/708 1991/718/709 1942/767/758
f 1942/767/758 1991/718/709 1992/719/710 1943/768/759
f 1943/768/759 1992/719/710 1993/720/711 1944/769/760
f 1944/769/760 1993/720/711 1994/721/712 1945/770/761
f 1945/770/761 1994/721/712 1995/722/713 1946/771/762
f 1946/771/762 1995/722/713 1996/723/714 1947/772/763
f 1947/772/763 1996/723/714 1997/724/715 1948/773/764
f 1948/773/764 1997/724/715 1998/725/716 1949/774/765
f 1949/774/765 1998/725/716 1999/726/717 1950/775/766
f 1950/775/766 1999/726/717 2000/727/718 1951/776/767
f 1951/776/767 2000/727/718 2001/728/719 1952/777/768
f 1952/777/768 2001/728/719 2002/729/720 1953/778/769
f 1953/778/769 2002/729/720 2003/730/721 1954/779/770
f 1954/779/770 2003/730/721 2004/731/722 1955/780/771
f 1955/780/771 2004/731/722 2005/732/723 1956/781/772
f 1956/781/772 2005/732/723 2006/733/724 1957/782/773
f 1957/782/773 2006/733/724 2007/734/725 1958/783/774
f 1958/783/774 2007/734/725 2008/735/726 1959/784/775
f 1959/784/775 2008/735/726 2009/736/727 1960/785/776
f 1960/785/776 2009/736/727 2010/737/728 1961/786/777
f 1961/786/777 2010/737/728 2011/738/729 1962/787/778
f 1962/787/778 2011/738/729 2012/739/730 1963/788/779
f 1963/788/779 2012/739/730 2013/79/77 1964/77/76
f 39/789/780 40/740/731 1916/741/732 1867/790/781
f 1867/790/781 1916/741/732 1917/742/733 1868/791/782
f 1868/791/782 1917/742/733 1918/743/734 1869/792/783
f 1869/792/783 1918/743/734 1919/744/735 1870/793/784
f 1870/793/784 1919/744/735 1920/745/736 1871/794/785
f 1871/794/785 1920/745/736 1921/746/737 1872/795/786
f 1872/795/786 1921/746/737 1922/747/738 1873/796/787
f 1873/796/787 1922/747/738 1923/748/739 1874/797/788
f 1874/797/788 1923/748/739 1924/749/740 1875/798/789
f 1875/798/789 1924/749/740 1925/750/741 1876/799/790
f 1876/799/790 1925/750/741 1926/751/742 1877/800/791
f 1877/800/791 1926/751/742 1927/752/743 1878/801/792
f 1878/801/792 1927/752/743 1928/753/744 1879/802/793
f 1879/802/793 1928/753/744 1929/754/745 1880/803/794
f 1880/803/794 1929/754/745 1930/755/746 1881/804/795
f 1881/804/795 1930/755/746 1931/756/747 1882/805/796
f 1882/805/796 1931/756/747 1932/757/748 1883/806/797
f 1883/806/797 1932/757/748 1933/758/749 1884/807/798
f 1884/807/798 1933/758/749 1934/759/750 1885/808/799
f 1885/808/799 1934/759/750 1935/760/751 1886/809/800
f 1886/809/800 1935/760/751 1936/761/752 1887/810/801
f 1887/810/801 1936/761/752 1937/762/753 1888/811/802
f 1888/811/802 1937/762/753 1938/763/754 1889/812/803
f 1889/812/803 1938/763/754 1939/764/755 1890/813/804
f 1890/813/804 1939/764/755 1940/765/756 1891/814/805
f 1891/814/805 1940/765/756 1941/766/757 1892/815/806
f 1892/815/806 1941/766/757 1942/767/758 1893/816/807
f 1893/816/807 1942/767/758 1943/768/759 1894/817/808
f 1894/817/808 1943/768/759 1944/769/760 1895/818/809
f 1895/818/809 1944/769/760 1945/770/761 1896/819/810
f 1896/819/810 1945/770/761 1946/771/762 1897/820/811
f 1897/820/811 1946/771/762 1947/772/763 1898/821/812
f 1898/821/812 1947/772/763 1948/773/764 1899/822/813
f 1899/822/813 1948/773/764 1949/774/765 1900/823/814
f 1900/823/814 1949/774/765 1950/775/766 1901/824/815
f 1901/824/815 1950/775/766 1951/776/767 1902/825/816
f 1902/825/816 1951/776/767 1952/777/768 1903/826/817
f 1903/826/817 1952/777/768 1953/778/769 1904/827/818
f 1904/827/818 1953/778/769 1954/779/770 1905/828/819
f 1905/828/819 1954/779/770 1955/780/771 1906/829/820
f 1906/829/820 1955/780/771 1956/781/772 1907/830/821
f 1907/830/821 1956/781/772 1957/782/773 1908/831/822
f 1908/831/822 1957/782/773 1958/783/774 1909/832/823
f 1909/832/823 1958/783/774 1959/784/775 1910/833/824
f 1910/833/824 1959/784/775 1960/785/776 1911/834/825
f 1911/834/825 1960/785/776 1961/786/777 1912/835/826
f 1912/835/826 1961/786/777 1962/787/778 1913/836/827
f 1913/836/827 1962/787/778 1963/788/779 1914/837/828
f 1914/837/828 1963/788/779 1964/77/76 1915/75/75
f 38/838/829 39/789/780 1867/790/781 1818/839/830
f 1818/839/830 1867/790/781 1868/791/782 1819/840/831
f 1819/840/831 1868/791/782 1869/792/783 1820/841/832
f 1820/841/832 1869/792/783 1870/793/784 1821/842/833
f 1821/842/833 1870/793/784 1871/794/785 1822/843/834
f 1822/843/834 1871/794/785 1872/795/786 1823/844/835
f 1823/844/835 1872/795/786 1873/796/787 1824/845/836
f 1824/845/836 1873/796/787 1874/797/788 1825/846/837
f 1825/846/837 1874/797/788 1875/798/789 1826/847/838
f 1826/847/838 1875/798/789 1876/799/790 1827/848/839
f 1827/848/839 1876/799/790 1877/800/791 1828/849/840
f 1828/849/840 1877/800/791 1878/801/792 1829/850/841
f 1829/850/841 1878/801/792 1879/802/793 1830/851/842
f 1830/851/842 1879/802/793 1880/803/794 1831/852/843
f 1831/852/843 1880/803/794 1881/804/795 1832/853/844
f 1832/853/844 1881/804/795 1882/805/796 1833/854/845
f 1833/854/845 1882/805/796 1883/806/797 1834/855/846
f 1834/855/846 1883/806/797 1884/807/798 1835/856/847
f 1835/856/847 1884/807/798 1885/808/799 1836/857/848
f 1836/857/848 1885/808/799 1886/809/800 1837/858/849
f 1837/858/849 1886/809/800 1887/810/801 1838/859/850
f 1838/859/850 1887/810/801 1888/811/802 1839/860/851
f 1839/860/851 1888/811/802 1889/812/803 1840/861/852
f 1840/861/852 1889/812/803 1890/813/804 1841/862/853
f 1841/862/853 1890/813/804 1891/814/805 1842/863/854
f 1842/863/854 1891/814/805 1892/815/806 1843/864/855
f 1843/864/855 1892/815/806 1893/816/807 1844/865/856
f 1844/865/856 1893/816/807 1894/817/808 1845/866/857
f 1845/866/857 1894/817/808 1895/818/809 1846/867/858
f 1846/867/858 1895/818/809 1896/819/810 1847/868/859
f 1847/868/859 1896/819/810 1897/820/811 1848/869/860
f 1848/869/860 1897/820/811 1898/821/812 1849/870/861
f 1849/870/861 1898/821/812 1899/822/813 1850/871/862
f 1850/871/862 1899/822/813 1900/823/814 1851/872/863
f 1851/872/863 1900/823/814 1901/824/815 1852/873/864
f 1852/873/864 1901/824/815 1902/825/816 1853/874/865
f 1853/874/865 1902/825/816 1903/826/817 1854/875/866
f 1854/875/866 1903/826/817 1904/827/818 1855/876/867
f 1855/876/867 1904/827/818 1905/828/819 1856/877/868
f 1856/877/868 1905/828/819 1906/829/820 1857/878/869
f 1857/878/869 1906/829/820 1907/830/821 1858/879/870
f 1858/879/870 1907/830/821 1908/831/822 1859/880/871
f 1859/880/871 1908/831/822 1909/832/823 1860/881/872
f 1860/881/872 1909/832/823 1910/833/824 1861/882/873
f 1861/882/873 1910/833/824 1911/834/825 1862/883/874
f 1862/883/874 1911/834/825 1912/835/826 1863/884/875
f 1863/884/875 1912/835/826 1913/836/827 1864/885/876
f 1864/885/876 1913/836/827 1914/837/828 1865/886/877
f 1865/886/877 1914/837/828 1915/75/75 1866/73/73
f 37/887/878 38/838/829 1818/839/830 1769/888/879
f 1769/888/879 1818/839/830 1819/840/831 1770/889/880
f 1770/889/880 1819/840/831 1820/841/832 1771/890/881
f 1771/890/881 1820/841/832 1821/842/833 1772/891/882
f 1772/891/882 1821/842/833 1822/843/834 1773/892/883
f 1773/892/883 1822/843/834 1823/844/835 1774/893/884
f 1774/893/884 1823/844/835 1824/845/836 1775/894/885
f 1775/894/885 1824/845/836 1825/846/837 1776/895/886
f 1776/895/886 1825/846/837 1826/847/838 1777/896/887
f 1777/896/887 1826/847/838 1827/848/839 1778/897/888
f 1778/897/888 1827/848/839 1828/849/840 1779/898/889
f 1779/898/889 1828/849/840 1829/850/841 1780/899/890
f 1780/899/890 1829/850/841 1830/851/842 1781/900/891
f 1781/900/891 1830/851/842 1831/852/843 1782/901/892
f 1782/901/892 1831/852/843 1832/853/844 1783/902/893
f 1783/902/893 1832/853/844 1833/854/845 1784/903/894
f 1784/903/894 1833/854/845 1834/855/846 1785/904/895
f 1785/904/895 1834/855/846 1835/856/847 1786/905/896
f 1786/905/896 1835/856/847 1836/857/848 1787/906/897
f 1787/906/897 1836/857/848 1837/858/849 1788/907/898
f 1788/907/898 1837/858/849 1838/859/850 1789/908/899
f 1789/908/899 1838/859/850 1839/860/851 1790/909/900
f 1790/909/900 1839/860/851 1840/861/852 1791/910/901
f 1791/910/901 1840/861/852 1841/862/853 1792/911/902
f 1792/911/902 1841/862/853 1842/863/854 1793/912/903
f 1793/912/903 1842/863/854 1843/864/855 1794/913/904
f 1794/913/904 1843/864/855 1844/865/856 1795/914/905
f 1795/914/905 1844/865/856 1845/866/857 1796/915/906
f 1796/915/906 1845/866/857 1846/867/858 1797/916/907
f 1797/916/907 1846/867/858 1847/868/859 1798/917/908
f 1798/917/908 1847/868/859 1848/869/860 1799/918/909
f 1799/918/909 1848/869/860 1849/870/861 1800/919/910
f 1800/919/910 1849/870/861 1850/871/862 1801/920/911
f 1801/920/911 1850/871/862 1851/872/863 1802/921/912
f 1802/921/912 1851/872/863 1852/873/864 1803/922/913
f 1803/922/913 1852/873/864 1853/874/865 1804/923/914
f 1804/923/914 1853/874/865 1854/875/866 1805/924/915
f 1805/924/915 1854/875/866 1855/876/867 1806/925/916
f 1806/925/916 1855/876/867 1856/877/868 1807/926/917
f 1807/926/917 1856/877/868 1857/878/869 1808/927/918
f 1808/927/918 1857/878/869 1858/879/870 1809/928/919
f 1809/928/919 1858/879/870 1859/880/871 1810/929/920
f 1810/929/920 1859/880/871 1860/881/872 1811/930/921
f 1811/930/921 1860/881/872 1861/882/873 1812/931/922
f 1812/931/922 1861/882/873 1862/883/874 1813/932/923
f 1813/932/923 1862/883/874 1863/884/875 1814/933/924
f 1814/933/924 1863/884/875 1864/885/876 1815/934/925
f 1815/934/925 1864/885/876 1865/886/877 1816/935/926
f 1816/935/926 1865/886/877 1866/73/73 1817/71/71
f 36/936/927 37/887/878 1769/888/879 1720/937/928
f 1720/937/928 1769/888/879 1770/889/880 1721/938/929
f 1721/938/929 1770/889/880 1771/890/881 1722/939/930
f 1722/939/930 1771/890/881 1772/891/882 1723/940/931
f 1723/940/931 1772/891/882 1773/892/883 1724/941/932
f 1724/941/932 1773/892/883 1774/893/884 1725/942/933
f 1725/942/933 1774/893/884 1775/894/885 1726/943/934
f 1726/943/934 1775/894/885 1776/895/886 1727/944/935
f 1727/944/935 1776/895/886 1777/896/887 1728/945/936
f 1728/945/936 1777/896/887 1778/897/888 1729/946/937
f 1729/946/937 1778/897/888 1779/898/889 1730/947/938
f 1730/947/938 1779/898/889 1780/899/890 1731/948/939
f 1731/948/939 1780/899/890 1781/900/891 1732/949/940
f 1732/949/940 1781/900/891 1782/901/892 1733/950/941
f 1733/950/941 1782/901/892 1783/902/893 1734/951/942
f 1734/951/942 1783/902/893 1784/903/894 1735/952/943
f 1735/952/943 1784/903/894 1785/904/895 1736/953/944
f 1736/953/944 1785/904/895 1786/905/896 1737/954/945
f 1737/954/945 1786/905/896 1787/906/897 1738/955/946
f 1738/955/946 1787/906/897 1788/907/898 1739/956/947
f 1739/956/947 1788/907/898 1789/908/899 1740/957/948
f 1740/957/948 1789/908/899 1790/909/900 1741/958/949
f 1741/958/949 1790/909/900 1791/910/901 1742/959/950
f 1742/959/950 1791/910/901 1792/911/902 1743/960/951
f 1743/960/951 1792/911/902 1793/912/903 1744/961/952
f 1744/961/952 1793/912/903 1794/913/904 1745/962/953
f 1745/962/953 1794/913/904 1795/914/905 1746/963/954
f 1746/963/954 1795/914/905 1796/915/906 1747/964/955
f 1747/964/955 1796/915/906 1797/916/907 1748/965/956
f 1748/965/956 1797/916/907 1798/917/908 1749/966/957
f 1749/966/957 1798/917/908 1799/918/909 1750/967/958
f 1750/967/958 1799/918/909 1800/919/910 1751/968/959
f 1751/968/959 1800/919/910 1801/920/911 1752/969/960
f 1752/969/960 1801/920/911 1802/921/912 1753/970/961
f 1753/970/961 1802/921/912 1803/922/913 1754/971/962
f 1754/971/962 1803/922/913 1804/923/914 1755/972/963
f 1755/972/963 1804/923/914 1805/924/915 1756/973/964
f 1756/973/964 1805/924/915 1806/925/916 1757/974/965
f 1757/974/965 1806/925/916 1807/926/917 1758/975/966
f 1758/975/966 1807/926/917 1808/927/918 1759/976/967
f 1759/976/967 1808/927/918 1809/928/919 1760/977/968
f 1760/977/968 1809/928/919 1810/929/920 1761/978/969
f 1761/978/969 1810/929/920 1811/930/921 1762/979/970
f 1762/979/970 1811/930/921 1812/931/922 1763/980/971
f 1763/980/971 1812/931/922 1813/932/923 1764/981/972
f 1764/981/972 1813/932/923 1814/933/924 1765/982/973
f 1765/982/973 1814/933/924 1815/934/925 1766/983/974
f 1766/983/974 1815/934/925 1816/935/926 1767/984/975
f 1767/984/975 1816/935/926 1817/71/71 1768/69/69
f 35/985/976 36/936/927 1720/937/928 1671/986/977
f 1671/986/977 1720/937/928 1721/938/929 1672/987/978
f 1672/987/978 1721/938/929 1722/939/930 1673/988/979
f 1673/988/979 1722/939/930 1723/940/931 1674/989/980
f 1674/989/980 1723/940/931 1724/941/932 1675/990/981
f 1675/990/981 1724/941/932 1725/942/933 1676/991/982
f 1676/991/982 1725/942/933 1726/943/934 1677/992/983
f 1677/992/983 1726/943/934 1727/944/935 1678/993/984
f 1678/993/984 1727/944/935 1728/945/936 1679/994/985
f 1679/994/985 1728/945/936 1729/946/937 1680/995/986
f 1680/995/986 1729/946/937 1730/947/938 1681/996/987
f 1681/996/987 1730/947/938 1731/948/939 1682/997/988
f 1682/997/988 1731/948/939 1732/949/940 1683/998/989
f 1683/998/989 1732/949/940 1733/950/941 1684/999/990
f 1684/999/990 1733/950/941 1734/951/942 1685/1000/991
f 1685/1000/991 1734/951/942 1735/952/943 1686/1001/992
f 1686/1001/992 1735/952/943 1736/953/944 1687/1002/993
f 1687/1002/993 1736/953/944 1737/954/945 1688/1003/994
f 1688/1003/994 1737/954/945 1738/955/946 1689/1004/995
f 1689/1004/995 1738/955/946 1739/956/947 1690/1005/996
f 1690/1005/996 1739/956/947 1740/957/948 1691/1006/997
f 1691/1006/997 1740/957/948 1741/958/949 1692/1007/998
f 1692/1007/998 1741/958/949 1742/959/950 1693/1008/999
f 1693/1008/999 1742/959/950 1743/960/951 1694/1009/1000
f 1694/1009/1000 1743/960/951 1744/961/952 1695/1010/1001
f 1695/1010/1001 1744/961/952 1745/962/953 1696/1011/1002
f 1696/1011/1002 1745/962/953 1746/963/954 1697/1012/1003
f 1697/1012/1003 1746/963/954 1747/964/955 1698/1013/1004
f 1698/1013/1004 1747/964/955 1748/965/956 1699/1014/1005
f 1699/1014/1005 1748/965/956 1749/966/957 1700/1015/1006
f 1700/1015/1006 1749/966/957 1750/967/958 1701/1016/1007
f 1701/1016/1007 1750/967/958 1751/968/959 1702/1017/1008
f 1702/1017/1008 1751/968/959 1752/969/960 1703/1018/1009
f 1703/1018/1009 1752/969/960 1753/970/961 1704/1019/1010
f 1704/1019/1010 1753/970/961 1754/971/962 1705/1020/1011
f 1705/1020/1011 1754/971/962 1755/972/963 1706/1021/1012
f 1706/1021/1012 1755/972/963 1756/973/964 1707/1022/1013
f 1707/1022/1013 1756/973/964 1757/974/965 1708/1023/1014
f 1708/1023/1014 1757/974/965 1758/975/966 1709/1024/1015
f 1709/1024/1015 1758/975/966 1759/976/967 1710/1025/1016
f 1710/1025/1016 1759/976/967 1760/977/968 1711/1026/1017
f 1711/1026/1017 1760/977/968 1761/978/969 1712/1027/1018
f 1712/1027/1018 1761/978/969 1762/979/970 1713/1028/1019
f 1713/1028/1019 1762/979/970 1763/980/971 1714/1029/1020
f 1714/1029/1020 1763/980/971 1764/981/972 1715/1030/1021
f 1715/1030/1021 1764/981/972 1765/982/973 1716/1031/1022
f 1716/1031/1022 1765/982/973 1766/983/974 1717/1032/1023
f 1717/1032/1023 1766/983/974 1767/984/975 1718/1033/1024
f 1718/1033/1024 1767/984/975 1768/69/69 1719/67/67
f 34/1034/1025 35/985/976 1671/986/977 1622/1035/1026
f 1622/1035/1026 1671/986/977 1672/987/978 1623/1036/1027
f 1623/1036/1027 1672/987/978 1673/988/979 1624/1037/1028
f 1624/1037/1028 1673/988/979 1674/989/980 1625/1038/1029
f 1625/1038/1029 1674/989/980 1675/990/981 1626/1039/1030
f 1626/1039/1030 1675/990/981 1676/991/982 1627/1040/1031
f 1627/1040/1031 1676/991/982 1677/992/983 1628/1041/1032
f 1628/1041/1032 1677/992/983 1678/993/984 1629/1042/1033
f 1629/1042/1033 1678/993/984 1679/994/985 1630/1043/1034
f 1630/1043/1034 1679/994/985 1680/995/986 1631/1044/1035
f 1631/1044/1035 1680/995/986 1681/996/987 1632/1045/1036
f 1632/1045/1036 1681/996/987 1682/997/988 1633/1046/1037
f 1633/1046/1037 1682/997/988 1683/998/989 1634/1047/1038
f 1634/1047/1038 1683/998/989 1684/999/990 1635/1048/1039
f 1635/1048/1039 1684/999/990 1685/1000/991 1636/1049/1040
f 1636/1049/1040 1685/1000/991 1686/1001/992 1637/1050/1041
f 1637/1050/1041 1686/1001/992 1687/1002/993 1638/1051/1042
f 1638/1051/1042 1687/1002/993 1688/1003/994 1639/1052/1043
f 1639/1052/1043 1688/1003/994 1689/1004/995 1640/1053/1044
f 1640/1053/1044 1689/1004/995 1690/1005/996 1641/1054/1045
f 1641/1054/1045 1690/1005/996 1691/1006/997 1642/1055/1046
f 1642/1055/1046 1691/1006/997 1692/1007/998 1643/1056/1047
f 1643/1056/1047 1692/1007/998 1693/1008/999 1644/1057/1048
f 1644/1057/1048 1693/1008/999 1694/1009/1000 1645/1058/1049
f 1645/1058/1049 1694/1009/1000 1695/1010/1001 1646/1059/1050
f 1646/1059/1050 1695/1010/1001 1696/1011/1002 1647/1060/1051
f 1647/1060/1051 1696/1011/1002 1697/1012/1003 1648/1061/1052
f 1648/1061/1052 1697/1012/1003 1698/1013/1004 1649/1062/1053
f 1649/1062/1053 1698/1013/1004 1699/1014/1005 1650/1063/1054
f 1650/1063/1054 1699/1014/1005 1700/1015/1006 1651/1064/1055
f 1651/1064/1055 1700/1015/1006 1701/1016/1007 1652/1065/1056
f 1652/1065/1056 1701/1016/1007 1702/1017/1008 1653/1066/1057
f 1653/1066/1057 1702/1017/1008 1703/1018/1009 1654/1067/1058
f 1654/1067/1058 1703/1018/1009 1704/1019/1010 1655/1068/1059
f 1655/1068/1059 1704/1019/1010 1705/1020/1011 1656/1069/1060
f 1656/1069/1060 1705/1020/1011 1706/1021/1012 1657/1070/1061
f 1657/1070/1061 1706/1021/1012 1707/1022/1013 1658/1071/1062
f 1658/1071/1062 1707/1022/1013 1708/1023/1014 1659/1072/1063
f 1659/1072/1063 1708/1023/1014 1709/1024/1015 1660/1073/1064
f 1660/1073/1064 1709/1024/1015 1710/1025/1016 1661/1074/1065
f 1661/1074/1065 1710/1025/1016 1711/1026/1017 1662/1075/1066
f 1662/1075/1066 1711/1026/1017 1712/1027/1018 1663/1076/1067
f 1663/1076/1067 1712/1027/1018 1713/1028/1019 1664/1077/1068
f 1664/1077/1068 1713/1028/1019 1714/1029/1020 1665/1078/1069
f 1665/1078/1069 1714/1029/1020 1715/1030/1021 1666/1079/1070
f 1666/1079/1070 1715/1030/1021 1716/1031/1022 1667/1080/1071
f 1667/1080/1071 1716/1031/1022 1717/1032/1023 1668/1081/1072
f 1668/1081/1072 1717/1032/1023 1718/1033/1024 1669/1082/1073
f 1669/1082/1073 1718/1033/1024 1719/67/67 1670/65/65
f 33/1083/1074 34/1034/1025 1622/1035/1026 1573/1084/1075
f 1573/1084/1075 1622/1035/1026 1623/1036/1027 1574/1085/1076
f 1574/1085/1076 1623/1036/1027 1624/1037/1028 1575/1086/1077
f 1575/1086/1077 1624/1037/1028 1625/1038/1029 1576/1087/1078
f 1576/1087/1078 1625/1038/1029 1626/1039/1030 1577/1088/1079
f 1577/1088/1079 1626/1039/1030 1627/1040/1031 1578/1089/1080
f 1578/1089/1080 1627/1040/1031 1628/1041/1032 1579/1090/1081
f 1579/1090/1081 1628/1041/1032 1629/1042/1033 1580/1091/1082
f 1580/1091/1082 1629/1042/1033 1630/1043/1034 1581/1092/1083
f 1581/1092/1083 1630/1043/1034 1631/1044/1035 1582/1093/1084
f 1582/1093/1084 1631/1044/1035 1632/1045/1036 1583/1094/1085
f 1583/1094/1085 1632/1045/1036 1633/1046/1037 1584/1095/1086
f 1584/1095/1086 1633/1046/1037 1634/1047/1038 1585/1096/1087
f 1585/1096/1087 1634/1047/1038 1635/1048/1039 1586/1097/1088
f 1586/1097/1088 1635/1048/1039 1636/1049/1040 1587/1098/1089
f 1587/1098/1089 1636/1049/1040 1637/1050/1041 1588/1099/1090
f 1588/1099/1090 1637/1050/1041 1638/1051/1042 1589/1100/1091
f 1589/1100/1091 1638/1051/1042 1639/1052/1043 1590/1101/1092
f 1590/1101/1092 1639/1052/1043 1640/1053/1044 1591/1102/1093
f 1591/1102/1093 1640/1053/1044 1641/1054/1045 1592/1103/1094
f 1592/1103/1094 1641/1054/1045 1642/1055/1046 1593/1104/1095
f 1593/1104/1095 1642/1055/1046 1643/1056/1047 1594/1105/1096
f 1594/1105/1096 1643/1056/1047 1644/1057/1048 1595/1106/1097
f 1595/1106/1097 1644/1057/1048 1645/1058/1049 1596/1107/1098
f 1596/1107/1098 1645/1058/1049 1646/1059/1050 1597/1108/1099
f 1597/1108/1099 1646/1059/1050 1647/1060/1051 1598/1109/1100
f 1598/1109/1100 1647/1060/1051 1648/1061/1052 1599/1110/1101
f 1599/1110/1101 1648/1061/1052 1649/1062/1053 1600/1111/1102
f 1600/1111/1102 1649/1062/1053 1650/1063/1054 1601/1112/1103
f 1601/1112/1103 1650/1063/1054 1651/1064/1055 1602/1113/1104
f 1602/1113/1104 1651/1064/1055 1652/1065/1056 1603/1114/1105
f 1603/1114/1105 1652/1065/1056 1653/1066/1057 1604/1115/1106
f 1604/1115/1106 1653/1066/1057 1654/1067/1058 1605/1116/1107
f 1605/1116/1107 1654/1067/1058 1655/1068/1059 1606/1117/1108
f 1606/1117/1108 1655/1068/1059 1656/1069/1060 1607/1118/1109
f 1607/1118/1109 1656/1069/1060 1657/1070/1061 1608/1119/1110
f 1608/1119/1110 1657/1070/1061 1658/1071/1062 1609/1120/1111
f 1609/1120/1111 1658/1071/1062 1659/1072/1063 1610/1121/1112
f 1610/1121/1112 1659/1072/1063 1660/1073/1064 1611/1122/1113
f 1611/1122/1113 1660/1073/1064 1661/1074/1065 1612/1123/1114
f 1612/1123/1114 1661/1074/1065 1662/1075/1066 1613/1124/1115
f 1613/1124/1115 1662/1075/1066 1663/1076/1067 1614/1125/1116
f 1614/1125/1116 1663/1076/1067 1664/1077/1068 1615/1126/1117
f 1615/1126/1117 1664/1077/1068 1665/1078/1069 1616/1127/1118
f 1616/1127/1118 1665/1078/1069 1666/1079/1070 1617/1128/1119
f 1617/1128/1119 1666/1079/1070 1667/1080/1071 1618/1129/1120
f 1618/1129/1120 1667/1080/1071 1668/1081/1072 1619/1130/1121
f 1619/1130/1121 1668/1081/1072 1669/1082/1073 1620/1131/1122
f 1620/1131/1122 1669/1082/1073 1670/65/65 1621/63/63
f 32/1132/1123 33/1083/1074 1573/1084/1075 1524/1133/1124
f 1524/1133/1124 1573/1084/1075 1574/1085/1076 1525/1134/1125
f 1525/1134/1125 1574/1085/1076 1575/1086/1077 1526/1135/1126
f 1526/1135/1126 1575/1086/1077 1576/1087/1078 1527/1136/1127
f 1527/1136/1127 1576/1087/1078 1577/1088/1079 1528/1137/1128
f 1528/1137/1128 1577/1088/1079 1578/1089/1080 1529/1138/1129
f 1529/1138/1129 1578/1089/1080 1579/1090/1081 1530/1139/1130
f 1530/1139/1130 1579/1090/1081 1580/1091/1082 1531/1140/1131
f 1531/1140/1131 1580/1091/1082 1581/1092/1083 1532/1141/1132
f 1532/1141/1132 1581/1092/1083 1582/1093/1084 1533/1142/1133
f 1533/1142/1133 1582/1093/1084 1583/1094/1085 1534/1143/1134
f 1534/1143/1134 1583/1094/1085 1584/1095/1086 1535/1144/1135
f 1535/1144/1135 1584/1095/1086 1585/1096/1087 1536/1145/1136
f 1536/1145/1136 1585/1096/1087 1586/1097/1088 1537/1146/1137
f 1537/1146/1137 1586/1097/1088 1587/1098/1089 1538/1147/1138
f 1538/1147/1138 1587/1098/1089 1588/1099/1090 1539/1148/1139
f 1539/1148/1139 1588/1099/1090 1589/1100/1091 1540/1149/1140
f 1540/1149/1140 1589/1100/1091 1590/1101/1092 1541/1150/1141
f 1541/1150/1141 1590/1101/1092 1591/1102/1093 1542/1151/1142
f 1542/1151/1142 1591/1102/1093 1592/1103/1094 1543/1152/1143
f 1543/1152/1143 1592/1103/1094 1593/1104/1095 1544/1153/1144
f 1544/1153/1144 1593/1104/1095 1594/1105/1096 1545/1154/1145
f 1545/1154/1145 1594/1105/1096 1595/1106/1097 1546/1155/1146
f 1546/1155/1146 1595/1106/1097 1596/1107/1098 1547/1156/1147
f 1547/1156/1147 1596/1107/1098 1597/1108/1099 1548/1157/1148
f 1548/1157/1148 1597/1108/1099 1598/1109/1100 1549/1158/1149
f 1549/1158/1149 1598/1109/1100 1599/1110/1101 1550/1159/1150
f 1550/1159/1150 1599/1110/1101 1600/1111/1102 1551/1160/1151
f 1551/1160/1151 1600/1111/1102 1601/1112/1103 1552/1161/1152
f 1552/1161/1152 1601/1112/1103 1602/1113/1104 1553/1162/1153
f 1553/1162/1153 1602/1113/1104 1603/1114/1105 1554/1163/1154
f 1554/1163/1154 1603/1114/1105 1604/1115/1106 1555/1164/1155
f 1555/1164/1155 1604/1115/1106 1605/1116/1107 1556/1165/1156
f 1556/1165/1156 1605/1116/1107 1606/1117/1108 1557/1166/1157
f 1557/1166/1157 1606/1117/1108 1607/1118/1109 1558/1167/1158
f 1558/1167/1158 1607/1118/1109 1608/1119/1110 1559/1168/1159
f 1559/1168/1159 1608/1119/1110 1609/1120/1111 1560/1169/1160
f 1560/1169/1160 1609/1120/1111 1610/1121/1112 1561/1170/1161
f 1561/1170/1161 1610/1121/1112 1611/1122/1113 1562/1171/1162
f 1562/1171/1162 1611/1122/1113 1612/1123/1114 1563/1172/1163
f 1563/1172/1163 1612/1123/1114 1613/1124/1115 1564/1173/1164
f 1564/1173/1164 1613/1124/1115 1614/1125/1116 1565/1174/1165
f 1565/1174/1165 1614/1125/1116 1615/1126/1117 1566/1175/1166
f 1566/1175/1166 1615/1126/1117 1616/1127/1118 1567/1176/1167
f 1567/1176/1167 1616/1127/1118 1617/1128/1119 1568/1177/1168
f 1568/1177/1168 1617/1128/1119 1618/1129/1120 1569/1178/1169
f 1569/1178/1169 1618/1129/1120 1619/1130/1121 1570/1179/1170
f 1570/1179/1170 1619/1130/1121 1620/1131/1122 1571/1180/1171
f 1571/1180/1171 1620/1131/1122 1621/63/63 1572/61/61
f 31/1181/1172 32/1132/1123 1524/1133/1124 1475/1182/1173
f 1475/1182/1173 1524/1133/1124 1525/1134/1125 1476/1183/1174
f 1476/1183/1174 1525/1134/1125 1526/1135/1126 1477/1184/1175
f 1477/1184/1175 1526/1135/1126 1527/1136/1127 1478/1185/1176
f 1478/1185/1176 1527/1136/1127 1528/1137/1128 1479/1186/1177
f 1479/1186/1177 1528/1137/1128 1529/1138/1129 1480/1187/1178
f 1480/1187/1178 1529/1138/1129 1530/1139/1130 1481/1188/1179
f 1481/1188/1179 1530/1139/1130 1531/1140/1131 1482/1189/1180
f 1482/1189/1180 1531/1140/1131 1532/1141/1132 1483/1190/1181
f 1483/1190/1181 1532/1141/1132 1533/1142/1133 1484/1191/1182
f 1484/1191/1182 1533/1142/1133 1534/1143/1134 1485/1192/1183
f 1485/1192/1183 1534/1143/1134 1535/1144/1135 1486/1193/1184
f 1486/1193/1184 1535/1144/1135 1536/1145/1136 1487/1194/1185
f 1487/1194/1185 1536/1145/1136 1537/1146/1137 1488/1195/1186
f 1488/1195/1186 1537/1146/1137 1538/1147/1138 1489/1196/1187
f 1489/1196/1187 1538/1147/1138 1539/1148/1139 1490/1197/1188
f 1490/1197/1188 1539/1148/1139 1540/1149/1140 1491/1198/1189
f 1491/1198/1189 1540/1149/1140 1541/1150/1141 1492/1199/1190
f 1492/1199/1190 1541/1150/1141 1542/1151/1142 1493/1200/1191
f 1493/1200/1191 1542/1151/1142 1543/1152/1143 1494/1201/1192
f 1494/1201/1192 1543/1152/1143 1544/1153/1144 1495/1202/1193
f 1495/1202/1193 1544/1153/1144 1545/1154/1145 1496/1203/1194
f 1496/1203/1194 1545/1154/1145 1546/1155/1146 1497/1204/1195
f 1497/1204/1195 1546/1155/1146 1547/1156/1147 1498/1205/1196
f 1498/1205/1196 1547/1156/1147 1548/1157/1148 1499/1206/1197
f 1499/1206/1197 1548/1157/1148 1549/1158/1149 1500/1207/1198
f 1500/1207/1198 1549/1158/1149 1550/1159/1150 1501/1208/1199
f 1501/1208/1199 1550/1159/1150 1551/1160/1151 1502/1209/1200
f 1502/1209/1200 1551/1160/1151 1552/1161/1152 1503/1210/1201
f 1503/1210/1201 1552/1161/1152 1553/1162/1153 1504/1211/1202
f 1504/1211/1202 1553/1162/1153 1554/1163/1154 1505/1212/1203
f 1505/1212/1203 1554/1163/1154 1555/1164/1155 1506/1213/1204
f 1506/1213/1204 1555/1164/1155 1556/1165/1156 1507/1214/1205
f 1507/1214/1205 1556/1165/1156 1557/1166/1157 1508/1215/1206
f 1508/1215/1206 1557/1166/1157 1558/1167/1158 1509/1216/1207
f 1509/1216/1207 1558/1167/1158 1559/1168/1159 1510/1217/1208
f 1510/1217/1208 1559/1168/1159 1560/1169/1160 1511/1218/1209
f 1511/1218/1209 1560/1169/1160 1561/1170/1161 1512/1219/1210
f 1512/1219/1210 1561/1170/1161 1562/1171/1162 1513/1220/1211
f 1513/1220/1211 1562/1171/1162 1563/1172/1163 1514/1221/1212
f 1514/1221/1212 1563/1172/1163 1564/1173/1164 1515/1222/1213
f 1515/1222/1213 1564/1173/1164 1565/1174/1165 1516/1223/1214
f 1516/1223/1214 1565/1174/1165 1566/1175/1166 1517/1224/1215
f 1517/1224/1215 1566/1175/1166 1567/1176/1167 1518/1225/1216
f 1518/1225/1216 1567/1176/1167 1568/1177/1168 1519/1226/1217
f 1519/1226/1217 1568/1177/1168 1569/1178/1169 1520/1227/1218
f 1520/1227/1218 1569/1178/1169 1570/1179/1170 1521/1228/1219
f 1521/1228/1219 1570/1179/1170 1571/1180/1171 1522/1229/1220
f 1522/1229/1220 1571/1180/1171 1572/61/61 1523/59/59
f 30/1230/1221 31/1181/1172 1475/1182/1173 1426/1231/1222
f 1426/1231/1222 1475/1182/1173 1476/1183/1174 1427/1232/1223
f 1427/1232/1223 1476/1183/1174 1477/1184/1175 1428/1233/1224
f 1428/1233/1224 1477/1184/1175 1478/1185/1176 1429/1234/1225
f 1429/1234/1225 1478/1185/1176 1479/1186/1177 1430/1235/1226
f 1430/1235/1226 1479/1186/1177 1480/1187/1178 1431/1236/1227
f 1431/1236/1227 1480/1187/1178 1481/1188/1179 1432/1237/1228
f 1432/1237/1228 1481/1188/1179 1482/1189/1180 1433/1238/1229
f 1433/1238/1229 1482/1189/1180 1483/1190/1181 1434/1239/1230
f 1434/1239/1230 1483/1190/1181 1484/1191/1182 1435/1240/1231
f 1435/1240/1231 1484/1191/1182 1485/1192/1183 1436/1241/1232
f 1436/1241/1232 1485/1192/1183 1486/1193/1184 1437/1242/1233
f 1437/1242/1233 1486/1193/1184 1487/1194/1185 1438/1243/1234
f 1438/1243/1234 1487/1194/1185 1488/1195/1186 1439/1244/1235
f 1439/1244/1235 1488/1195/1186 1489/1196/1187 1440/1245/1236
f 1440/1245/1236 1489/1196/1187 1490/1197/1188 1441/1246/1237
f 1441/1246/1237 1490/1197/1188 1491/1198/1189 1442/1247/1238
f 1442/1247/1238 1491/1198/1189 1492/1199/1190 1443/1248/1239
f 1443/1248/1239 1492/1199/1190 1493/1200/1191 1444/1249/1240
f 1444/1249/1240 1493/1200/1191 1494/1201/1192 1445/1250/1241
f 1445/1250/1241 1494/1201/1192 1495/1202/1193 1446/1251/1242
f 1446/1251/1242 1495/1202/1193 1496/1203/1194 1447/1252/1243
f 1447/1252/1243 1496/1203/1194 1497/1204/1195 1448/1253/1244
f 1448/1253/1244 1497/1204/1195 1498/1205/1196 1449/1254/1245
f 1449/1254/1245 1498/1205/1196 1499/1206/1197 1450/1255/1246
f 1450/1255/1246 1499/1206/1197 1500/1207/1198 1451/1256/1247
f 1451/1256/1247 1500/1207/1198 1501/1208/1199 1452/1257/1248
f 1452/1257/1248 1501/1208/1199 1502/1209/1200 1453/1258/1249
f 1453/1258/1249 1502/1209/1200 1503/1210/1201 1454/1259/1250
f 1454/1259/1250 1503/1210/1201 1504/1211/1202 1455/1260/1251
f 1455/1260/1251 1504/1211/1202 1505/1212/1203 1456/1261/1252
f 1456/1261/1252 1505/1212/1203 1506/1213/1204 1457/1262/1253
f 1457/1262/1253 1506/1213/1204 1507/1214/1205 1458/1263/1254
f 1458/1263/1254 1507/1214/1205 1508/1215/1206 1459/1264/1255
f 1459/1264/1255 1508/1215/1206 1509/1216/1207 1460/1265/1256
f 1460/1265/1256 1509/1216/1207 1510/1217/1208 1461/1266/1257
f 1461/1266/1257 1510/1217/1208 1511/1218/1209 1462/1267/1258
f 1462/1267/1258 1511/1218/1209 1512/1219/1210 1463/1268/1259
f 1463/1268/1259 1512/1219/1210 1513/1220/1211 1464/1269/1260
f 1464/1269/1260 1513/1220/1211 1514/1221/1212 1465/1270/1261
f 1465/1270/1261 1514/1221/1212 1515/1222/1213 1466/1271/1262
f 1466/1271/1262 1515/1222/1213 1516/1223/1214 1467/1272/1263
f 1467/1272/1263 1516/1223/1214 1517/1224/1215 1468/1273/1264
f 1468/1273/1264 1517/1224/1215 1518/1225/1216 1469/1274/1265
f 1469/1274/1265 1518/1225/1216 1519/1226/1217 1470/1275/1266
f 1470/1275/1266 1519/1226/1217 1520/1227/1218 1471/1276/1267
f 1471/1276/1267 1520/1227/1218 1521/1228/1219 1472/1277/1268
f 1472/1277/1268 1521/1228/1219 1522/1229/1220 1473/1278/1269
f 1473/1278/1269 1522/1229/1220 1523/59/59 1474/57/57
f 29/1279/1270 30/1230/1221 1426/1231/1222 1377/1280/1271
f 1377/1280/1271 1426/1231/1222 1427/1232/1223 1378/1281/1272
f 1378/1281/1272 1427/1232/1223 1428/1233/1224 1379/1282/1273
f 1379/1282/1273 1428/1233/1224 1429/1234/1225 1380/1283/1274
f 1380/1283/1274 1429/1234/1225 1430/1235/1226 1381/1284/1275
f 1381/1284/1275 1430/1235/1226 1431/1236/1227 1382/1285/1276
f 1382/1285/1276 1431/1236/1227 1432/1237/1228 1383/1286/1277
f 1383/1286/1277 1432/1237/1228 1433/1238/1229 1384/1287/1278
f 1384/1287/1278 1433/1238/1229 1434/1239/1230 1385/1288/1279
f 1385/1288/1279 1434/1239/1230 1435/1240/1231 1386/1289/1280
f 1386/1289/1280 1435/1240/1231 1436/1241/1232 1387/1290/1281
f 1387/1290/1281 1436/1241/1232 1437/1242/1233 1388/1291/1282
f 1388/1291/1282 1437/1242/1233 1438/1243/1234 1389/1292/1283
f 1389/1292/1283 1438/1243/1234 1439/1244/1235 1390/1293/1284
f 1390/1293/1284 1439/1244/1235 1440/1245/1236 1391/1294/1285
f 1391/1294/1285 1440/1245/1236 1441/1246/1237 1392/1295/1286
f 1392/1295/1286 1441/1246/1237 1442/1247/1238 1393/1296/1287
f 1393/1296/1287 1442/1247/1238 1443/1248/1239 1394/1297/1288
f 1394/1297/1288 1443/1248/1239 1444/1249/1240 1395/1298/1289
f 1395/1298/1289 1444/1249/1240 1445/1250/1241 1396/1299/1290
f 1396/1299/1290 1445/1250/1241 1446/1251/1242 1397/1300/1291
f 1397/1300/1291 1446/1251/1242 1447/1252/1243 1398/1301/1292
f 1398/1301/1292 1447/1252/1243 1448/1253/1244 1399/1302/1293
f 1399/1302/1293 1448/1253/1244 1449/1254/1245 1400/1303/1294
f 1400/1303/1294 1449/1254/1245 1450/1255/1246 1401/1304/1295
f 1401/1304/1295 1450/1255/1246 1451/1256/1247 1402/1305/1296
f 1402/1305/1296 1451/1256/1247 1452/1257/1248 1403/1306/1297
f 1403/1306/1297 1452/1257/1248 1453/1258/1249 1404/1307/1298
f 1404/1307/1298 1453/1258/1249 1454/1259/1250 1405/1308/1299
f 1405/1308/1299 1454/1259/1250 1455/1260/1251 1406/1309/1300
f 1406/1309/1300 1455/1260/1251 1456/1261/1252 1407/1310/1301
f 1407/1310/1301 1456/1261/1252 1457/1262/1253 1408/1311/1302
f 1408/1311/1302 1457/1262/1253 1458/1263/1254 1409/1312/1303
f 1409/1312/1303 1458/1263/1254 1459/1264/1255 1410/1313/1304
f 1410/1313/1304 1459/1264/1255 1460/1265/1256 1411/1314/1305
f 1411/1314/1305 1460/1265/1256 1461/1266/1257 1412/1315/1306
f 1412/1315/1306 1461/1266/1257 1462/1267/1258 1413/1316/1307
f 1413/1316/1307 1462/1267/1258 1463/1268/1259 1414/1317/1308
f 1414/1317/1308 1463/1268/1259 1464/1269/1260 1415/1318/1309
f 1415/1318/1309 1464/1269/1260 1465/1270/1261 1416/1319/1310
f 1416/1319/1310 1465/1270/1261 1466/1271/1262 1417/1320/1311
f 1417/1320/1311 1466/1271/1262 1467/1272/1263 1418/1321/1312
f 1418/1321/1312 1467/1272/1263 1468/1273/1264 1419/1322/1313
f 1419/1322/1313 1468/1273/1264 1469/1274/1265 1420/1323/1314
f 1420/1323/1314 1469/1274/1265 1470/1275/1266 1421/1324/1315
f 1421/1324/1315 1470/1275/1266 1471/1276/1267 1422/1325/1316
f 1422/1325/1316 1471/1276/1267 1472/1277/1268 1423/1326/1317
f 1423/1326/1317 1472/1277/1268 1473/1278/1269 1424/1327/1318
f 1424/1327/1318 1473/1278/1269 1474/57/57 1425/55/55
f 28/1328/1319 29/1279/1270 1377/1280/1271 1328/1329/1320
f 1328/1329/1320 1377/1280/1271 1378/1281/1272 1329/1330/1321
f 1329/1330/1321 1378/1281/1272 1379/1282/1273 1330/1331/1322
f 1330/1331/1322 1379/1282/1273 1380/1283/1274 1331/1332/1323
f 1331/1332/1323 1380/1283/1274 1381/1284/1275 1332/1333/1324
f 1332/1333/1324 1381/1284/1275 1382/1285/1276 1333/1334/1325
f 1333/1334/1325 1382/1285/1276 1383/1286/1277 1334/1335/1326
f 1334/1335/1326 1383/1286/1277 1384/1287/1278 1335/1336/1327
f 1335/1336/1327 1384/1287/1278 1385/1288/1279 1336/1337/1328
f 1336/1337/1328 1385/1288/1279 1386/1289/1280 1337/1338/1329
f 1337/1338/1329 1386/1289/1280 1387/1290/1281 1338/1339/1330
f 1338/1339/1330 1387/1290/1281 1388/1291/1282 1339/1340/1331
f 1339/1340/1331 1388/1291/1282 1389/1292/1283 1340/1341/1332
f 1340/1341/1332 1389/1292/1283 1390/1293/1284 1341/1342/1333
f 1341/1342/1333 1390/1293/1284 1391/1294/1285 1342/1343/1334
f 1342/1343/1334 1391/1294/1285 1392/1295/1286 1343/1344/1335
f 1343/1344/1335 1392/1295/1286 1393/1296/1287 1344/1345/1336
f 1344/1345/1336 1393/1296/1287 1394/1297/1288 1345/1346/1337
f 1345/1346/1337 1394/1297/1288 1395/1298/1289 1346/1347/1338
f 1346/1347/1338 1395/1298/1289 1396/1299/1290 1347/1348/1339
f 1347/1348/1339 1396/1299/1290 1397/1300/1291 1348/1349/1340
f 1348/1349/1340 1397/1300/1291 1398/1301/1292 1349/1350/1341
f 1349/1350/1341 1398/1301/1292 1399/1302/1293 1350/1351/1342
f 1350/1351/1342 1399/1302/1293 1400/1303/1294 1351/1352/1343
f 1351/1352/1343 1400/1303/1294 1401/1304/1295 1352/1353/1344
f 1352/1353/1344 1401/1304/1295 1402/1305/1296 1353/1354/1345
f 1353/1354/1345 1402/1305/1296 1403/1306/1297 1354/1355/1346
f 1354/1355/1346 1403/1306/1297 1404/1307/1298 1355/1356/1347
f 1355/1356/1347 1404/1307/1298 1405/1308/1299 1356/1357/1348
f 1356/1357/1348 1405/1308/1299 1406/1309/1300 1357/1358/1349
f 1357/1358/1349 1406/1309/1300 1407/1310/1301 1358/1359/1350
f 1358/1359/1350 1407/1310/1301 1408/1311/1302 1359/1360/1351
f 1359/1360/1351 1408/1311/1302 1409/1312/1303 1360/1361/1352
f 1360/1361/1352 1409/1312/1303 1410/1313/1304 1361/1362/1353
f 1361/1362/1353 1410/1313/1304 1411/1314/1305 1362/1363/1354
f 1362/1363/1354 1411/1314/1305 1412/1315/1306 1363/1364/1355
f 1363/1364/1355 1412/1315/1306 1413/1316/1307 1364/1365/1356
f 1364/1365/1356 1413/1316/1307 1414/1317/1308 1365/1366/1357
f 1365/1366/1357 1414/1317/1308 1415/1318/1309 1366/1367/1358
f 1366/1367/1358 1415/1318/1309 1416/1319/1310 1367/1368/1359
f 1367/1368/1359 1416/1319/1310 1417/1320/1311 1368/1369/1360
f 1368/1369/1360 1417/1320/1311 1418/1321/1312 1369/1370/1361
f 1369/1370/1361 1418/1321/1312 1419/1322/1313 1370/1371/1362
f 1370/1371/1362 1419/1322/1313 1420/1323/1314 1371/1372/1363
f 1371/1372/1363 1420/1323/1314 1421/1324/1315 1372/1373/1364
f 1372/1373/1364 1421/1324/1315 1422/1325/1316 1373/1374/1365
f 1373/1374/1365 1422/1325/1316 1423/1326/1317 1374/1375/1366
f 1374/1375/1366 1423/1326/1317 1424/1327/1318 1375/1376/1367
f 1375/1376/1367 1424/1327/1318 1425/55/55 1376/53/53
f 27/1377/1368 28/1328/1319 1328/1329/1320 1279/1378/1369
f 1279/1378/1369 1328/1329/1320 1329/1330/1321 1280/1379/1370
f 1280/1379/1370 1329/1330/1321 1330/1331/1322 1281/1380/1371
f 1281/1380/1371 1330/1331/1322 1331/1332/1323 1282/1381/1372
f 1282/1381/1372 1331/1332/1323 1332/1333/1324 1283/1382/1373
f 1283/1382/1373 1332/1333/1324 1333/1334/1325 1284/1383/1374
f 1284/1383/1374 1333/1334/1325 1334/1335/1326 1285/1384/1375
f 1285/1384/1375 1334/1335/1326 1335/1336/1327 1286/1385/1376
f 1286/1385/1376 1335/1336/1327 1336/1337/1328 1287/1386/1377
f 1287/1386/1377 1336/1337/1328 1337/1338/1329 1288/1387/1378
f 1288/1387/1378 1337/1338/1329 1338/1339/1330 1289/1388/1379
f 1289/1388/1379 1338/1339/1330 1339/1340/1331 1290/1389/1380
f 1290/1389/1380 1339/1340/1331 1340/1341/1332 1291/1390/1381
f 1291/1390/1381 1340/1341/1332 1341/1342/1333 1292/1391/1382
f 1292/1391/1382 1341/1342/1333 1342/1343/1334 1293/1392/1383
f 1293/1392/1383 1342/1343/1334 1343/1344/1335 1294/1393/1384
f 1294/1393/1384 1343/1344/1335 1344/1345/1336 1295/1394/1385
f 1295/1394/1385 1344/1345/1336 1345/1346/1337 1296/1395/1386
f 1296/1395/1386 1345/1346/1337 1346/1347/1338 1297/1396/1387
f 1297/1396/1387 1346/1347/1338 1347/1348/1339 1298/1397/1388
f 1298/1397/1388 1347/1348/1339 1348/1349/1340 1299/1398/1389
f 1299/1398/1389 1348/1349/1340 1349/1350/1341 1300/1399/1390
f 1300/1399/1390 1349/1350/1341 1350/1351/1342 1301/1400/1391
f 1301/1400/1391 1350/1351/1342 1351/1352/1343 1302/1401/1392
f 1302/1401/1392 1351/1352/1343 1352/1353/1344 1303/1402/1393
f 1303/1402/1393 1352/1353/1344 1353/1354/1345 1304/1403/1394
f 1304/1403/1394 1353/1354/1345 1354/1355/1346 1305/1404/1395
f 1305/1404/1395 1354/1355/1346 1355/1356/1347 1306/1405/1396
f 1306/1405/1396 1355/1356/1347 1356/1357/1348 1307/1406/1397
f 1307/1406/1397 1356/1357/1348 1357/1358/1349 1308/1407/1398
f 1308/1407/1398 1357/1358/1349 1358/1359/1350 1309/1408/1399
f 1309/1408/1399 1358/1359/1350 1359/1360/1351 1310/1409/1400
f 1310/1409/1400 1359/1360/1351 1360/1361/1352 1311/1410/1401
f 1311/1410/1401 1360/1361/1352 1361/1362/1353 1312/1411/1402
f 1312/1411/1402 1361/1362/1353 1362/1363/1354 1313/1412/1403
f 1313/1412/1403 1362/1363/1354 1363/1364/1355 1314/1413/1404
f 1314/1413/1404 1363/1364/1355 1364/1365/1356 1315/1414/1405
f 1315/1414/1405 1364/1365/1356 1365/1366/1357 1316/1415/1406
f 1316/1415/1406 1365/1366/1357 1366/1367/1358 1317/1416/1407
f 1317/1416/1407 1366/1367/1358 1367/1368/1359 1318/1417/1408
f 1318/1417/1408 1367/1368/1359 1368/1369/1360 1319/1418/1409
f 1319/1418/1409 1368/1369/1360 1369/1370/1361 1320/1419/1410
f 1320/1419/1410 1369/1370/1361 1370/1371/1362 1321/1420/1411
f 1321/1420/1411 1370/1371/1362 1371/1372/1363 1322/1421/1412
f 1322/1421/1412 1371/1372/1363 1372/1373/1364 1323/1422/1413
f 1323/1422/1413 1372/1373/1364 1373/1374/1365 1324/1423/1414
f 1324/1423/1414 1373/1374/1365 1374/1375/1366 1325/1424/1415
f 1325/1424/1415 1374/1375/1366 1375/1376/1367 1326/1425/1416
f 1326/1425/1416 1375/1376/1367 1376/53/53 1327/51/51
f 26/1426/1417 27/1377/1368 1279/1378/1369 1230/1427/1418
f 1230/1427/1418 1279/1378/1369 1280/1379/1370 1231/1428/1419
f 1231/1428/1419 1280/1379/1370 1281/1380/1371 1232/1429/1420
f 1232/1429/1420 1281/1380/1371 1282/1381/1372 1233/1430/1421
f 1233/1430/1421 1282/1381/1372 1283/1382/1373 1234/1431/1422
f 1234/1431/1422 1283/1382/1373 1284/1383/1374 1235/1432/1423
f 1235/1432/1423 1284/1383/1374 1285/1384/1375 1236/1433/1424
f 1236/1433/1424 1285/1384/1375 1286/1385/1376 1237/1434/1425
f 1237/1434/1425 1286/1385/1376 1287/1386/1377 1238/1435/1426
f 1238/1435/1426 1287/1386/1377 1288/1387/1378 1239/1436/1427
f 1239/1436/1427 1288/1387/1378 1289/1388/1379 1240/1437/1428
f 1240/1437/1428 1289/1388/1379 1290/1389/1380 1241/1438/1429
f 1241/1438/1429 1290/1389/1380 1291/1390/1381 1242/1439/1430
f 1242/1439/1430 1291/1390/1381 1292/1391/1382 1243/1440/1431
f 1243/1440/1431 1292/1391/1382 1293/1392/1383 1244/1441/1432
f 1244/1441/1432 1293/1392/1383 1294/1393/1384 1245/1442/1433
f 1245/1442/1433 1294/1393/1384 1295/1394/1385 1246/1443/1434
f 1246/1443/1434 1295/1394/1385 1296/1395/1386 1247/1444/1435
f 1247/1444/1435 1296/1395/1386 1297/1396/1387 1248/1445/1436
f 1248/1445/1436 1297/1396/1387 1298/1397/1388 1249/1446/1437
f 1249/1446/1437 1298/1397/1388 1299/1398/1389 1250/1447/1438
f 1250/1447/1438 1299/1398/1389 1300/1399/1390 1251/1448/1439
f 1251/1448/1439 1300/1399/1390 1301/1400/1391 1252/1449/1440
f 1252/1449/1440 1301/1400/1391 1302/1401/1392 1253/1450/1441
f 1253/1450/1441 1302/1401/1392 1303/1402/1393 1254/1451/1442
f 1254/1451/1442 1303/1402/1393 1304/1403/1394 1255/1452/1443
f 1255/1452/1443 1304/1403/1394 1305/1404/1395 1256/1453/1444
f 1256/1453/1444 1305/1404/1395 1306/1405/1396 1257/1454/1445
f 1257/1454/1445 1306/1405/1396 1307/1406/1397 1258/1455/1446
f 1258/1455/1446 1307/1406/1397 1308/1407/1398 1259/1456/1447
f 1259/1456/1447 1308/1407/1398 1309/1408/1399 1260/1457/1448
f 1260/1457/1448 1309/1408/1399 1310/1409/1400 1261/1458/1449
f 1261/1458/1449 1310/1409/1400 1311/1410/1401 1262/1459/1450
f 1262/1459/1450 1311/1410/1401 1312/1411/1402 1263/1460/1451
f 1263/1460/1451 1312/1411/1402 1313/1412/1403 1264/1461/1452
f 1264/1461/1452 1313/1412/1403 1314/1413/1404 1265/1462/1453
f 1265/1462/1453 1314/1413/1404 1315/1414/1405 1266/1463/1454
f 1266/1463/1454 1315/1414/1405 1316/1415/1406 1267/1464/1455
f 1267/1464/1455 1316/1415/1406 1317/1416/1407 1268/1465/1456
f 1268/1465/1456 1317/1416/1407 1318/1417/1408 1269/1466/1457
f 1269/1466/1457 1318/1417/1408 1319/1418/1409 1270/1467/1458
f 1270/1467/1458 1319/1418/1409 1320/1419/1410 1271/1468/1459
f 1271/1468/1459 1320/1419/1410 1321/1420/1411 1272/1469/1460
f 1272/1469/1460 1321/1420/1411 1322/1421/1412 1273/1470/1461
f 1273/1470/1461 1322/1421/1412 1323/1422/1413 1274/1471/1462
f 1274/1471/1462 1323/1422/1413 1324/1423/1414 1275/1472/1463
f 1275/1472/1463 1324/1423/1414 1325/1424/1415 1276/1473/1464
f 1276/1473/1464 1325/1424/1415 1326/1425/1416 1277/1474/1465
f 1277/1474/1465 1326/1425/1416 1327/51/51 1278/49/49
f 25/1475/1466 26/1426/1417 1230/1427/1418 1181/1476/1467
f 1181/1476/1467 1230/1427/1418 1231/1428/1419 1182/1477/1468
f 1182/1477/1468 1231/1428/1419 1232/1429/1420 1183/1478/1469
f 1183/1478/1469 1232/1429/1420 1233/1430/1421 1184/1479/1470
f 1184/1479/1470 1233/1430/1421 1234/1431/1422 1185/1480/1471
f 1185/1480/1471 1234/1431/1422 1235/1432/1423 1186/1481/1472
f 1186/1481/1472 1235/1432/1423 1236/1433/1424 1187/1482/1473
f 1187/1482/1473 1236/1433/1424 1237/1434/1425 1188/1483/1474
f 1188/1483/1474 1237/1434/1425 1238/1435/1426 1189/1484/1475
f 1189/1484/1475 1238/1435/1426 1239/1436/1427 1190/1485/1476
f 1190/1485/1476 1239/1436/1427 1240/1437/1428 1191/1486/1477
f 1191/1486/1477 1240/1437/1428 1241/1438/1429 1192/1487/1478
f 1192/1487/1478 1241/1438/1429 1242/1439/1430 1193/1488/1479
f 1193/1488/1479 1242/1439/1430 1243/1440/1431 1194/1489/1480
f 1194/1489/1480 1243/1440/1431 1244/1441/1432 1195/1490/1481
f 1195/1490/1481 1244/1441/1432 1245/1442/1433 1196/1491/1482
f 1196/1491/1482 1245/1442/1433 1246/1443/1434 1197/1492/1483
f 1197/1492/1483 1246/1443/1434 1247/1444/1435 1198/1493/1484
f 1198/1493/1484 1247/1444/1435 1248/1445/1436 1199/1494/1485
f 1199/1494/1485 1248/1445/1436 1249/1446/1437 1200/1495/1486
f 1200/1495/1486 1249/1446/1437 1250/1447/1438 1201/1496/1487
f 1201/1496/1487 1250/1447/1438 1251/1448/1439 1202/1497/1488
f 1202/1497/1488 1251/1448/1439 1252/1449/1440 1203/1498/1489
f 1203/1498/1489 1252/1449/1440 1253/1450/1441 1204/1499/1490
f 1204/1499/1490 1253/1450/1441 1254/1451/1442 1205/1500/1491
f 1205/1500/1491 1254/1451/1442 1255/1452/1443 1206/1501/1492
f 1206/1501/1492 1255/1452/1443 1256/1453/1444 1207/1502/1493
f 1207/1502/1493 1256/1453/1444 1257/1454/1445 1208/1503/1494
f 1208/1503/1494 1257/1454/1445 1258/1455/1446 1209/1504/1495
f 1209/1504/1495 1258/1455/1446 1259/1456/1447 1210/1505/1496
f 1210/1505/1496 1259/1456/1447 1260/1457/1448 1211/1506/1497
f 1211/1506/1497 1260/1457/1448 1261/1458/1449 1212/1507/1498
f 1212/1507/1498 1261/1458/1449 1262/1459/1450 1213/1508/1499
f 1213/1508/1499 1262/1459/1450 1263/1460/1451 1214/1509/1500
f 1214/1509/1500 1263/1460/1451 1264/1461/1452 1215/1510/1501
f 1215/1510/1501 1264/1461/1452 1265/1462/1453 1216/1511/1502
f 1216/1511/1502 1265/1462/1453 1266/1463/1454 1217/1512/1503
f 1217/1512/1503 1266/1463/1454 1267/1464/1455 1218/1513/1504
f 1218/1513/1504 1267/1464/1455 1268/1465/1456 1219/1514/1505
f 1219/1514/1505 1268/1465/1456 1269/1466/1457 1220/1515/1506
f 1220/1515/1506 1269/1466/1457 1270/1467/1458 1221/1516/1507
f 1221/1516/1507 1270/1467/1458 1271/1468/1459 1222/1517/1508
f 1222/1517/1508 1271/1468/1459 1272/1469/1460 1223/1518/1509
f 1223/1518/1509 1272/1469/1460 1273/1470/1461 1224/1519/1510
f 1224/1519/1510 1273/1470/1461 1274/1471/1462 1225/1520/1511
f 1225/1520/1511 1274/1471/1462 1275/1472/1463 1226/1521/1512
f 1226/1521/1512 1275/1472/1463 1276/1473/1464 1227/1522/1513
f 1227/1522/1513 1276/1473/1464 1277/1474/1465 1228/1523/1514
f 1228/1523/1514 1277/1474/1465 1278/49/49 1229/47/47
f 24/1524/1515 25/1475/1466 1181/1476/1467 1132/1525/1516
f 1132/1525/1516 1181/1476/1467 1182/1477/1468 1133/1526/1517
f 1133/1526/1517 1182/1477/1468 1183/1478/1469 1134/1527/1518
f 1134/1527/1518 1183/1478/1469 1184/1479/1470 1135/1528/1519
f 1135/1528/1519 1184/1479/1470 1185/1480/1471 1136/1529/1520
f 1136/1529/1520 1185/1480/1471 1186/1481/1472 1137/1530/1521
f 1137/1530/1521 1186/1481/1472 1187/1482/1473 1138/1531/1522
f 1138/1531/1522 1187/1482/1473 1188/1483/1474 1139/1532/1523
f 1139/1532/1523 1188/1483/1474 1189/1484/1475 1140/1533/1524
f 1140/1533/1524 1189/1484/1475 1190/1485/1476 1141/1534/1525
f 1141/1534/1525 1190/1485/1476 1191/1486/1477 1142/1535/1526
f 1142/1535/1526 1191/1486/1477 1192/1487/1478 1143/1536/1527
f 1143/1536/1527 1192/1487/1478 1193/1488/1479 1144/1537/1528
f 1144/1537/1528 1193/1488/1479 1194/1489/1480 1145/1538/1529
f 1145/1538/1529 1194/1489/1480 1195/1490/1481 1146/1539/1530
f 1146/1539/1530 1195/1490/1481 1196/1491/1482 1147/1540/1531
f 1147/1540/1531 1196/1491/1482 1197/1492/1483 1148/1541/1532
f 1148/1541/1532 1197/1492/1483 1198/1493/1484 1149/1542/1533
f 1149/1542/1533 1198/1493/1484 1199/1494/1485 1150/1543/1534
f 1150/1543/1534 1199/1494/1485 1200/1495/1486 1151/1544/1535
f 1151/1544/1535 1200/1495/1486 1201/1496/1487 1152/1545/1536
f 1152/1545/1536 1201/1496/1487 1202/1497/1488 1153/1546/1537
f 1153/1546/1537 1202/1497/1488 1203/1498/1489 1154/1547/1538
f 1154/1547/1538 1203/1498/1489 1204/1499/1490 1155/1548/1539
f 1155/1548/1539 1204/1499/1490 1205/1500/1491 1156/1549/1540
f 1156/1549/1540 1205/1500/1491 1206/1501/1492 1157/1550/1541
f 1157/1550/1541 1206/1501/1492 1207/1502/1493 1158/1551/1542
f 1158/1551/1542 1207/1502/1493 1208/1503/1494 1159/1552/1543
f 1159/1552/1543 1208/1503/1494 1209/1504/1495 1160/1553/1544
f 1160/1553/1544 1209/1504/1495 1210/1505/1496 1161/1554/1545
f 1161/1554/1545 1210/1505/1496 1211/1506/1497 1162/1555/1546
f 1162/1555/1546 1211/1506/1497 1212/1507/1498 1163/1556/1547
f 1163/1556/1547 1212/1507/1498 1213/1508/1499 1164/1557/1548
f 1164/1557/1548 1213/1508/1499 1214/1509/1500 1165/1558/1549
f 1165/1558/1549 1214/1509/1500 1215/1510/1501 1166/1559/1550
f 1166/1559/1550 1215/1510/1501 1216/1511/1502 1167/1560/1551
f 1167/1560/1551 1216/1511/1502 1217/1512/1503 1168/1561/1552
f 1168/1561/1552 1217/1512/1503 1218/1513/1504 1169/1562/1553
f 1169/1562/1553 1218/1513/1504 1219/1514/1505 1170/1563/1554
f 1170/1563/1554 1219/1514/1505 1220/1515/1506 1171/1564/1555
f 1171/1564/1555 1220/1515/1506 1221/1516/1507 1172/1565/1556
f 1172/1565/1556 1221/1516/1507 1222/1517/1508 1173/1566/1557
f 1173/1566/1557 1222/1517/1508 1223/1518/1509 1174/1567/1558
f 1174/1567/1558 1223/1518/1509 1224/1519/1510 1175/1568/1559
f 1175/1568/1559 1224/1519/1510 1225/1520/1511 1176/1569/1560
f 1176/1569/1560 1225/1520/1511 1226/1521/1512 1177/1570/1561
f 1177/1570/1561 1226/1521/1512 1227/1522/1513 1178/1571/1562
f 1178/1571/1562 1227/1522/1513 1228/1523/1514 1179/1572/1563
f 1179/1572/1563 1228/1523/1514 1229/47/47 1180/45/45
f 23/1573/1564 24/1524/1515 1132/1525/1516 1083/1574/1565
f 1083/1574/1565 1132/1525/1516 1133/1526/1517 1084/1575/1566
f 1084/1575/1566 1133/1526/1517 1134/1527/1518 1085/1576/1567
f 1085/1576/1567 1134/1527/1518 1135/1528/1519 1086/1577/1568
f 1086/1577/1568 1135/1528/1519 1136/1529/1520 1087/1578/1569
f 1087/1578/1569 1136/1529/1520 1137/1530/1521 1088/1579/1570
f 1088/1579/1570 1137/1530/1521 1138/1531/1522 1089/1580/1571
f 1089/1580/1571 1138/1531/1522 1139/1532/1523 1090/1581/1572
f 1090/1581/1572 1139/1532/1523 1140/1533/1524 1091/1582/1573
f 1091/1582/1573 1140/1533/1524 1141/1534/1525 1092/1583/1574
f 1092/1583/1574 1141/1534/1525 1142/1535/1526 1093/1584/1575
f 1093/1584/1575 1142/1535/1526 1143/1536/1527 1094/1585/1576
f 1094/1585/1576 1143/1536/1527 1144/1537/1528 1095/1586/1577
f 1095/1586/1577 1144/1537/1528 1145/1538/1529 1096/1587/1578
f 1096/1587/1578 1145/1538/1529 1146/1539/1530 1097/1588/1579
f 1097/1588/1579 1146/1539/1530 1147/1540/1531 1098/1589/1580
f 1098/1589/1580 1147/1540/1531 1148/1541/1532 1099/1590/1581
f 1099/1590/1581 1148/1541/1532 1149/1542/1533 1100/1591/1582
f 1100/1591/1582 1149/1542/1533 1150/1543/1534 1101/1592/1583
f 1101/1592/1583 1150/1543/1534 1151/1544/1535 1102/1593/1584
f 1102/1593/1584 1151/1544/1535 1152/1545/1536 1103/1594/1585
f 1103/1594/1585 1152/1545/1536 1153/1546/1537 1104/1595/1586
f 1104/1595/1586 1153/1546/1537 1154/1547/1538 1105/1596/1587
f 1105/1596/1587 1154/1547/1538 1155/1548/1539 1106/1597/1588
f 1106/1597/1588 1155/1548/1539 1156/1549/1540 1107/1598/1589
f 1107/1598/1589 1156/1549/1540 1157/1550/1541 1108/1599/1590
f 1108/1599/1590 1157/1550/1541 1158/1551/1542 1109/1600/1591
f 1109/1600/1591 1158/1551/1542 1159/1552/1543 1110/1601/1592
f 1110/1601/1592 1159/1552/1543 1160/1553/1544 1111/1602/1593
f 1111/1602/1593 1160/1553/1544 1161/1554/1545 1112/1603/1594
f 1112/1603/1594 1161/1554/1545 1162/1555/1546 1113/1604/1595
f 1113/1604/1595 1162/1555/1546 1163/1556/1547 1114/1605/1596
f 1114/1605/1596 1163/1556/1547 1164/1557/1548 1115/1606/1597
f 1115/1606/1597 1164/1557/1548 1165/1558/1549 1116/1607/1598
f 1116/1607/1598 1165/1558/1549 1166/1559/1550 1117/1608/1599
f 1117/1608/1599 1166/1559/1550 1167/1560/1551 1118/1609/1600
f 1118/1609/1600 1167/1560/1551 1168/1561/1552 1119/1610/1601
f 1119/1610/1601 1168/1561/1552 1169/1562/1553 1120/1611/1602
f 1120/1611/1602 1169/1562/1553 1170/1563/1554 1121/1612/1603
f 1121/1612/1603 1170/1563/1554 1171/1564/1555 1122/1613/1604
f 1122/1613/1604 1171/1564/1555 1172/1565/1556 1123/1614/1605
f 1123/1614/1605 1172/1565/1556 1173/1566/1557 1124/1615/1606
f 1124/1615/1606 1173/1566/1557 1174/1567/1558 1125/1616/1607
f 1125/1616/1607 1174/1567/1558 1175/1568/1559 1126/1617/1608
f 1126/1617/1608 1175/1568/1559 1176/1569/1560 1127/1618/1609
f 1127/1618/1609 1176/1569/1560 1177/1570/1561 1128/1619/1610
f 1128/1619/1610 1177/1570/1561 1178/1571/1562 1129/1620/1611
f 1129/1620/1611 1178/1571/1562 1179/1572/1563 1130/1621/1612
f 1130/1621/1612 1179/1572/1563 1180/45/45 1131/43/43
f 22/1622/1613 23/1573/1564 1083/1574/1565 1034/1623/1614
f 1034/1623/1614 1083/1574/1565 1084/1575/1566 1035/1624/1615
f 1035/1624/1615 1084/1575/1566 1085/1576/1567 1036/1625/1616
f 1036/1625/1616 1085/1576/1567 1086/1577/1568 1037/1626/1617
f 1037/1626/1617 1086/1577/1568 1087/1578/1569 1038/1627/1618
f 1038/1627/1618 1087/1578/1569 1088/1579/1570 1039/1628/1619
f 1039/1628/1619 1088/1579/1570 1089/1580/1571 1040/1629/1620
f 1040/1629/1620 1089/1580/1571 1090/1581/1572 1041/1630/1621
f 1041/1630/1621 1090/1581/1572 1091/1582/1573 1042/1631/1622
f 1042/1631/1622 1091/1582/1573 1092/1583/1574 1043/1632/1623
f 1043/1632/1623 1092/1583/1574 1093/1584/1575 1044/1633/1624
f 1044/1633/1624 1093/1584/1575 1094/1585/1576 1045/1634/1625
f 1045/1634/1625 1094/1585/1576 1095/1586/1577 1046/1635/1626
f 1046/1635/1626 1095/1586/1577 1096/1587/1578 1047/1636/1627
f 1047/1636/1627 1096/1587/1578 1097/1588/1579 1048/1637/1628
f 1048/1637/1628 1097/1588/1579 1098/1589/1580 1049/1638/1629
f 1049/1638/1629 1098/1589/1580 1099/1590/1581 1050/1639/1630
f 1050/1639/1630 1099/1590/1581 1100/1591/1582 1051/1640/1631
f 1051/1640/1631 1100/1591/1582 1101/1592/1583 1052/1641/1632
f 1052/1641/1632 1101/1592/1583 1102/1593/1584 1053/1642/1633
f 1053/1642/1633 1102/1593/1584 1103/1594/1585 1054/1643/1634
f 1054/1643/1634 1103/1594/1585 1104/1595/1586 1055/1644/1635
f 1055/1644/1635 1104/1595/1586 1105/1596/1587 1056/1645/1636
f 1056/1645/1636 1105/1596/1587 1106/1597/1588 1057/1646/1637
f 1057/1646/1637 1106/1597/1588 1107/1598/1589 1058/1647/1638
f 1058/1647/1638 1107/1598/1589 1108/1599/1590 1059/1648/1639
f 1059/1648/1639 1108/1599/1590 1109/1600/1591 1060/1649/1640
f 1060/1649/1640 1109/1600/1591 1110/1601/1592 1061/1650/1641
f 1061/1650/1641 1110/1601/1592 1111/1602/1593 1062/1651/1642
f 1062/1651/1642 1111/1602/1593 1112/1603/1594 1063/1652/1643
f 1063/1652/1643 1112/1603/1594 1113/1604/1595 1064/1653/1644
f 1064/1653/1644 1113/1604/1595 1114/1605/1596 1065/1654/1645
f 1065/1654/1645 1114/1605/1596 1115/1606/1597 1066/1655/1646
f 1066/1655/1646 1115/1606/1597 1116/1607/1598 1067/1656/1647
f 1067/1656/1647 1116/1607/1598 1117/1608/1599 1068/1657/1648
f 1068/1657/1648 1117/1608/1599 1118/1609/1600 1069/1658/1649
f 1069/1658/1649 1118/1609/1600 1119/1610/1601 1070/1659/1650
f 1070/1659/1650 1119/1610/1601 1120/1611/1602 1071/1660/1651
f 1071/1660/1651 1120/1611/1602 1121/1612/1603 1072/1661/1652
f 1072/1661/1652 1121/1612/1603 1122/1613/1604 1073/1662/1653
f 1073/1662/1653 1122/1613/1604 1123/1614/1605 1074/1663/1654
f 1074/1663/1654 1123/1614/1605 1124/1615/1606 1075/1664/1655
f 1075/1664/1655 1124/1615/1606 1125/1616/1607 1076/1665/1656
f 1076/1665/1656 1125/1616/1607 1126/1617/1608 1077/1666/1657
f 1077/1666/1657 1126/1617/1608 1127/1618/1609 1078/1667/1658
f 1078/1667/1658 1127/1618/1609 1128/1619/1610 1079/1668/1659
f 1079/1668/1659 1128/1619/1610 1129/1620/1611 1080/1669/1660
f 1080/1669/1660 1129/1620/1611 1130/1621/1612 1081/1670/1661
f 1081/1670/1661 1130/1621/1612 1131/43/43 1082/41/41
f 21/1671/1662 22/1622/1613 1034/1623/1614 985/1672/1663
f 985/1672/1663 1034/1623/1614 1035/1624/1615 986/1673/1664
f 986/1673/1664 1035/1624/1615 1036/1625/1616 987/1674/1665
f 987/1674/1665 1036/1625/1616 1037/1626/1617 988/1675/1666
f 988/1675/1666 1037/1626/1617 1038/1627/1618 989/1676/1667
f 989/1676/1667 1038/1627/1618 1039/1628/1619 990/1677/1668
f 990/1677/1668 1039/1628/1619 1040/1629/1620 991/1678/1669
f 991/1678/1669 1040/1629/1620 1041/1630/1621 992/1679/1670
f 992/1679/1670 1041/1630/1621 1042/1631/1622 993/1680/1671
f 993/1680/1671 1042/1631/1622 1043/1632/1623 994/1681/1672
f 994/1681/1672 1043/1632/1623 1044/1633/1624 995/1682/1673
f 995/1682/1673 1044/1633/1624 1045/1634/1625 996/1683/1674
f 996/1683/1674 1045/1634/1625 1046/1635/1626 997/1684/1675
f 997/1684/1675 1046/1635/1626 1047/1636/1627 998/1685/1676
f 998/1685/1676 1047/1636/1627 1048/1637/1628 999/1686/1677
f 999/1686/1677 1048/1637/1628 1049/1638/1629 1000/1687/1678
f 1000/1687/1678 1049/1638/1629 1050/1639/1630 1001/1688/1679
f 1001/1688/1679 1050/1639/1630 1051/1640/1631 1002/1689/1680
f 1002/1689/1680 1051/1640/1631 1052/1641/1632 1003/1690/1681
f 1003/1690/1681 1052/1641/1632 1053/1642/1633 1004/1691/1682
f 1004/1691/1682 1053/1642/1633 1054/1643/1634 1005/1692/1683
f 1005/1692/1683 1054/1643/1634 1055/1644/1635 1006/1693/1684
f 1006/1693/1684 1055/1644/1635 1056/1645/1636 1007/1694/1685
f 1007/1694/1685 1056/1645/1636 1057/1646/1637 1008/1695/1686
f 1008/1695/1686 1057/1646/1637 1058/1647/1638 1009/1696/1687
f 1009/1696/1687 1058/1647/1638 1059/1648/1639 1010/1697/1688
f 1010/1697/1688 1059/1648/1639 1060/1649/1640 1011/1698/1689
f 1011/1698/1689 1060/1649/1640 1061/1650/1641 1012/1699/1690
f 1012/1699/1690 1061/1650/1641 1062/1651/1642 1013/1700/1691
f 1013/1700/1691 1062/1651/1642 1063/1652/1643 1014/1701/1692
f 1014/1701/1692 1063/1652/1643 1064/1653/1644 1015/1702/1693
f 1015/1702/1693 1064/1653/1644 1065/1654/1645 1016/1703/1694
f 1016/1703/1694 1065/1654/1645 1066/1655/1646 1017/1704/1695
f 1017/1704/1695 1066/1655/1646 1067/1656/1647 1018/1705/1696
f 1018/1705/1696 1067/1656/1647 1068/1657/1648 1019/1706/1697
f 1019/1706/1697 1068/1657/1648 1069/1658/1649 1020/1707/1698
f 1020/1707/1698 1069/1658/1649 1070/1659/1650 1021/1708/1699
f 1021/1708/1699 1070/1659/1650 1071/1660/1651 1022/1709/1700
f 1022/1709/1700 1071/1660/1651 1072/1661/1652 1023/1710/1701
f 1023/1710/1701 1072/1661/1652 1073/1662/1653 1024/1711/1702
f 1024/1711/1702 1073/1662/1653 1074/1663/1654 1025/1712/1703
f 1025/1712/1703 1074/1663/1654 1075/1664/1655 1026/1713/1704
f 1026/1713/1704 1075/1664/1655 1076/1665/1656 1027/1714/1705
f 1027/1714/1705 1076/1665/1656 1077/1666/1657 1028/1715/1706
f 1028/1715/1706 1077/1666/1657 1078/1667/1658 1029/1716/1707
f 1029/1716/1707 1078/1667/1658 1079/1668/1659 1030/1717/1708
f 1030/1717/1708 1079/1668/1659 1080/1669/1660 1031/1718/1709
f 1031/1718/1709 1080/1669/1660 1081/1670/1661 1032/1719/1710
f 1032/1719/1710 1081/1670/1661 1082/41/41 1033/39/39
f 20/1720/1711 21/1671/1662 985/1672/1663 936/1721/1712
f 936/1721/1712 985/1672/1663 986/1673/1664 937/1722/1713
f 937/1722/1713 986/1673/1664 987/1674/1665 938/1723/1714
f 938/1723/1714 987/1674/1665 988/1675/1666 939/1724/1715
f 939/1724/1715 988/1675/1666 989/1676/1667 940/1725/1716
f 940/1725/1716 989/1676/1667 990/1677/1668 941/1726/1717
f 941/1726/1717 990/1677/1668 991/1678/1669 942/1727/1718
f 942/1727/1718 991/1678/1669 992/1679/1670 943/1728/1719
f 943/1728/1719 992/1679/1670 993/1680/1671 944/1729/1720
f 944/1729/1720 993/1680/1671 994/1681/1672 945/1730/1721
f 945/1730/1721 994/1681/1672 995/1682/1673 946/1731/1722
f 946/1731/1722 995/1682/1673 996/1683/1674 947/1732/1723
f 947/1732/1723 996/1683/1674 997/1684/1675 948/1733/1724
f 948/1733/1724 997/1684/1675 998/1685/1676 949/1734/1725
f 949/1734/1725 998/1685/1676 999/1686/1677 950/1735/1726
f 950/1735/1726 999/1686/1677 1000/1687/1678 951/1736/1727
f 951/1736/1727 1000/1687/1678 1001/1688/1679 952/1737/1728
f 952/1737/1728 1001/1688/1679 1002/1689/1680 953/1738/1729
f 953/1738/1729 1002/1689/1680 1003/1690/1681 954/1739/1730
f 954/1739/1730 1003/1690/1681 1004/1691/1682 955/1740/1731
f 955/1740/1731 1004/1691/1682 1005/1692/1683 956/1741/1732
f 956/1741/1732 1005/1692/1683 1006/1693/1684 957/1742/1733
f 957/1742/1733 1006/1693/1684 1007/1694/1685 958/1743/1734
f 958/1743/1734 1007/1694/1685 1008/1695/1686 959/1744/1735
f 959/1744/1735 1008/1695/1686 1009/1696/1687 960/1745/1736
f 960/1745/1736 1009/1696/1687 1010/1697/1688 961/1746/1737
f 961/1746/1737 1010/1697/1688 1011/1698/1689 962/1747/1738
f 962/1747/1738 1011/1698/1689 1012/1699/1690 963/1748/1739
f 963/1748/1739 1012/1699/1690 1013/1700/1691 964/1749/1740
f 964/1749/1740 1013/1700/1691 1014/1701/1692 965/1750/1741
f 965/1750/1741 1014/1701/1692 1015/1702/1693 966/1751/1742
f 966/1751/1742 1015/1702/1693 1016/1703/1694 967/1752/1743
f 967/1752/1743 1016/1703/1694 1017/1704/1695 968/1753/1744
f 968/1753/1744 1017/1704/1695 1018/1705/1696 969/1754/1745
f 969/1754/1745 1018/1705/1696 1019/1706/1697 970/1755/1746
f 970/1755/1746 1019/1706/1697 1020/1707/1698 971/1756/1747
f 971/1756/1747 1020/1707/1698 1021/1708/1699 972/1757/1748
f 972/1757/1748 1021/1708/1699 1022/1709/1700 973/1758/1749
f 973/1758/1749 1022/1709/1700 1023/1710/1701 974/1759/1750
f 974/1759/1750 1023/1710/1701 1024/1711/1702 975/1760/1751
f 975/1760/1751 1024/1711/1702 1025/1712/1703 976/1761/1752
f 976/1761/1752 1025/1712/1703 1026/1713/1704 977/1762/1753
f 977/1762/1753 1026/1713/1704 1027/1714/1705 978/1763/1754
f 978/1763/1754 1027/1714/1705 1028/1715/1706 979/1764/1755
f 979/1764/1755 1028/1715/1706 1029/1716/1707 980/1765/1756
f 980/1765/1756 1029/1716/1707 1030/1717/1708 981/1766/1757
f 981/1766/1757 1030/1717/1708 1031/1718/1709 982/1767/1758
f 982/1767/1758 1031/1718/1709 1032/1719/1710 983/1768/1759
f 983/1768/1759 1032/1719/1710 1033/39/39 984/37/37
f 19/1769/1760 20/1720/1711 936/1721/1712 887/1770/1761
f 887/1770/1761 936/1721/1712 937/1722/1713 888/1771/1762
f 888/1771/1762 937/1722/1713 938/1723/1714 889/1772/1763
f 889/1772/1763 938/1723/1714 939/1724/1715 890/1773/1764
f 890/1773/1764 939/1724/1715 940/1725/1716 891/1774/1765
f 891/1774/1765 940/1725/1716 941/1726/1717 892/1775/1766
f 892/1775/1766 941/1726/1717 942/1727/1718 893/1776/1767
f 893/1776/1767 942/1727/1718 943/1728/1719 894/1777/1768
f 894/1777/1768 943/1728/1719 944/1729/1720 895/1778/1769
f 895/1778/1769 944/1729/1720 945/1730/1721 896/1779/1770
f 896/1779/1770 945/1730/1721 946/1731/1722 897/1780/1771
f 897/1780/1771 946/1731/1722 947/1732/1723 898/1781/1772
f 898/1781/1772 947/1732/1723 948/1733/1724 899/1782/1773
f 899/1782/1773 948/1733/1724 949/1734/1725 900/1783/1774
f 900/1783/1774 949/1734/1725 950/1735/1726 901/1784/1775
f 901/1784/1775 950/1735/1726 951/1736/1727 902/1785/1776
f 902/1785/1776 951/1736/1727 952/1737/1728 903/1786/1777
f 903/1786/1777 952/1737/1728 953/1738/1729 904/1787/1778
f 904/1787/1778 953/1738/1729 954/1739/1730 905/1788/1779
f 905/1788/1779 954/1739/1730 955/1740/1731 906/1789/1780
f 906/1789/1780 955/1740/1731 956/1741/1732 907/1790/1781
f 907/1790/1781 956/1741/1732 957/1742/1733 908/1791/1782
f 908/1791/1782 957/1742/1733 958/1743/1734 909/1792/1783
f 909/1792/1783 958/1743/1734 959/1744/1735 910/1793/1784
f 910/1793/1784 959/1744/1735 960/1745/1736 911/1794/1785
f 911/1794/1785 960/1745/1736 961/1746/1737 912/1795/1786
f 912/1795/1786 961/1746/1737 962/1747/1738 913/1796/1787
f 913/1796/1787 962/1747/1738 963/1748/1739 914/1797/1788
f 914/1797/1788 963/1748/1739 964/1749/1740 915/1798/1789
f 915/1798/1789 964/1749/1740 965/1750/1741 916/1799/1790
f 916/1799/1790 965/1750/1741 966/1751/1742 917/1800/1791
f 917/1800/1791 966/1751/1742 967/1752/1743 918/1801/1792
f 918/1801/1792 967/1752/1743 968/1753/1744 919/1802/1793
f 919/1802/1793 968/1753/1744 969/1754/1745 920/1803/1794
f 920/1803/1794 969/1754/1745 970/1755/1746 921/1804/1795
f 921/1804/1795 970/1755/1746 971/1756/1747 922/1805/1796
f 922/1805/1796 971/1756/1747 972/1757/1748 923/1806/1797
f 923/1806/1797 972/1757/1748 973/1758/1749 924/1807/1798
f 924/1807/1798 973/1758/1749 974/1759/1750 925/1808/1799
f 925/1808/1799 974/1759/1750 975/1760/1751 926/1809/1800
f 926/1809/1800 975/1760/1751 976/1761/1752 927/1810/1801
f 927/1810/1801 976/1761/1752 977/1762/1753 928/1811/1802
f 928/1811/1802 977/1762/1753 978/1763/1754 929/1812/1803
f 929/1812/1803 978/1763/1754 979/1764/1755 930/1813/1804
f 930/1813/1804 979/1764/1755 980/1765/1756 931/1814/1805
f 931/1814/1805 980/1765/1756 981/1766/1757 932/1815/1806
f 932/1815/1806 981/1766/1757 982/1767/1758 933/1816/1807
f 933/1816/1807 982/1767/1758 983/1768/1759 934/1817/1808
f 934/1817/1808 983/1768/1759 984/37/37 935/35/35
f 18/1818/1809 19/1769/1760 887/1770/1761 838/1819/1810
f 838/1819/1810 887/1770/1761 888/1771/1762 839/1820/1811
f 839/1820/1811 888/1771/1762 889/1772/1763 840/1821/1812
f 840/1821/1812 889/1772/1763 890/1773/1764 841/1822/1813
f 841/1822/1813 890/1773/1764 891/1774/1765 842/1823/1814
f 842/1823/1814 891/1774/1765 892/1775/1766 843/1824/1815
f 843/1824/1815 892/1775/1766 893/1776/1767 844/1825/1816
f 844/1825/1816 893/1776/1767 894/1777/1768 845/1826/1817
f 845/1826/1817 894/1777/1768 895/1778/1769 846/1827/1818
f 846/1827/1818 895/1778/1769 896/1779/1770 847/1828/1819
f 847/1828/1819 896/1779/1770 897/1780/1771 848/1829/1820
f 848/1829/1820 897/1780/1771 898/1781/1772 849/1830/1821
f 849/1830/1821 898/1781/1772 899/1782/1773 850/1831/1822
f 850/1831/1822 899/1782/1773 900/1783/1774 851/1832/1823
f 851/1832/1823 900/1783/1774 901/1784/1775 852/1833/1824
f 852/1833/1824 901/1784/1775 902/1785/1776 853/1834/1825
f 853/1834/1825 902/1785/1776 903/1786/1777 854/1835/1826
f 854/1835/1826 903/1786/1777 904/1787/1778 855/1836/1827
f 855/1836/1827 904/1787/1778 905/1788/1779 856/1837/1828
f 856/1837/1828 905/1788/1779 906/1789/1780 857/1838/1829
f 857/1838/1829 906/1789/1780 907/1790/1781 858/1839/1830
f 858/1839/1830 907/1790/1781 908/1791/1782 859/1840/1831
f 859/1840/1831 908/1791/1782 909/1792/1783 860/1841/1832
f 860/1841/1832 909/1792/1783 910/1793/1784 861/1842/1833
f 861/1842/1833 910/1793/1784 911/1794/1785 862/1843/1834
f 862/1843/1834 911/1794/1785 912/1795/1786 863/1844/1835
f 863/1844/1835 912/1795/1786 913/1796/1787 864/1845/1836
f 864/1845/1836 913/1796/1787 914/1797/1788 865/1846/1837
f 865/1846/1837 914/1797/1788 915/1798/1789 866/1847/1838
f 866/1847/1838 915/1798/1789 916/1799/1790 867/1848/1839
f 867/1848/1839 916/1799/1790 917/1800/1791 868/1849/1840
f 868/1849/1840 917/1800/1791 918/1801/1792 869/1850/1841
f 869/1850/1841 918/1801/1792 919/1802/1793 870/1851/1842
f 870/1851/1842 919/1802/1793 920/1803/1794 871/1852/1843
f 871/1852/1843 920/1803/1794 921/1804/1795 872/1853/1844
f 872/1853/1844 921/1804/1795 922/1805/1796 873/1854/1845
f 873/1854/1845 922/1805/1796 923/1806/1797 874/1855/1846
f 874/1855/1846 923/1806/1797 924/1807/1798 875/1856/1847
f 875/1856/1847 924/1807/1798 925/1808/1799 876/1857/1848
f 876/1857/1848 925/1808/1799 926/1809/1800 877/1858/1849
f 877/1858/1849 926/1809/1800 927/1810/1801 878/1859/1850
f 878/1859/1850 927/1810/1801 928/1811/1802 879/1860/1851
f 879/1860/1851 928/1811/1802 929/1812/1803 880/1861/1852
f 880/1861/1852 929/1812/1803 930/1813/1804 881/1862/1853
f 881/1862/1853 930/1813/1804 931/1814/1805 882/1863/1854
f 882/1863/1854 931/1814/1805 932/1815/1806 883/1864/1855
f 883/1864/1855 932/1815/1806 933/1816/1807 884/1865/1856
f 884/1865/1856 933/1816/1807 934/1817/1808 885/1866/1857
f 885/1866/1857 934/1817/1808 935/35/35 886/33/33
f 17/1867/1858 18/1818/1809 838/1819/1810 789/1868/1859
f 789/1868/1859 838/1819/1810 839/1820/1811 790/1869/1860
f 790/1869/1860 839/1820/1811 840/1821/1812 791/1870/1861
f 791/1870/1861 840/1821/1812 841/1822/1813 792/1871/1862
f 792/1871/1862 841/1822/1813 842/1823/1814 793/1872/1863
f 793/1872/1863 842/1823/1814 843/1824/1815 794/1873/1864
f 794/1873/1864 843/1824/1815 844/1825/1816 795/1874/1865
f 795/1874/1865 844/1825/1816 845/1826/1817 796/1875/1866
f 796/1875/1866 845/1826/1817 846/1827/1818 797/1876/1867
f 797/1876/1867 846/1827/1818 847/1828/1819 798/1877/1868
f 798/1877/1868 847/1828/1819 848/1829/1820 799/1878/1869
f 799/1878/1869 848/1829/1820 849/1830/1821 800/1879/1870
f 800/1879/1870 849/1830/1821 850/1831/1822 801/1880/1871
f 801/1880/1871 850/1831/1822 851/1832/1823 802/1881/1872
f 802/1881/1872 851/1832/1823 852/1833/1824 803/1882/1873
f 803/1882/1873 852/1833/1824 853/1834/1825 804/1883/1874
f 804/1883/1874 853/1834/1825 854/1835/1826 805/1884/1875
f 805/1884/1875 854/1835/1826 855/1836/1827 806/1885/1876
f 806/1885/1876 855/1836/1827 856/1837/1828 807/1886/1877
f 807/1886/1877 856/1837/1828 857/1838/1829 808/1887/1878
f 808/1887/1878 857/1838/1829 858/1839/1830 809/1888/1879
f 809/1888/1879 858/1839/1830 859/1840/1831 810/1889/1880
f 810/1889/1880 859/1840/1831 860/1841/1832 811/1890/1881
f 811/1890/1881 860/1841/1832 861/1842/1833 812/1891/1882
f 812/1891/1882 861/1842/1833 862/1843/1834 813/1892/1883
f 813/1892/1883 862/1843/1834 863/1844/1835 814/1893/1884
f 814/1893/1884 863/1844/1835 864/1845/1836 815/1894/1885
f 815/1894/1885 864/1845/1836 865/1846/1837 816/1895/1886
f 816/1895/1886 865/1846/1837 866/1847/1838 817/1896/1887
f 817/1896/1887 866/1847/1838 867/1848/1839 818/1897/1888
f 818/1897/1888 867/1848/1839 868/1849/1840 819/1898/1889
f 819/1898/1889 868/1849/1840 869/1850/1841 820/1899/1890
f 820/1899/1890 869/1850/1841 870/1851/1842 821/1900/1891
f 821/1900/1891 870/1851/1842 871/1852/1843 822/1901/1892
f 822/1901/1892 871/1852/1843 872/1853/1844 823/1902/1893
f 823/1902/1893 872/1853/1844 873/1854/1845 824/1903/1894
f 824/1903/1894 873/1854/1845 874/1855/1846 825/1904/1895
f 825/1904/1895 874/1855/1846 875/1856/1847 826/1905/1896
f 826/1905/1896 875/1856/1847 876/1857/1848 827/1906/1897
f 827/1906/1897 876/1857/1848 877/1858/1849 828/1907/1898
f 828/1907/1898 877/1858/1849 878/1859/1850 829/1908/1899
f 829/1908/1899 878/1859/1850 879/1860/1851 830/1909/1900
f 830/1909/1900 879/1860/1851 880/1861/1852 831/1910/1901
f 831/1910/1901 880/1861/1852 881/1862/1853 832/1911/1902
f 832/1911/1902 881/1862/1853 882/1863/1854 833/1912/1903
f 833/1912/1903 882/1863/1854 883/1864/1855 834/1913/1904
f 834/1913/1904 883/1864/1855 884/1865/1856 835/1914/1905
f 835/1914/1905 884/1865/1856 885/1866/1857 836/1915/1906
f 836/1915/1906 885/1866/1857 886/33/33 837/31/31
f 16/1916/1907 17/1867/1858 789/1868/1859 740/1917/1908
f 740/1917/1908 789/1868/1859 790/1869/1860 741/1918/1909
f 741/1918/1909 790/1869/1860 791/1870/1861 742/1919/1910
f 742/1919/1910 791/1870/1861 792/1871/1862 743/1920/1911
f 743/1920/1911 792/1871/1862 793/1872/1863 744/1921/1912
f 744/1921/1912 793/1872/1863 794/1873/1864 745/1922/1913
f 745/1922/1913 794/1873/1864 795/1874/1865 746/1923/1914
f 746/1923/1914 795/1874/1865 796/1875/1866 747/1924/1915
f 747/1924/1915 796/1875/1866 797/1876/1867 748/1925/1916
f 748/1925/1916 797/1876/1867 798/1877/1868 749/1926/1917
f 749/1926/1917 798/1877/1868 799/1878/1869 750/1927/1918
f 750/1927/1918 799/1878/1869 800/1879/1870 751/1928/1919
f 751/1928/1919 800/1879/1870 801/1880/1871 752/1929/1920
f 752/1929/1920 801/1880/1871 802/1881/1872 753/1930/1921
f 753/1930/1921 802/1881/1872 803/1882/1873 754/1931/1922
f 754/1931/1922 803/1882/1873 804/1883/1874 755/1932/1923
f 755/1932/1923 804/1883/1874 805/1884/1875 756/1933/1924
f 756/1933/1924 805/1884/1875 806/1885/1876 757/1934/1925
f 757/1934/1925 806/1885/1876 807/1886/1877 758/1935/1926
f 758/1935/1926 807/1886/1877 808/1887/1878 759/1936/1927
f 759/1936/1927 808/1887/1878 809/1888/1879 760/1937/1928
f 760/1937/1928 809/1888/1879 810/1889/1880 761/1938/1929
f 761/1938/1929 810/1889/1880 811/1890/1881 762/1939/1930
f 762/1939/1930 811/1890/1881 812/1891/1882 763/1940/1931
f 763/1940/1931 812/1891/1882 813/1892/1883 764/1941/1932
f 764/1941/1932 813/1892/1883 814/1893/1884 765/1942/1933
f 765/1942/1933 814/1893/1884 815/1894/1885 766/1943/1934
f 766/1943/1934 815/1894/1885 816/1895/1886 767/1944/1935
f 767/1944/1935 816/1895/1886 817/1896/1887 768/1945/1936
f 768/1945/1936 817/1896/1887 818/1897/1888 769/1946/1937
f 769/1946/1937 818/1897/1888 819/1898/1889 770/1947/1938
f 770/1947/1938 819/1898/1889 820/1899/1890 771/1948/1939
f 771/1948/1939 820/1899/1890 821/1900/1891 772/1949/1940
f 772/1949/1940 821/1900/1891 822/1901/1892 773/1950/1941
f 773/1950/1941 822/1901/1892 823/1902/1893 774/1951/1942
f 774/1951/1942 823/1902/1893 824/1903/1894 775/1952/1943
f 775/1952/1943 824/1903/1894 825/1904/1895 776/1953/1944
f 776/1953/1944 825/1904/1895 826/1905/1896 777/1954/1945
f 777/1954/1945 826/1905/1896 827/1906/1897 778/1955/1946
f 778/1955/1946 827/1906/1897 828/1907/1898 779/1956/1947
f 779/1956/1947 828/1907/1898 829/1908/1899 780/1957/1948
f 780/1957/1948 829/1908/1899 830/1909/1900 781/1958/1949
f 781/1958/1949 830/1909/1900 831/1910/1901 782/1959/1950
f 782/1959/1950 831/1910/1901 832/1911/1902 783/1960/1951
f 783/1960/1951 832/1911/1902 833/1912/1903 784/1961/1952
f 784/1961/1952 833/1912/1903 834/1913/1904 785/1962/1953
f 785/1962/1953 834/1913/1904 835/1914/1905 786/1963/1954
f 786/1963/1954 835/1914/1905 836/1915/1906 787/1964/1955
f 787/1964/1955 836/1915/1906 837/31/31 788/29/29
f 15/1965/1956 16/1916/1907 740/1917/1908 691/1966/1957
f 691/1966/1957 740/1917/1908 741/1918/1909 692/1967/1958
f 692/1967/1958 741/1918/1909 742/1919/1910 693/1968/1959
f 693/1968/1959 742/1919/1910 743/1920/1911 694/1969/1960
f 694/1969/1960 743/1920/1911 744/1921/1912 695/1970/1961
f 695/1970/1961 744/1921/1912 745/1922/1913 696/1971/1962
f 696/1971/1962 745/1922/1913 746/1923/1914 697/1972/1963
f 697/1972/1963 746/1923/1914 747/1924/1915 698/1973/1964
f 698/1973/1964 747/1924/1915 748/1925/1916 699/1974/1965
f 699/1974/1965 748/1925/1916 749/1926/1917 700/1975/1966
f 700/1975/1966 749/1926/1917 750/1927/1918 701/1976/1967
f 701/1976/1967 750/1927/1918 751/1928/1919 702/1977/1968
f 702/1977/1968 751/1928/1919 752/1929/1920 703/1978/1969
f 703/1978/1969 752/1929/1920 753/1930/1921 704/1979/1970
f 704/1979/1970 753/1930/1921 754/1931/1922 705/1980/1971
f 705/1980/1971 754/1931/1922 755/1932/1923 706/1981/1972
f 706/1981/1972 755/1932/1923 756/1933/1924 707/1982/1973
f 707/1982/1973 756/1933/1924 757/1934/1925 708/1983/1974
f 708/1983/1974 757/1934/1925 758/1935/1926 709/1984/1975
f 709/1984/1975 758/1935/1926 759/1936/1927 710/1985/1976
f 710/1985/1976 759/1936/1927 760/1937/1928 711/1986/1977
f 711/1986/1977 760/1937/1928 761/1938/1929 712/1987/1978
f 712/1987/1978 761/1938/1929 762/1939/1930 713/1988/1979
f 713/1988/1979 762/1939/1930 763/1940/1931 714/1989/1980
f 714/1989/1980 763/1940/1931 764/1941/1932 715/1990/1981
f 715/1990/1981 764/1941/1932 765/1942/1933 716/1991/1982
f 716/1991/1982 765/1942/1933 766/1943/1934 717/1992/1983
f 717/1992/1983 766/1943/1934 767/1944/1935 718/1993/1984
f 718/1993/1984 767/1944/1935 768/1945/1936 719/1994/1985
f 719/1994/1985 768/1945/1936 769/1946/1937 720/1995/1986
f 720/1995/1986 769/1946/1937 770/1947/1938 721/1996/1987
f 721/1996/1987 770/1947/1938 771/1948/1939 722/1997/1988
f 722/1997/1988 771/1948/1939 772/1949/1940 723/1998/1989
f 723/1998/1989 772/1949/1940 773/1950/1941 724/1999/1990
f 724/1999/1990 773/1950/1941 774/1951/1942 725/2000/1991
f 725/2000/1991 774/1951/1942 775/1952/1943 726/2001/1992
f 726/2001/1992 775/1952/1943 776/1953/1944 727/2002/1993
f 727/2002/1993 776/1953/1944 777/1954/1945 728/2003/1994
f 728/2003/1994 777/1954/1945 778/1955/1946 729/2004/1995
f 729/2004/1995 778/1955/1946 779/1956/1947 730/2005/1996
f 730/2005/1996 779/1956/1947 780/1957/1948 731/2006/1997
f 731/2006/1997 780/1957/1948 781/1958/1949 732/2007/1998
f 732/2007/1998 781/1958/1949 782/1959/1950 733/2008/1999
f 733/2008/1999 782/1959/1950 783/1960/1951 734/2009/2000
f 734/2009/2000 783/1960/1951 784/1961/1952 735/2010/2001
f 735/2010/2001 784/1961/1952 785/1962/1953 736/2011/2002
f 736/2011/2002 785/1962/1953 786/1963/1954 737/2012/2003
f 737/2012/2003 786/1963/1954 787/1964/1955 738/2013/2004
f 738/2013/2004 787/1964/1955 788/29/29 739/27/27
f 14/2014/2005 15/1965/1956 691/1966/1957 642/2015/2006
f 642/2015/2006 691/1966/1957 692/1967/1958 643/2016/2007
f 643/2016/2007 692/1967/1958 693/1968/1959 644/2017/2008
f 644/2017/2008 693/1968/1959 694/1969/1960 645/2018/2009
f 645/2018/2009 694/1969/1960 695/1970/1961 646/2019/2010
f 646/2019/2010 695/1970/1961 696/1971/1962 647/2020/2011
f 647/2020/2011 696/1971/1962 697/1972/1963 648/2021/2012
f 648/2021/2012 697/1972/1963 698/1973/1964 649/2022/2013
f 649/2022/2013 698/1973/1964 699/1974/1965 650/2023/2014
f 650/2023/2014 699/1974/1965 700/1975/1966 651/2024/2015
f 651/2024/2015 700/1975/1966 701/1976/1967 652/2025/2016
f 652/2025/2016 701/1976/1967 702/1977/1968 653/2026/2017
f 653/2026/2017 702/1977/1968 703/1978/1969 654/2027/2018
f 654/2027/2018 703/1978/1969 704/1979/1970 655/2028/2019
f 655/2028/2019 704/1979/1970 705/1980/1971 656/2029/2020
f 656/2029/2020 705/1980/1971 706/1981/1972 657/2030/2021
f 657/2030/2021 706/1981/1972 707/1982/1973 658/2031/2022
f 658/2031/2022 707/1982/1973 708/1983/1974 659/2032/2023
f 659/2032/2023 708/1983/1974 709/1984/1975 660/2033/2024
f 660/2033/2024 709/1984/1975 710/1985/1976 661/2034/2025
f 661/2034/2025 710/1985/1976 711/1986/1977 662/2035/2026
f 662/2035/2026 711/1986/1977 712/1987/1978 663/2036/2027
f 663/2036/2027 712/1987/1978 713/1988/1979 664/2037/2028
f 664/2037/2028 713/1988/1979 714/1989/1980 665/2038/2029
f 665/2038/2029 714/1989/1980 715/1990/1981 666/2039/2030
f 666/2039/2030 715/1990/1981 716/1991/1982 667/2040/2031
f 667/2040/2031 716/1991/1982 717/1992/1983 668/2041/2032
f 668/2041/2032 717/1992/1983 718/1993/1984 669/2042/2033
f 669/2042/2033 718/1993/1984 719/1994/1985 670/2043/2034
f 670/2043/2034 719/1994/1985 720/1995/1986 671/2044/2035
f 671/2044/2035 720/1995/1986 721/1996/1987 672/2045/2036
f 672/2045/2036 721/1996/1987 722/1997/1988 673/2046/2037
f 673/2046/2037 722/1997/1988 723/1998/1989 674/2047/2038
f 674/2047/2038 723/1998/1989 724/1999/1990 675/2048/2039
f 675/2048/2039 724/1999/1990 725/2000/1991 676/2049/2040
f 676/2049/2040 725/2000/1991 726/2001/1992 677/2050/2041
f 677/2050/2041 726/2001/1992 727/2002/1993 678/2051/2042
f 678/2051/2042 727/2002/1993 728/2003/1994 679/2052/2043
f 679/2052/2043 728/2003/1994 729/2004/1995 680/2053/2044
f 680/2053/2044 729/2004/1995 730/2005/1996 681/2054/2045
f 681/2054/2045 730/2005/1996 731/2006/1997 682/2055/2046
f 682/2055/2046 731/2006/1997 732/2007/1998 683/2056/2047
f 683/2056/2047 732/2007/1998 733/2008/1999 684/2057/2048
f 684/2057/2048 733/2008/1999 734/2009/2000 685/2058/2049
f 685/2058/2049 734/2009/2000 735/2010/2001 686/2059/2050
f 686/2059/2050 735/2010/2001 736/2011/2002 687/2060/2051
f 687/2060/2051 736/2011/2002 737/2012/2003 688/2061/2052
f 688/2061/2052 737/2012/2003 738/2013/2004 689/2062/2053
f 689/2062/2053 738/2013/2004 739/27/27 690/25/25
f 13/2063/2054 14/2014/2005 642/2015/2006 593/2064/2055
f 593/2064/2055 642/2015/2006 643/2016/2007 594/2065/2056
f 594/2065/2056 643/2016/2007 644/2017/2008 595/2066/2057
f 595/2066/2057 644/2017/2008 645/2018/2009 596/2067/2058
f 596/2067/2058 645/2018/2009 646/2019/2010 597/2068/2059
f 597/2068/2059 646/2019/2010 647/2020/2011 598/2069/2060
f 598/2069/2060 647/2020/2011 648/2021/2012 599/2070/2061
f 599/2070/2061 648/2021/2012 649/2022/2013 600/2071/2062
f 600/2071/2062 649/2022/2013 650/2023/2014 601/2072/2063
f 601/2072/2063 650/2023/2014 651/2024/2015 602/2073/2064
f 602/2073/2064 651/2024/2015 652/2025/2016 603/2074/2065
f 603/2074/2065 652/2025/2016 653/2026/2017 604/2075/2066
f 604/2075/2066 653/2026/2017 654/2027/2018 605/2076/2067
f 605/2076/2067 654/2027/2018 655/2028/2019 606/2077/2068
f 606/2077/2068 655/2028/2019 656/2029/2020 607/2078/2069
f 607/2078/2069 656/2029/2020 657/2030/2021 608/2079/2070
f 608/2079/2070 657/2030/2021 658/2031/2022 609/2080/2071
f 609/2080/2071 658/2031/2022 659/2032/2023 610/2081/2072
f 610/2081/2072 659/2032/2023 660/2033/2024 611/2082/2073
f 611/2082/2073 660/2033/2024 661/2034/2025 612/2083/2074
f 612/2083/2074 661/2034/2025 662/2035/2026 613/2084/2075
f 613/2084/2075 662/2035/2026 663/2036/2027 614/2085/2076
f 614/2085/2076 663/2036/2027 664/2037/2028 615/2086/2077
f 615/2086/2077 664/2037/2028 665/2038/2029 616/2087/2078
f 616/2087/2078 665/2038/2029 666/2039/2030 617/2088/2079
f 617/2088/2079 666/2039/2030 667/2040/2031 618/2089/2080
f 618/2089/2080 667/2040/2031 668/2041/2032 619/2090/2081
f 619/2090/2081 668/2041/2032 669/2042/2033 620/2091/2082
f 620/2091/2082 669/2042/2033 670/2043/2034 621/2092/2083
f 621/2092/2083 670/2043/2034 671/2044/2035 622/2093/2084
f 622/2093/2084 671/2044/2035 672/2045/2036 623/2094/2085
f 623/2094/2085 672/2045/2036 673/2046/2037 624/2095/2086
f 624/2095/2086 673/2046/2037 674/2047/2038 625/2096/2087
f 625/2096/2087 674/2047/2038 675/2048/2039 626/2097/2088
f 626/2097/2088 675/2048/2039 676/2049/2040 627/2098/2089
f 627/2098/2089 676/2049/2040 677/2050/2041 628/2099/2090
f 628/2099/2090 677/2050/2041 678/2051/2042 629/2100/2091
f 629/2100/2091 678/2051/2042 679/2052/2043 630/2101/2092
f 630/2101/2092 679/2052/2043 680/2053/2044 631/2102/2093
f 631/2102/2093 680/2053/2044 681/2054/2045 632/2103/2094
f 632/2103/2094 681/2054/2045 682/2055/2046 633/2104/2095
f 633/2104/2095 682/2055/2046 683/2056/2047 634/2105/2096
f 634/2105/2096 683/2056/2047 684/2057/2048 635/2106/2097
f 635/2106/2097 684/2057/2048 685/2058/2049 636/2107/2098
f 636/2107/2098 685/2058/2049 686/2059/2050 637/2108/2099
f 637/2108/2099 686/2059/2050 687/2060/2051 638/2109/2100
f 638/2109/2100 687/2060/2051 688/2061/2052 639/2110/2101
f 639/2110/2101 688/2061/2052 689/2062/2053 640/2111/2102
f 640/2111/2102 689/2062/2053 690/25/25 641/23/23
f 12/2112/2103 13/2063/2054 593/2064/2055 544/2113/2104
f 544/2113/2104 593/2064/2055 594/2065/2056 545/2114/2105
f 545/2114/2105 594/2065/2056 595/2066/2057 546/2115/2106
f 546/2115/2106 595/2066/2057 596/2067/2058 547/2116/2107
f 547/2116/2107 596/2067/2058 597/2068/2059 548/2117/2108
f 548/2117/2108 597/2068/2059 598/2069/2060 549/2118/2109
f 549/2118/2109 598/2069/2060 599/2070/2061 550/2119/2110
f 550/2119/2110 599/2070/2061 600/2071/2062 551/2120/2111
f 551/2120/2111 600/2071/2062 601/2072/2063 552/2121/2112
f 552/2121/2112 601/2072/2063 602/2073/2064 553/2122/2113
f 553/2122/2113 602/2073/2064 603/2074/2065 554/2123/2114
f 554/2123/2114 603/2074/2065 604/2075/2066 555/2124/2115
f 555/2124/2115 604/2075/2066 605/2076/2067 556/2125/2116
f 556/2125/2116 605/2076/2067 606/2077/2068 557/2126/2117
f 557/2126/2117 606/2077/2068 607/2078/2069 558/2127/2118
f 558/2127/2118 607/2078/2069 608/2079/2070 559/2128/2119
f 559/2128/2119 608/2079/2070 609/2080/2071 560/2129/2120
f 560/2129/2120 609/2080/2071 610/2081/2072 561/2130/2121
f 561/2130/2121 610/2081/2072 611/2082/2073 562/2131/2122
f 562/2131/2122 611/2082/2073 612/2083/2074 563/2132/2123
f 563/2132/2123 612/2083/2074 613/2084/2075 564/2133/2124
f 564/2133/2124 613/2084/2075 614/2085/2076 565/2134/2125
f 565/2134/2125 614/2085/2076 615/2086/2077 566/2135/2126
f 566/2135/2126 615/2086/2077 616/2087/2078 567/2136/2127
f 567/2136/2127 616/2087/2078 617/2088/2079 568/2137/2128
f 568/2137/2128 617/2088/2079 618/2089/2080 569/2138/2129
f 569/2138/2129 618/2089/2080 619/2090/2081 570/2139/2130
f 570/2139/2130 619/2090/2081 620/2091/2082 571/2140/2131
f 571/2140/2131 620/2091/2082 621/2092/2083 572/2141/2132
f 572/2141/2132 621/2092/2083 622/2093/2084 573/2142/2133
f 573/2142/2133 622/2093/2084 623/2094/2085 574/2143/2134
f 574/2143/2134 623/2094/2085 624/2095/2086 575/2144/2135
f 575/2144/2135 624/2095/2086 625/2096/2087 576/2145/2136
f 576/2145/2136 625/2096/2087 626/2097/2088 577/2146/2137
f 577/2146/2137 626/2097/2088 627/2098/2089 578/2147/2138
f 578/2147/2138 627/2098/2089 628/2099/2090 579/2148/2139
f 579/2148/2139 628/2099/2090 629/2100/2091 580/2149/2140
f 580/2149/2140 629/2100/2091 630/2101/2092 581/2150/2141
f 581/2150/2141 630/2101/2092 631/2102/2093 582/2151/2142
f 582/2151/2142 631/2102/2093 632/2103/2094 583/2152/2143
f 583/2152/2143 632/2103/2094 633/2104/2095 584/2153/2144
f 584/2153/2144 633/2104/2095 634/2105/2096 585/2154/2145
f 585/2154/2145 634/2105/2096 635/2106/2097 586/2155/2146
f 586/2155/2146 635/2106/2097 636/2107/2098 587/2156/2147
f 587/2156/2147 636/2107/2098 637/2108/2099 588/2157/2148
f 588/2157/2148 637/2108/2099 638/2109/2100 589/2158/2149
f 589/2158/2149 638/2109/2100 639/2110/2101 590/2159/2150
f 590/2159/2150 639/2110/2101 640/2111/2102 591/2160/2151
f 591/2160/2151 640/2111/2102 641/23/23 592/21/21
f 11/2161/2152 12/2112/2103 544/2113/2104 495/2162/2153
f 495/2162/2153 544/2113/2104 545/2114/2105 496/2163/2154
f 496/2163/2154 545/2114/2105 546/2115/2106 497/2164/2155
f 497/2164/2155 546/2115/2106 547/2116/2107 498/2165/2156
f 498/2165/2156 547/2116/2107 548/2117/2108 499/2166/2157
f 499/2166/2157 548/2117/2108 549/2118/2109 500/2167/2158
f 500/2167/2158 549/2118/2109 550/2119/2110 501/2168/2159
f 501/2168/2159 550/2119/2110 551/2120/2111 502/2169/2160
f 502/2169/2160 551/2120/2111 552/2121/2112 503/2170/2161
f 503/2170/2161 552/2121/2112 553/2122/2113 504/2171/2162
f 504/2171/2162 553/2122/2113 554/2123/2114 505/2172/2163
f 505/2172/2163 554/2123/2114 555/2124/2115 506/2173/2164
f 506/2173/2164 555/2124/2115 556/2125/2116 507/2174/2165
f 507/2174/2165 556/2125/2116 557/2126/2117 508/2175/2166
f 508/2175/2166 557/2126/2117 558/2127/2118 509/2176/2167
f 509/2176/2167 558/2127/2118 559/2128/2119 510/2177/2168
f 510/2177/2168 559/2128/2119 560/2129/2120 511/2178/2169
f 511/2178/2169 560/2129/2120 561/2130/2121 512/2179/2170
f 512/2179/2170 561/2130/2121 562/2131/2122 513/2180/2171
f 513/2180/2171 562/2131/2122 563/2132/2123 514/2181/2172
f 514/2181/2172 563/2132/2123 564/2133/2124 515/2182/2173
f 515/2182/2173 564/2133/2124 565/2134/2125 516/2183/2174
f 516/2183/2174 565/2134/2125 566/2135/2126 517/2184/2175
f 517/2184/2175 566/2135/2126 567/2136/2127 518/2185/2176
f 518/2185/2176 567/2136/2127 568/2137/2128 519/2186/2177
f 519/2186/2177 568/2137/2128 569/2138/2129 520/2187/2178
f 520/2187/2178 569/2138/2129 570/2139/2130 521/2188/2179
f 521/2188/2179 570/2139/2130 571/2140/2131 522/2189/2180
f 522/2189/2180 571/2140/2131 572/2141/2132 523/2190/2181
f 523/2190/2181 572/2141/2132 573/2142/2133 524/2191/2182
f 524/2191/2182 573/2142/2133 574/2143/2134 525/2192/2183
f 525/2192/2183 574/2143/2134 575/2144/2135 526/2193/2184
f 526/2193/2184 575/2144/2135 576/2145/2136 527/2194/2185
f 527/2194/2185 576/2145/2136 577/2146/2137 528/2195/2186
f 528/2195/2186 577/2146/2137 578/2147/2138 529/2196/2187
f 529/2196/2187 578/2147/2138 579/2148/2139 530/2197/2188
f 530/2197/2188 579/2148/2139 580/2149/2140 531/2198/2189
f 531/2198/2189 580/2149/2140 581/2150/2141 532/2199/2190
f 532/2199/2190 581/2150/2141 582/2151/2142 533/2200/2191
f 533/2200/2191 582/2151/2142 583/2152/2143 534/2201/2192
f 534/2201/2192 583/2152/2143 584/2153/2144 535/2202/2193
f 535/2202/2193 584/2153/2144 585/2154/2145 536/2203/2194
f 536/2203/2194 585/2154/2145 586/2155/2146 537/2204/2195
f 537/2204/2195 586/2155/2146 587/2156/2147 538/2205/2196
f 538/2205/2196 587/2156/2147 588/2157/2148 539/2206/2197
f 539/2206/2197 588/2157/2148 589/2158/2149 540/2207/2198
f 540/2207/2198 589/2158/2149 590/2159/2150 541/2208/2199
f 541/2208/2199 590/2159/2150 591/2160/2151 542/2209/2200
f 542/2209/2200 591/2160/2151 592/21/21 543/19/19
f 10/2210/2201 11/2161/2152 495/2162/2153 446/2211/2202
f 446/2211/2202 495/2162/2153 496/2163/2154 447/2212/2203
f 447/2212/2203 496/2163/2154 497/2164/2155 448/2213/2204
f 448/2213/2204 497/2164/2155 498/2165/2156 449/2214/2205
f 449/2214/2205 498/2165/2156 499/2166/2157 450/2215/2206
f 450/2215/2206 499/2166/2157 500/2167/2158 451/2216/2207
f 451/2216/2207 500/2167/2158 501/2168/2159 452/2217/2208
f 452/2217/2208 501/2168/2159 502/2169/2160 453/2218/2209
f 453/2218/2209 502/2169/2160 503/2170/2161 454/2219/2210
f 454/2219/2210 503/2170/2161 504/2171/2162 455/2220/2211
f 455/2220/2211 504/2171/2162 505/2172/2163 456/2221/2212
f 456/2221/2212 505/2172/2163 506/2173/2164 457/2222/2213
f 457/2222/2213 506/2173/2164 507/2174/2165 458/2223/2214
f 458/2223/2214 507/2174/2165 508/2175/2166 459/2224/2215
f 459/2224/2215 508/2175/2166 509/2176/2167 460/2225/2216
f 460/2225/2216 509/2176/2167 510/2177/2168 461/2226/2217
f 461/2226/2217 510/2177/2168 511/2178/2169 462/2227/2218
f 462/2227/2218 511/2178/2169 512/2179/2170 463/2228/2219
f 463/2228/2219 512/2179/2170 513/2180/2171 464/2229/2220
f 464/2229/2220 513/2180/2171 514/2181/2172 465/2230/2221
f 465/2230/2221 514/2181/2172 515/2182/2173 466/2231/2222
f 466/2231/2222 515/2182/2173 516/2183/2174 467/2232/2223
f 467/2232/2223 516/2183/2174 517/2184/2175 468/2233/2224
f 468/2233/2224 517/2184/2175 518/2185/2176 469/2234/2225
f 469/2234/2225 518/2185/2176 519/2186/2177 470/2235/2226
f 470/2235/2226 519/2186/2177 520/2187/2178 471/2236/2227
f 471/2236/2227 520/2187/2178 521/2188/2179 472/2237/2228
f 472/2237/2228 521/2188/2179 522/2189/2180 473/2238/2229
f 473/2238/2229 522/2189/2180 523/2190/2181 474/2239/2230
f 474/2239/2230 523/2190/2181 524/2191/2182 475/2240/2231
f 475/2240/2231 524/2191/2182 525/2192/2183 476/2241/2232
f 476/2241/2232 525/2192/2183 526/2193/2184 477/2242/2233
f 477/2242/2233 526/2193/2184 527/2194/2185 478/2243/2234
f 478/2243/2234 527/2194/2185 528/2195/2186 479/2244/2235
f 479/2244/2235 528/2195/2186 529/2196/2187 480/2245/2236
f 480/2245/2236 529/2196/2187 530/2197/2188 481/2246/2237
f 481/2246/2237 530/2197/2188 531/2198/2189 482/2247/2238
f 482/2247/2238 531/2198/2189 532/2199/2190 483/2248/2239
f 483/2248/2239 532/2199/2190 533/2200/2191 484/2249/2240
f 484/2249/2240 533/2200/2191 534/2201/2192 485/2250/2241
f 485/2250/2241 534/2201/2192 535/2202/2193 486/2251/2242
f 486/2251/2242 535/2202/2193 536/2203/2194 487/2252/2243
f 487/2252/2243 536/2203/2194 537/2204/2195 488/2253/2244
f 488/2253/2244 537/2204/2195 538/2205/2196 489/2254/2245
f 489/2254/2245 538/2205/2196 539/2206/2197 490/2255/2246
f 490/2255/2246 539/2206/2197 540/2207/2198 491/2256/2247
f 491/2256/2247 540/2207/2198 541/2208/2199 492/2257/2248
f 492/2257/2248 541/2208/2199 542/2209/2200 493/2258/2249
f 493/2258/2249 542/2209/2200 543/19/19 494/17/17
f 9/2259/2250 10/2210/2201 446/2211/2202 397/2260/2251
f 397/2260/2251 446/2211/2202 447/2212/2203 398/2261/2252
f 398/2261/2252 447/2212/2203 448/2213/2204 399/2262/2253
f 399/2262/2253 448/2213/2204 449/2214/2205 400/2263/2254
f 400/2263/2254 449/2214/2205 450/2215/2206 401/2264/2255
f 401/2264/2255 450/2215/2206 451/2216/2207 402/2265/2256
f 402/2265/2256 451/2216/2207 452/2217/2208 403/2266/2257
f 403/2266/2257 452/2217/2208 453/2218/2209 404/2267/2258
f 404/2267/2258 453/2218/2209 454/2219/2210 405/2268/2259
f 405/2268/2259 454/2219/2210 455/2220/2211 406/2269/2260
f 406/2269/2260 455/2220/2211 456/2221/2212 407/2270/2261
f 407/2270/2261 456/2221/2212 457/2222/2213 408/2271/2262
f 408/2271/2262 457/2222/2213 458/2223/2214 409/2272/2263
f 409/2272/2263 458/2223/2214 459/2224/2215 410/2273/2264
f 410/2273/2264 459/2224/2215 460/2225/2216 411/2274/2265
f 411/2274/2265 460/2225/2216 461/2226/2217 412/2275/2266
f 412/2275/2266 461/2226/2217 462/2227/2218 413/2276/2267
f 413/2276/2267 462/2227/2218 463/2228/2219 414/2277/2268
f 414/2277/2268 463/2228/2219 464/2229/2220 415/2278/2269
f 415/2278/2269 464/2229/2220 465/2230/2221 416/2279/2270
f 416/2279/2270 465/2230/2221 466/2231/2222 417/2280/2271
f 417/2280/2271 466/2231/2222 467/2232/2223 418/2281/2272
f 418/2281/2272 467/2232/2223 468/2233/2224 419/2282/2273
f 419/2282/2273 468/2233/2224 469/2234/2225 420/2283/2274
f 420/2283/2274 469/2234/2225 470/2235/2226 421/2284/2275
f 421/2284/2275 470/2235/2226 471/2236/2227 422/2285/2276
f 422/2285/2276 471/2236/2227 472/2237/2228 423/2286/2277
f 423/2286/2277 472/2237/2228 473/2238/2229 424/2287/2278
f 424/2287/2278 473/2238/2229 474/2239/2230 425/2288/2279
f 425/2288/2279 474/2239/2230 475/2240/2231 426/2289/2280
f 426/2289/2280 475/2240/2231 476/2241/2232 427/2290/2281
f 427/2290/2281 476/2241/2232 477/2242/2233 428/2291/2282
f 428/2291/2282 477/2242/2233 478/2243/2234 429/2292/2283
f 429/2292/2283 478/2243/2234 479/2244/2235 430/2293/2284
f 430/2293/2284 479/2244/2235 480/2245/2236 431/2294/2285
f 431/2294/2285 480/2245/2236 481/2246/2237 432/2295/2286
f 432/2295/2286 481/2246/2237 482/2247/2238 433/2296/2287
f 433/2296/2287 482/2247/2238 483/2248/2239 434/2297/2288
f 434/2297/2288 483/2248/2239 484/2249/2240 435/2298/2289
f 435/2298/2289 484/2249/2240 485/2250/2241 436/2299/2290
f 436/2299/2290 485/2250/2241 486/2251/2242 437/2300/2291
f 437/2300/2291 486/2251/2242 487/2252/2243 438/2301/2292
f 438/2301/2292 487/2252/2243 488/2253/2244 439/2302/2293
f 439/2302/2293 488/2253/2244 489/2254/2245 440/2303/2294
f 440/2303/2294 489/2254/2245 490/2255/2246 441/2304/2295
f 441/2304/2295 490/2255/2246 491/2256/2247 442/2305/2296
f 442/2305/2296 491/2256/2247 492/2257/2248 443/2306/2297
f 443/2306/2297 492/2257/2248 493/2258/2249 444/2307/2298
f 444/2307/2298 493/2258/2249 494/17/17 445/15/15
f 8/2308/2299 9/2259/2250 397/2260/2251 348/2309/2300
f 348/2309/2300 397/2260/2251 398/2261/2252 349/2310/2301
f 349/2310/2301 398/2261/2252 399/2262/2253 350/2311/2302
f 350/2311/2302 399/2262/2253 400/2263/2254 351/2312/2303
f 351/2312/2303 400/2263/2254 401/2264/2255 352/2313/2304
f 352/2313/2304 401/2264/2255 402/2265/2256 353/2314/2305
f 353/2314/2305 402/2265/2256 403/2266/2257 354/2315/2306
f 354/2315/2306 403/2266/2257 404/2267/2258 355/2316/2307
f 355/2316/2307 404/2267/2258 405/2268/2259 356/2317/2308
f 356/2317/2308 405/2268/2259 406/2269/2260 357/2318/2309
f 357/2318/2309 406/2269/2260 407/2270/2261 358/2319/2310
f 358/2319/2310 407/2270/2261 408/2271/2262 359/2320/2311
f 359/2320/2311 408/2271/2262 409/2272/2263 360/2321/2312
f 360/2321/2312 409/2272/2263 410/2273/2264 361/2322/2313
f 361/2322/2313 410/2273/2264 411/2274/2265 362/2323/2314
f 362/2323/2314 411/2274/2265 412/2275/2266 363/2324/2315
f 363/2324/2315 412/2275/2266 413/2276/2267 364/2325/2316
f 364/2325/2316 413/2276/2267 414/2277/2268 365/2326/2317
f 365/2326/2317 414/2277/2268 415/2278/2269 366/2327/2318
f 366/2327/2318 415/2278/2269 416/2279/2270 367/2328/2319
f 367/2328/2319 416/2279/2270 417/2280/2271 368/2329/2320
f 368/2329/2320 417/2280/2271 418/2281/2272 369/2330/2321
f 369/2330/2321 418/2281/2272 419/2282/2273 370/2331/2322
f 370/2331/2322 419/2282/2273 420/2283/2274 371/2332/2323
f 371/2332/2323 420/2283/2274 421/2284/2275 372/2333/2324
f 372/2333/2324 421/2284/2275 422/2285/2276 373/2334/2325
f 373/2334/2325 422/2285/2276 423/2286/2277 374/2335/2326
f 374/2335/2326 423/2286/2277 424/2287/2278 375/2336/2327
f 375/2336/2327 424/2287/2278 425/2288/2279 376/2337/2328
f 376/2337/2328 425/2288/2279 426/2289/2280 377/2338/2329
f 377/2338/2329 426/2289/2280 427/2290/2281 378/2339/2330
f 378/2339/2330 427/2290/2281 428/2291/2282 379/2340/2331
f 379/2340/2331 428/2291/2282 429/2292/2283 380/2341/2332
f 380/2341/2332 429/2292/2283 430/2293/2284 381/2342/2333
f 381/2342/2333 430/2293/2284 431/2294/2285 382/2343/2334
f 382/2343/2334 431/2294/2285 432/2295/2286 383/2344/2335
f 383/2344/2335 432/2295/2286 433/2296/2287 384/2345/2336
f 384/2345/2336 433/2296/2287 434/2297/2288 385/2346/2337
f 385/2346/2337 434/2297/2288 435/2298/2289 386/2347/2338
f 386/2347/2338 435/2298/2289 436/2299/2290 387/2348/2339
f 387/2348/2339 436/2299/2290 437/2300/2291 388/2349/2340
f 388/2349/2340 437/2300/2291 438/2301/2292 389/2350/2341
f 389/2350/2341 438/2301/2292 439/2302/2293 390/2351/2342
f 390/2351/2342 439/2302/2293 440/2303/2294 391/2352/2343
f 391/2352/2343 440/2303/2294 441/2304/2295 392/2353/2344
f 392/2353/2344 441/2304/2295 442/2305/2296 393/2354/2345
f 393/2354/2345 442/2305/2296 443/2306/2297 394/2355/2346
f 394/2355/2346 443/2306/2297 444/2307/2298 395/2356/2347
f 395/2356/2347 444/2307/2298 445/15/15 396/13/13
f 7/2357/2348 8/2308/2299 348/2309/2300 299/2358/2349
f 299/2358/2349 348/2309/2300 349/2310/2301 300/2359/2350
f 300/2359/2350 349/2310/2301 350/2311/2302 301/2360/2351
f 301/2360/2351 350/2311/2302 351/2312/2303 302/2361/75
f 302/2361/75 351/2312/2303 352/2313/2304 303/2362/2352
f 303/2362/2352 352/2313/2304 353/2314/2305 304/2363/2353
f 304/2363/2353 353/2314/2305 354/2315/2306 305/2364/2354
f 305/2364/2354 354/2315/2306 355/2316/2307 306/2365/2355
f 306/2365/2355 355/2316/2307 356/2317/2308 307/2366/2356
f 307/2366/2356 356/2317/2308 357/2318/2309 308/2367/2357
f 308/2367/2357 357/2318/2309 358/2319/2310 309/2368/2358
f 309/2368/2358 358/2319/2310 359/2320/2311 310/2369/2359
f 310/2369/2359 359/2320/2311 360/2321/2312 311/2370/2360
f 311/2370/2360 360/2321/2312 361/2322/2313 312/2371/2361
f 312/2371/2361 361/2322/2313 362/2323/2314 313/2372/2362
f 313/2372/2362 362/2323/2314 363/2324/2315 314/2373/2363
f 314/2373/2363 363/2324/2315 364/2325/2316 315/2374/2364
f 315/2374/2364 364/2325/2316 365/2326/2317 316/2375/2365
f 316/2375/2365 365/2326/2317 366/2327/2318 317/2376/2366
f 317/2376/2366 366/2327/2318 367/2328/2319 318/2377/2367
f 318/2377/2367 367/2328/2319 368/2329/2320 319/2378/2368
f 319/2378/2368 368/2329/2320 369/2330/2321 320/2379/2369
f 320/2379/2369 369/2330/2321 370/2331/2322 321/2380/2370
f 321/2380/2370 370/2331/2322 371/2332/2323 322/2381/2371
f 322/2381/2371 371/2332/2323 372/2333/2324 323/2382/2372
f 323/2382/2372 372/2333/2324 373/2334/2325 324/2383/75
f 324/2383/75 373/2334/2325 374/2335/2326 325/2384/2373
f 325/2384/2373 374/2335/2326 375/2336/2327 326/2385/2374
f 326/2385/2374 375/2336/2327 376/2337/2328 327/2386/2375
f 327/2386/2375 376/2337/2328 377/2338/2329 328/2387/2376
f 328/2387/2376 377/2338/2329 378/2339/2330 329/2388/2377
f 329/2388/2377 378/2339/2330 379/2340/2331 330/2389/2378
f 330/2389/2378 379/2340/2331 380/2341/2332 331/2390/2379
f 331/2390/2379 380/2341/2332 381/2342/2333 332/2391/2380
f 332/2391/2380 381/2342/2333 382/2343/2334 333/2392/2381
f 333/2392/2381 382/2343/2334 383/2344/2335 334/2393/2382
f 334/2393/2382 383/2344/2335 384/2345/2336 335/2394/2383
f 335/2394/2383 384/2345/2336 385/2346/2337 336/2395/2384
f 336/2395/2384 385/2346/2337 386/2347/2338 337/2396/2385
f 337/2396/2385 386/2347/2338 387/2348/2339 338/2397/2386
f 338/2397/2386 387/2348/2339 388/2349/2340 339/2398/2387
f 339/2398/2387 388/2349/2340 389/2350/2341 340/2399/2388
f 340/2399/2388 389/2350/2341 390/2351/2342 341/2400/2389
f 341/2400/2389 390/2351/2342 391/2352/2343 342/2401/2390
f 342/2401/2390 391/2352/2343 392/2353/2344 343/2402/2391
f 343/2402/2391 392/2353/2344 393/2354/2345 344/2403/2392
f 344/2403/2392 393/2354/2345 394/2355/2346 345/2404/2393
f 345/2404/2393 394/2355/2346 395/2356/2347 346/2405/2394
f 346/2405/2394 395/2356/2347 396/13/13 347/11/11
f 6/2406/2395 7/2357/2348 299/2358/2349 250/2407/2396
f 250/2407/2396 299/2358/2349 300/2359/2350 251/2408/2397
f 251/2408/2397 300/2359/2350 301/2360/2351 252/2409/2398
f 252/2409/2398 301/2360/2351 302/2361/75 253/2410/2399
f 253/2410/2399 302/2361/75 303/2362/2352 254/2411/2400
f 254/2411/2400 303/2362/2352 304/2363/2353 255/2412/2401
f 255/2412/2401 304/2363/2353 305/2364/2354 256/2413/2402
f 256/2413/2402 305/2364/2354 306/2365/2355 257/2414/2403
f 257/2414/2403 306/2365/2355 307/2366/2356 258/2415/2404
f 258/2415/2404 307/2366/2356 308/2367/2357 259/2416/2405
f 259/2416/2405 308/2367/2357 309/2368/2358 260/2417/2406
f 260/2417/2406 309/2368/2358 310/2369/2359 261/2418/2407
f 261/2418/2407 310/2369/2359 311/2370/2360 262/2419/2408
f 262/2419/2408 311/2370/2360 312/2371/2361 263/2420/2409
f 263/2420/2409 312/2371/2361 313/2372/2362 264/2421/2410
f 264/2421/2410 313/2372/2362 314/2373/2363 265/2422/2411
f 265/2422/2411 314/2373/2363 315/2374/2364 266/2423/2412
f 266/2423/2412 315/2374/2364 316/2375/2365 267/2424/2413
f 267/2424/2413 316/2375/2365 317/2376/2366 268/2425/2414
f 268/2425/2414 317/2376/2366 318/2377/2367 269/2426/2415
f 269/2426/2415 318/2377/2367 319/2378/2368 270/2427/2416
f 270/2427/2416 319/2378/2368 320/2379/2369 271/2428/2417
f 271/2428/2417 320/2379/2369 321/2380/2370 272/2429/2418
f 272/2429/2418 321/2380/2370 322/2381/2371 273/2430/2419
f 273/2430/2419 322/2381/2371 323/2382/2372 274/2431/2420
f 274/2431/2420 323/2382/2372 324/2383/75 275/2432/2421
f 275/2432/2421 324/2383/75 325/2384/2373 276/2433/2422
f 276/2433/2422 325/2384/2373 326/2385/2374 277/2434/2423
f 277/2434/2423 326/2385/2374 327/2386/2375 278/2435/2424
f 278/2435/2424 327/2386/2375 328/2387/2376 279/2436/2425
f 279/2436/2425 328/2387/2376 329/2388/2377 280/2437/2426
f 280/2437/2426 329/2388/2377 330/2389/2378 281/2438/2427
f 281/2438/2427 330/2389/2378 331/2390/2379 282/2439/2428
f 282/2439/2428 331/2390/2379 332/2391/2380 283/2440/2429
f 283/2440/2429 332/2391/2380 333/2392/2381 284/2441/2430
f 284/2441/2430 333/2392/2381 334/2393/2382 285/2442/2431
f 285/2442/2431 334/2393/2382 335/2394/2383 286/2443/2432
f 286/2443/2432 335/2394/2383 336/2395/2384 287/2444/2433
f 287/2444/2433 336/2395/2384 337/2396/2385 288/2445/2434
f 288/2445/2434 337/2396/2385 338/2397/2386 289/2446/2435
f 289/2446/2435 338/2397/2386 339/2398/2387 290/2447/2436
f 290/2447/2436 339/2398/2387 340/2399/2388 291/2448/2437
f 291/2448/2437 340/2399/2388 341/2400/2389 292/2449/2438
f 292/2449/2438 341/2400/2389 342/2401/2390 293/2450/2439
f 293/2450/2439 342/2401/2390 343/2402/2391 294/2451/2440
f 294/2451/2440 343/2402/2391 344/2403/2392 295/2452/2441
f 295/2452/2441 344/2403/2392 345/2404/2393 296/2453/2442
f 296/2453/2442 345/2404/2393 346/2405/2394 297/2454/2443
f 297/2454/2443 346/2405/2394 347/11/11 298/9/9
f 5/2455/2444 6/2406/2395 250/2407/2396 201/2456/2445
f 201/2456/2445 250/2407/2396 251/2408/2397 202/2457/2446
f 202/2457/2446 251/2408/2397 252/2409/2398 203/2458/2447
f 203/2458/2447 252/2409/2398 253/2410/2399 204/2459/2448
f 204/2459/2448 253/2410/2399 254/2411/2400 205/2460/2449
f 205/2460/2449 254/2411/2400 255/2412/2401 206/2461/2450
f 206/2461/2450 255/2412/2401 256/2413/2402 207/2462/2451
f 207/2462/2451 256/2413/2402 257/2414/2403 208/2463/2452
f 208/2463/2452 257/2414/2403 258/2415/2404 209/2464/2453
f 209/2464/2453 258/2415/2404 259/2416/2405 210/2465/2454
f 210/2465/2454 259/2416/2405 260/2417/2406 211/2466/2455
f 211/2466/2455 260/2417/2406 261/2418/2407 212/2467/2456
f 212/2467/2456 261/2418/2407 262/2419/2408 213/2468/2457
f 213/2468/2457 262/2419/2408 263/2420/2409 214/2469/2458
f 214/2469/2458 263/2420/2409 264/2421/2410 215/2470/2459
f 215/2470/2459 264/2421/2410 265/2422/2411 216/2471/2460
f 216/2471/2460 265/2422/2411 266/2423/2412 217/2472/2461
f 217/2472/2461 266/2423/2412 267/2424/2413 218/2473/2462
f 218/2473/2462 267/2424/2413 268/2425/2414 219/2474/2463
f 219/2474/2463 268/2425/2414 269/2426/2415 220/2475/2464
f 220/2475/2464 269/2426/2415 270/2427/2416 221/2476/2465
f 221/2476/2465 270/2427/2416 271/2428/2417 222/2477/2466
f 222/2477/2466 271/2428/2417 272/2429/2418 223/2478/2467
f 223/2478/2467 272/2429/2418 273/2430/2419 224/2479/2468
f 224/2479/2468 273/2430/2419 274/2431/2420 225/2480/2469
f 225/2480/2469 274/2431/2420 275/2432/2421 226/2481/2470
f 226/2481/2470 275/2432/2421 276/2433/2422 227/2482/2471
f 227/2482/2471 276/2433/2422 277/2434/2423 228/2483/2472
f 228/2483/2472 277/2434/2423 278/2435/2424 229/2484/2473
f 229/2484/2473 278/2435/2424 279/2436/2425 230/2485/2474
f 230/2485/2474 279/2436/2425 280/2437/2426 231/2486/2475
f 231/2486/2475 280/2437/2426 281/2438/2427 232/2487/2476
f 232/2487/2476 281/2438/2427 282/2439/2428 233/2488/2477
f 233/2488/2477 282/2439/2428 283/2440/2429 234/2489/2478
f 234/2489/2478 283/2440/2429 284/2441/2430 235/2490/2479
f 235/2490/2479 284/2441/2430 285/2442/2431 236/2491/2480
f 236/2491/2480 285/2442/2431 286/2443/2432 237/2492/2481
f 237/2492/2481 286/2443/2432 287/2444/2433 238/2493/2482
f 238/2493/2482 287/2444/2433 288/2445/2434 239/2494/2483
f 239/2494/2483 288/2445/2434 289/2446/2435 240/2495/2484
f 240/2495/2484 289/2446/2435 290/2447/2436 241/2496/2485
f 241/2496/2485 290/2447/2436 291/2448/2437 242/2497/2486
f 242/2497/2486 291/2448/2437 292/2449/2438 243/2498/2487
f 243/2498/2487 292/2449/2438 293/2450/2439 244/2499/2488
f 244/2499/2488 293/2450/2439 294/2451/2440 245/2500/2489
f 245/2500/2489 294/2451/2440 295/2452/2441 246/2501/2490
f 246/2501/2490 295/2452/2441 296/2453/2442 247/2502/2491
f 247/2502/2491 296/2453/2442 297/2454/2443 248/2503/2492
f 248/2503/2492 297/2454/2443 298/9/9 249/6/6
f 1/2504/2493 5/2455/2444 201/2456/2445 151/2505/2494
f 151/2505/2494 201/2456/2445 202/2457/2446 150/2506/2495
f 150/2506/2495 202/2457/2446 203/2458/2447 149/2507/2496
f 149/2507/2496 203/2458/2447 204/2459/2448 148/2508/2497
f 148/2508/2497 204/2459/2448 205/2460/2449 147/2509/2498
f 147/2509/2498 205/2460/2449 206/2461/2450 146/2510/2499
f 146/2510/2499 206/2461/2450 207/2462/2451 145/2511/2500
f 145/2511/2500 207/2462/2451 208/2463/2452 144/2512/2501
f 144/2512/2501 208/2463/2452 209/2464/2453 143/2513/2502
f 143/2513/2502 209/2464/2453 210/2465/2454 142/2514/2503
f 142/2514/2503 210/2465/2454 211/2466/2455 141/2515/2504
f 141/2515/2504 211/2466/2455 212/2467/2456 140/2516/2505
f 140/2516/2505 212/2467/2456 213/2468/2457 139/2517/2506
f 139/2517/2506 213/2468/2457 214/2469/2458 138/2518/2507
f 138/2518/2507 214/2469/2458 215/2470/2459 137/2519/2508
f 137/2519/2508 215/2470/2459 216/2471/2460 136/2520/2509
f 136/2520/2509 216/2471/2460 217/2472/2461 135/2521/2510
f 135/2521/2510 217/2472/2461 218/2473/2462 134/2522/2511
f 134/2522/2511 218/2473/2462 219/2474/2463 133/2523/2512
f 133/2523/2512 219/2474/2463 220/2475/2464 132/2524/2513
f 132/2524/2513 220/2475/2464 221/2476/2465 131/2525/2514
f 131/2525/2514 221/2476/2465 222/2477/2466 130/2526/2515
f 130/2526/2515 222/2477/2466 223/2478/2467 129/2527/2516
f 129/2527/2516 223/2478/2467 224/2479/2468 128/2528/2517
f 128/2528/2517 224/2479/2468 225/2480/2469 127/2529/2518
f 127/2529/2518 225/2480/2469 226/2481/2470 126/2530/2519
f 126/2530/2519 226/2481/2470 227/2482/2471 125/2531/2520
f 125/2531/2520 227/2482/2471 228/2483/2472 124/2532/2521
f 124/2532/2521 228/2483/2472 229/2484/2473 123/2533/2522
f 123/2533/2522 229/2484/2473 230/2485/2474 122/2534/2523
f 122/2534/2523 230/2485/2474 231/2486/2475 121/2535/2524
f 121/2535/2524 231/2486/2475 232/2487/2476 120/2536/2525
f 120/2536/2525 232/2487/2476 233/2488/2477 119/2537/2526
f 119/2537/2526 233/2488/2477 234/2489/2478 118/2538/2527
f 118/2538/2527 234/2489/2478 235/2490/2479 117/2539/2528
f 117/2539/2528 235/2490/2479 236/2491/2480 116/2540/2529
f 116/2540/2529 236/2491/2480 237/2492/2481 115/2541/2530
f 115/2541/2530 237/2492/2481 238/2493/2482 114/2542/2531
f 114/2542/2531 238/2493/2482 239/2494/2483 113/2543/2532
f 113/2543/2532 239/2494/2483 240/2495/2484 112/2544/2533
f 112/2544/2533 240/2495/2484 241/2496/2485 111/2545/2534
f 111/2545/2534 241/2496/2485 242/2497/2486 110/2546/2535
f 110/2546/2535 242/2497/2486 243/2498/2487 109/2547/2536
f 109/2547/2536 243/2498/2487 244/2499/2488 108/2548/2537
f 108/2548/2537 244/2499/2488 245/2500/2489 107/2549/2538
f 107/2549/2538 245/2500/2489 246/2501/2490 106/2550/2539
f 106/2550/2539 246/2501/2490 247/2502/2491 105/2551/2540
f 105/2551/2540 247/2502/2491 248/2503/2492 104/2552/2541
f 104/2552/2541 248/2503/2492 249/6/6 103/5/5
f 53/104/97 2/2553/2542 152/2554/2543 2553/105/98
f 2553/105/98 152/2554/2543 153/2555/2544 2554/107/100
f 2554/107/100 153/2555/2544 154/2556/2545 2555/109/102
f 2555/109/102 154/2556/2545 155/2557/2546 2556/111/104
f 2556/111/104 155/2557/2546 156/2558/2547 2557/113/106
f 2557/113/106 156/2558/2547 157/2559/2548 2558/115/108
f 2558/115/108 157/2559/2548 158/2560/2549 2559/117/110
f 2559/117/110 158/2560/2549 159/2561/2550 2560/119/112
f 2560/119/112 159/2561/2550 160/2562/2551 2561/121/114
f 2561/121/114 160/2562/2551 161/2563/2552 2562/123/116
f 2562/123/116 161/2563/2552 162/2564/2553 2563/125/118
f 2563/125/118 162/2564/2553 163/2565/2554 2564/127/120
f 2564/127/120 163/2565/2554 164/2566/2555 2565/129/122
f 2565/129/122 164/2566/2555 165/2567/2556 2566/131/124
f 2566/131/124 165/2567/2556 166/2568/2557 2567/133/126
f 2567/133/126 166/2568/2557 167/2569/2558 2568/135/128
f 2568/135/128 167/2569/2558 168/2570/2559 2569/137/130
f 2569/137/130 168/2570/2559 169/2571/2560 2570/139/132
f 2570/139/132 169/2571/2560 170/2572/2561 2571/141/134
f 2571/141/134 170/2572/2561 171/2573/2562 2572/143/136
f 2572/143/136 171/2573/2562 172/2574/2563 2573/145/138
f 2573/145/138 172/2574/2563 173/2575/2564 2574/147/140
f 2574/147/140 173/2575/2564 174/2576/2565 2575/149/142
f 2575/149/142 174/2576/2565 175/2577/2566 2576/151/144
f 2576/151/144 175/2577/2566 176/2578/2567 2577/153/146
f 2577/153/146 176/2578/2567 177/2579/2568 2578/155/148
f 2578/155/148 177/2579/2568 178/2580/2569 2579/157/150
f 2579/157/150 178/2580/2569 179/2581/2570 2580/159/152
f 2580/159/152 179/2581/2570 180/2582/2571 2581/161/154
f 2581/161/154 180/2582/2571 181/2583/2572 2582/163/156
f 2582/163/156 181/2583/2572 182/2584/2573 2583/165/158
f 2583/165/158 182/2584/2573 183/2585/2574 2584/167/160
f 2584/167/160 183/2585/2574 184/2586/2575 2585/169/162
f 2585/169/162 184/2586/2575 185/2587/2576 2586/171/164
f 2586/171/164 185/2587/2576 186/2588/2577 2587/173/166
f 2587/173/166 186/2588/2577 187/2589/2578 2588/175/168
f 2588/175/168 187/2589/2578 188/2590/2579 2589/177/170
f 2589/177/170 188/2590/2579 189/2591/2580 2590/179/172
f 2590/179/172 189/2591/2580 190/2592/2581 2591/181/174
f 2591/181/174 190/2592/2581 191/2593/2582 2592/183/176
f 2592/183/176 191/2593/2582 192/2594/2583 2593/185/178
f 2593/185/178 192/2594/2583 193/2595/2584 2594/187/180
f 2594/187/180 193/2595/2584 194/2596/2585 2595/189/182
f 2595/189/182 194/2596/2585 195/2597/2586 2596/191/184
f 2596/191/184 195/2597/2586 196/2598/2587 2597/193/186
f 2597/193/186 196/2598/2587 197/2599/2588 2598/195/188
f 2598/195/188 197/2599/2588 198/2600/2589 2599/197/190
f 2599/197/190 198/2600/2589 199/2601/2590 2600/199/75
f 2600/199/75 199/2601/2590 200/2/2 2601/1/1
